rang,rang_precedent,evolution,joueur,pays_code,pays,points,epreuve,epreuve_libelle,categorie_age,ittf_id,annee,semaine,date_publication
1,1,0,WANG Chuqin,CHN,China,10677,MS,Messieurs simple,SEN,121558,2026,22,05/25/2026 00:00:00
2,3,-1,Tomokazu HARIMOTO,JPN,Japan,6333,MS,Messieurs simple,SEN,123980,2026,22,05/25/2026 00:00:00
3,2,1,Truls MOREGARD,SWE,Sweden,6255,MS,Messieurs simple,SEN,122044,2026,22,05/25/2026 00:00:00
4,4,0,Felix LEBRUN,FRA,France,5699,MS,Messieurs simple,SEN,135977,2026,22,05/25/2026 00:00:00
5,5,0,LIN Shidong,CHN,China,5182,MS,Messieurs simple,SEN,137237,2026,22,05/25/2026 00:00:00
6,8,-2,Sora MATSUSHIMA,JPN,Japan,4598,MS,Messieurs simple,SEN,135996,2026,22,05/25/2026 00:00:00
7,7,0,LIN Yun-Ju,TPE,Chinese Taipei,4580,MS,Messieurs simple,SEN,121582,2026,22,05/25/2026 00:00:00
8,6,2,Hugo CALDERANO,BRA,Brazil,4210,MS,Messieurs simple,SEN,115641,2026,22,05/25/2026 00:00:00
9,9,0,JANG Woojin,KOR,Korea Republic,2796,MS,Messieurs simple,SEN,114936,2026,22,05/25/2026 00:00:00
10,10,0,Dang QIU,GER,Germany,2793,MS,Messieurs simple,SEN,114715,2026,22,05/25/2026 00:00:00
11,11,0,WEN Ruibo,CHN,China,2625,MS,Messieurs simple,SEN,203067,2026,22,05/25/2026 00:00:00
12,12,0,Alexis LEBRUN,FRA,France,2607,MS,Messieurs simple,SEN,132992,2026,22,05/25/2026 00:00:00
13,13,0,Benedikt DUDA,GER,Germany,2427,MS,Messieurs simple,SEN,116620,2026,22,05/25/2026 00:00:00
14,17,-3,Anders LIND,DEN,Denmark,2227,MS,Messieurs simple,SEN,115029,2026,22,05/25/2026 00:00:00
15,14,1,Darko JORGIC,SLO,Slovenia,2205,MS,Messieurs simple,SEN,118927,2026,22,05/25/2026 00:00:00
16,18,-2,XIANG Peng,CHN,China,1895,MS,Messieurs simple,SEN,135888,2026,22,05/25/2026 00:00:00
17,15,2,Shunsuke TOGAMI,JPN,Japan,1838,MS,Messieurs simple,SEN,133694,2026,22,05/25/2026 00:00:00
18,19,-1,Patrick FRANZISKA,GER,Germany,1800,MS,Messieurs simple,SEN,102832,2026,22,05/25/2026 00:00:00
19,20,-1,Flavien COTON,FRA,France,1749,MS,Messieurs simple,SEN,144528,2026,22,05/25/2026 00:00:00
20,21,-1,Simon GAUZY,FRA,France,1660,MS,Messieurs simple,SEN,112062,2026,22,05/25/2026 00:00:00
21,23,-2,ZHOU Qihao,CHN,China,1630,MS,Messieurs simple,SEN,119533,2026,22,05/25/2026 00:00:00
22,24,-2,Dimitrij OVTCHAROV,GER,Germany,1535,MS,Messieurs simple,SEN,107028,2026,22,05/25/2026 00:00:00
23,25,-2,CHEN Yuanyu,CHN,China,1505,MS,Messieurs simple,SEN,135050,2026,22,05/25/2026 00:00:00
24,26,-2,Thibault PORET,FRA,France,1495,MS,Messieurs simple,SEN,134718,2026,22,05/25/2026 00:00:00
25,22,3,AN Jaehyun,KOR,Korea Republic,1448,MS,Messieurs simple,SEN,121514,2026,22,05/25/2026 00:00:00
26,16,10,LIANG Jingkun,CHN,China,1384,MS,Messieurs simple,SEN,119588,2026,22,05/25/2026 00:00:00
27,30,-3,OH Junsung,KOR,Korea Republic,1367,MS,Messieurs simple,SEN,135367,2026,22,05/25/2026 00:00:00
28,28,0,Tomislav PUCAR,CRO,Croatia,1254,MS,Messieurs simple,SEN,116532,2026,22,05/25/2026 00:00:00
29,29,0,Yukiya UDA,JPN,Japan,1245,MS,Messieurs simple,SEN,122777,2026,22,05/25/2026 00:00:00
30,27,3,Kanak JHA,USA,USA,1240,MS,Messieurs simple,SEN,116021,2026,22,05/25/2026 00:00:00
31,31,0,Omar ASSAR,EGY,Egypt,1009,MS,Messieurs simple,SEN,100696,2026,22,05/25/2026 00:00:00
32,33,-1,Hiroto SHINOZUKA,JPN,Japan,945,MS,Messieurs simple,SEN,134442,2026,22,05/25/2026 00:00:00
33,34,-1,Nicholas LUM,AUS,Australia,888,MS,Messieurs simple,SEN,134800,2026,22,05/25/2026 00:00:00
34,32,2,Anton KALLBERG,SWE,Sweden,863,MS,Messieurs simple,SEN,116853,2026,22,05/25/2026 00:00:00
35,37,-2,Manav THAKKAR,IND,India,851,MS,Messieurs simple,SEN,123682,2026,22,05/25/2026 00:00:00
36,35,1,Vladimir SIDORENKO,RUS,Russia,795,MS,Messieurs simple,SEN,124576,2026,22,05/25/2026 00:00:00
37,51,-14,Joao GERALDO,POR,Portugal,782,MS,Messieurs simple,SEN,115396,2026,22,05/25/2026 00:00:00
38,38,0,Jonathan GROTH,DEN,Denmark,778,MS,Messieurs simple,SEN,112409,2026,22,05/25/2026 00:00:00
39,39,0,CHEN Junsong,CHN,China,775,MS,Messieurs simple,SEN,204288,2026,22,05/25/2026 00:00:00
40,61,-21,LIM Jonghoon,KOR,Korea Republic,752,MS,Messieurs simple,SEN,117357,2026,22,05/25/2026 00:00:00
41,58,-17,Manush SHAH,IND,India,741,MS,Messieurs simple,SEN,131879,2026,22,05/25/2026 00:00:00
42,43,-1,Yuta TANAKA,JPN,Japan,725,MS,Messieurs simple,SEN,131375,2026,22,05/25/2026 00:00:00
43,55,-12,FENG Yi-Hsin,TPE,Chinese Taipei,725,MS,Messieurs simple,SEN,122727,2026,22,05/25/2026 00:00:00
44,36,8,Kirill GERASSIMENKO,KAZ,Kazakhstan,718,MS,Messieurs simple,SEN,117890,2026,22,05/25/2026 00:00:00
45,59,-14,Lilian BARDET,FRA,France,710,MS,Messieurs simple,SEN,122002,2026,22,05/25/2026 00:00:00
46,45,1,Lubomir JANCARIK,CZE,Czechia,706,MS,Messieurs simple,SEN,104036,2026,22,05/25/2026 00:00:00
47,46,1,Finn LUU,AUS,Australia,703,MS,Messieurs simple,SEN,131798,2026,22,05/25/2026 00:00:00
48,41,7,Eduard IONESCU,ROU,Romania,686,MS,Messieurs simple,SEN,135023,2026,22,05/25/2026 00:00:00
49,40,9,Maharu YOSHIMURA,JPN,Japan,683,MS,Messieurs simple,SEN,117113,2026,22,05/25/2026 00:00:00
50,48,2,Sathiyan GNANASEKARAN,IND,India,678,MS,Messieurs simple,SEN,103126,2026,22,05/25/2026 00:00:00
51,49,2,Joe SEYFRIED,FRA,France,675,MS,Messieurs simple,SEN,117002,2026,22,05/25/2026 00:00:00
52,44,8,Kristian KARLSSON,SWE,Sweden,660,MS,Messieurs simple,SEN,104379,2026,22,05/25/2026 00:00:00
53,50,3,KUO Guan-Hong,TPE,Chinese Taipei,643,MS,Messieurs simple,SEN,200044,2026,22,05/25/2026 00:00:00
54,47,7,WONG Chun Ting,HKG,"Hong Kong, China",637,MS,Messieurs simple,SEN,112620,2026,22,05/25/2026 00:00:00
55,53,2,Milosz REDZIMSKI,POL,Poland,628,MS,Messieurs simple,SEN,135019,2026,22,05/25/2026 00:00:00
56,54,2,PARK Ganghyeon,KOR,Korea Republic,625,MS,Messieurs simple,SEN,116820,2026,22,05/25/2026 00:00:00
57,57,0,Youssef ABDELAZIZ,EGY,Egypt,601,MS,Messieurs simple,SEN,116723,2026,22,05/25/2026 00:00:00
58,64,-6,Leo DE NODREST,FRA,France,600,MS,Messieurs simple,SEN,123305,2026,22,05/25/2026 00:00:00
59,60,-1,HUANG Youzheng,CHN,China,585,MS,Messieurs simple,SEN,137238,2026,22,05/25/2026 00:00:00
60,42,18,Tom JARVIS,ENG,England,578,MS,Messieurs simple,SEN,121684,2026,22,05/25/2026 00:00:00
61,63,-2,Andrej GACINA,CRO,Croatia,578,MS,Messieurs simple,SEN,102891,2026,22,05/25/2026 00:00:00
62,52,10,Adrien RASSENFOSSE,BEL,Belgium,574,MS,Messieurs simple,SEN,123659,2026,22,05/25/2026 00:00:00
63,66,-3,Elias RANEFUR,SWE,Sweden,562,MS,Messieurs simple,SEN,114410,2026,22,05/25/2026 00:00:00
64,74,-10,Wim VERDONSCHOT,GER,Germany,560,MS,Messieurs simple,SEN,201466,2026,22,05/25/2026 00:00:00
65,65,0,Alvaro ROBLES,ESP,Spain,555,MS,Messieurs simple,SEN,111050,2026,22,05/25/2026 00:00:00
66,62,4,Aditya SAREEN,AUS,Australia,553,MS,Messieurs simple,SEN,201504,2026,22,05/25/2026 00:00:00
67,67,0,Ryoichi YOSHIYAMA,JPN,Japan,540,MS,Messieurs simple,SEN,136757,2026,22,05/25/2026 00:00:00
68,68,0,Kazuki HAMADA,JPN,Japan,536,MS,Messieurs simple,SEN,134583,2026,22,05/25/2026 00:00:00
69,71,-2,Kazuhiro YOSHIMURA,JPN,Japan,530,MS,Messieurs simple,SEN,123962,2026,22,05/25/2026 00:00:00
70,70,0,CHAN Baldwin,HKG,"Hong Kong, China",530,MS,Messieurs simple,SEN,133867,2026,22,05/25/2026 00:00:00
71,73,-2,Andre BERTELSMEIER,GER,Germany,490,MS,Messieurs simple,SEN,145799,2026,22,05/25/2026 00:00:00
72,75,-3,Csaba ANDRAS,HUN,Hungary,478,MS,Messieurs simple,SEN,123019,2026,22,05/25/2026 00:00:00
73,72,1,Ricardo WALTHER,GER,Germany,470,MS,Messieurs simple,SEN,109946,2026,22,05/25/2026 00:00:00
74,76,-2,Vladislav URSU,MDA,Moldova,468,MS,Messieurs simple,SEN,122320,2026,22,05/25/2026 00:00:00
75,77,-2,Mehdi BOULOUSSA,ALG,Algeria,465,MS,Messieurs simple,SEN,113679,2026,22,05/25/2026 00:00:00
76,56,20,Quadri ARUNA,NGR,Nigeria,463,MS,Messieurs simple,SEN,112092,2026,22,05/25/2026 00:00:00
77,69,8,CHO Daeseong,KOR,Korea Republic,455,MS,Messieurs simple,SEN,123971,2026,22,05/25/2026 00:00:00
78,81,-3,CHANG Yu-An,TPE,Chinese Taipei,419,MS,Messieurs simple,SEN,135924,2026,22,05/25/2026 00:00:00
79,78,1,Marcos FREITAS,POR,Portugal,412,MS,Messieurs simple,SEN,102841,2026,22,05/25/2026 00:00:00
80,89,-9,Jules ROLLAND,FRA,France,410,MS,Messieurs simple,SEN,123300,2026,22,05/25/2026 00:00:00
81,79,2,Horacio CIFUENTES,ARG,Argentina,408,MS,Messieurs simple,SEN,119316,2026,22,05/25/2026 00:00:00
82,82,0,XUE Fei,CHN,China,402,MS,Messieurs simple,SEN,121412,2026,22,05/25/2026 00:00:00
83,85,-2,Hwan BAE,AUS,Australia,400,MS,Messieurs simple,SEN,134803,2026,22,05/25/2026 00:00:00
84,98,-14,Cedric NUYTINCK,BEL,Belgium,396,MS,Messieurs simple,SEN,106814,2026,22,05/25/2026 00:00:00
85,84,1,Luka MLADENOVIC,LUX,Luxembourg,395,MS,Messieurs simple,SEN,120074,2026,22,05/25/2026 00:00:00
86,86,0,PARK Gyuhyeon,KOR,Korea Republic,393,MS,Messieurs simple,SEN,133813,2026,22,05/25/2026 00:00:00
87,87,0,Yuhi SAKAI,JPN,Japan,389,MS,Messieurs simple,SEN,202561,2026,22,05/25/2026 00:00:00
88,88,0,Harmeet DESAI,IND,India,385,MS,Messieurs simple,SEN,111641,2026,22,05/25/2026 00:00:00
89,90,-1,John OYEBODE,ITA,Italy,380,MS,Messieurs simple,SEN,122051,2026,22,05/25/2026 00:00:00
90,91,-1,Mizuki OIKAWA,JPN,Japan,372,MS,Messieurs simple,SEN,120850,2026,22,05/25/2026 00:00:00
91,80,11,Iulian CHIRITA,ROU,Romania,364,MS,Messieurs simple,SEN,134169,2026,22,05/25/2026 00:00:00
92,93,-1,Deni KOZUL,SLO,Slovenia,356,MS,Messieurs simple,SEN,118851,2026,22,05/25/2026 00:00:00
93,94,-1,Lubomir PISTEJ,SVK,Slovak Republic,354,MS,Messieurs simple,SEN,107445,2026,22,05/25/2026 00:00:00
94,101,-7,Tiago APOLONIA,POR,Portugal,352,MS,Messieurs simple,SEN,100621,2026,22,05/25/2026 00:00:00
95,148,-53,Yuto KIZUKURI,JPN,Japan,341,MS,Messieurs simple,SEN,119794,2026,22,05/25/2026 00:00:00
96,96,0,Nicolas BURGOS,CHI,Chile,336,MS,Messieurs simple,SEN,133441,2026,22,05/25/2026 00:00:00
97,92,5,LAM Siu Hang,HKG,"Hong Kong, China",330,MS,Messieurs simple,SEN,115546,2026,22,05/25/2026 00:00:00
98,103,-5,Ankur BHATTACHARJEE,IND,India,319,MS,Messieurs simple,SEN,200316,2026,22,05/25/2026 00:00:00
99,83,16,KAO Cheng-Jui,TPE,Chinese Taipei,314,MS,Messieurs simple,SEN,132824,2026,22,05/25/2026 00:00:00
100,99,1,Guilherme TEODORO,BRA,Brazil,311,MS,Messieurs simple,SEN,123031,2026,22,05/25/2026 00:00:00
101,109,-8,Abdel-Kader SALIFOU,BEN,Benin,304,MS,Messieurs simple,SEN,108204,2026,22,05/25/2026 00:00:00
102,119,-17,Niagol STOYANOV,ITA,Italy,300,MS,Messieurs simple,SEN,109002,2026,22,05/25/2026 00:00:00
103,102,1,Florian BOURRASSAUD,FRA,France,299,MS,Messieurs simple,SEN,120857,2026,22,05/25/2026 00:00:00
104,100,4,Eugene WANG,CAN,Canada,298,MS,Messieurs simple,SEN,114247,2026,22,05/25/2026 00:00:00
105,97,8,Mattias KARLSSON,SWE,Sweden,290,MS,Messieurs simple,SEN,112074,2026,22,05/25/2026 00:00:00
106,104,2,Ylane BATIX,CMR,Cameroon,290,MS,Messieurs simple,SEN,200157,2026,22,05/25/2026 00:00:00
107,105,2,QUEK Izaac,SGP,Singapore,284,MS,Messieurs simple,SEN,133713,2026,22,05/25/2026 00:00:00
108,107,1,Snehit SURAVAJJULA,IND,India,277,MS,Messieurs simple,SEN,123680,2026,22,05/25/2026 00:00:00
109,123,-14,Rogelio CASTRO,MEX,Mexico,273,MS,Messieurs simple,SEN,134849,2026,22,05/25/2026 00:00:00
110,114,-4,Payas JAIN,IND,India,271,MS,Messieurs simple,SEN,131917,2026,22,05/25/2026 00:00:00
111,110,1,Akash PAL,IND,India,270,MS,Messieurs simple,SEN,137242,2026,22,05/25/2026 00:00:00
112,112,0,Edward LY,CAN,Canada,268,MS,Messieurs simple,SEN,122425,2026,22,05/25/2026 00:00:00
113,113,0,Gustavo GOMEZ,CHI,Chile,263,MS,Messieurs simple,SEN,111683,2026,22,05/25/2026 00:00:00
114,115,-1,LIAO Cheng-Ting,TPE,Chinese Taipei,261,MS,Messieurs simple,SEN,119565,2026,22,05/25/2026 00:00:00
115,116,-1,Kay STUMPER,GER,Germany,260,MS,Messieurs simple,SEN,132022,2026,22,05/25/2026 00:00:00
116,117,-1,CHO Seungmin,KOR,Korea Republic,257,MS,Messieurs simple,SEN,119284,2026,22,05/25/2026 00:00:00
117,118,-1,Yang WANG,SVK,Slovak Republic,257,MS,Messieurs simple,SEN,112735,2026,22,05/25/2026 00:00:00
118,95,23,Daniel HABESOHN,AUT,Austria,249,MS,Messieurs simple,SEN,103345,2026,22,05/25/2026 00:00:00
119,120,-1,Evgeny TIKHONOV,RUS,Russia,246,MS,Messieurs simple,SEN,133251,2026,22,05/25/2026 00:00:00
120,122,-2,Ryuusei KAWAKAMI,JPN,Japan,243,MS,Messieurs simple,SEN,145264,2026,22,05/25/2026 00:00:00
121,106,15,Martin ALLEGRO,BEL,Belgium,242,MS,Messieurs simple,SEN,114848,2026,22,05/25/2026 00:00:00
122,108,14,Leonardo IIZUKA,BRA,Brazil,242,MS,Messieurs simple,SEN,144891,2026,22,05/25/2026 00:00:00
123,121,2,Dean SHU,NZL,New Zealand,238,MS,Messieurs simple,SEN,117027,2026,22,05/25/2026 00:00:00
124,124,0,Ovidiu IONESCU,ROU,Romania,236,MS,Messieurs simple,SEN,103903,2026,22,05/25/2026 00:00:00
125,126,-1,YUAN Licen,CHN,China,230,MS,Messieurs simple,SEN,133848,2026,22,05/25/2026 00:00:00
126,125,1,Andreas LEVENKO,AUT,Austria,228,MS,Messieurs simple,SEN,115449,2026,22,05/25/2026 00:00:00
127,128,-1,KWON Hyuk,KOR,Korea Republic,225,MS,Messieurs simple,SEN,135073,2026,22,05/25/2026 00:00:00
128,111,17,Noshad ALAMIYAN,IRI,Iran,223,MS,Messieurs simple,SEN,110673,2026,22,05/25/2026 00:00:00
129,129,0,KIM Taehyun,MLT,Malta,223,MS,Messieurs simple,SEN,133347,2026,22,05/25/2026 00:00:00
130,131,-1,Cedric MEISSNER,GER,Germany,222,MS,Messieurs simple,SEN,133455,2026,22,05/25/2026 00:00:00
131,134,-3,Nikita ARTEMENKO,RUS,Russia,217,MS,Messieurs simple,SEN,119199,2026,22,05/25/2026 00:00:00
132,133,-1,Filip ZELJKO,CRO,Croatia,215,MS,Messieurs simple,SEN,116680,2026,22,05/25/2026 00:00:00
133,130,3,Timothy CHOI,NZL,New Zealand,212,MS,Messieurs simple,SEN,136202,2026,22,05/25/2026 00:00:00
134,152,-18,HUNG Jing-Kai,TPE,Chinese Taipei,210,MS,Messieurs simple,SEN,144705,2026,22,05/25/2026 00:00:00
135,135,0,Alan KURMANGALIYEV,KAZ,Kazakhstan,210,MS,Messieurs simple,SEN,137568,2026,22,05/25/2026 00:00:00
136,137,-1,Maciej KUBIK,POL,Poland,205,MS,Messieurs simple,SEN,131671,2026,22,05/25/2026 00:00:00
137,138,-1,Matteo MUTTI,ITA,Italy,205,MS,Messieurs simple,SEN,120287,2026,22,05/25/2026 00:00:00
138,136,2,Juan PEREZ,ESP,Spain,204,MS,Messieurs simple,SEN,134625,2026,22,05/25/2026 00:00:00
139,139,0,Stephane OUAICHE,ALG,Algeria,203,MS,Messieurs simple,SEN,113685,2026,22,05/25/2026 00:00:00
140,140,0,Steffen MENGEL,GER,Germany,202,MS,Messieurs simple,SEN,106050,2026,22,05/25/2026 00:00:00
141,141,0,MA Jinbao,USA,USA,200,MS,Messieurs simple,SEN,135745,2026,22,05/25/2026 00:00:00
142,142,0,Marek BADOWSKI,POL,Poland,199,MS,Messieurs simple,SEN,120154,2026,22,05/25/2026 00:00:00
143,143,0,Angel NARANJO,PUR,Puerto Rico,198,MS,Messieurs simple,SEN,131446,2026,22,05/25/2026 00:00:00
144,145,-1,Darius MOVILEANU,ROU,Romania,196,MS,Messieurs simple,SEN,134693,2026,22,05/25/2026 00:00:00
145,146,-1,LI Tianyang,CHN,China,195,MS,Messieurs simple,SEN,221452,2026,22,05/25/2026 00:00:00
146,147,-1,Sid NARESH,USA,USA,195,MS,Messieurs simple,SEN,135769,2026,22,05/25/2026 00:00:00
147,150,-3,PANG Koen,SGP,Singapore,186,MS,Messieurs simple,SEN,131912,2026,22,05/25/2026 00:00:00
148,127,21,Wassim ESSID,TUN,Tunisia,186,MS,Messieurs simple,SEN,136170,2026,22,05/25/2026 00:00:00
149,149,0,Santiago LORENZO,ARG,Argentina,184,MS,Messieurs simple,SEN,132793,2026,22,05/25/2026 00:00:00
150,171,-21,Samuel WALKER,ENG,England,180,MS,Messieurs simple,SEN,114718,2026,22,05/25/2026 00:00:00
151,154,-3,Dimitrije LEVAJAC,SRB,Serbia,178,MS,Messieurs simple,SEN,123192,2026,22,05/25/2026 00:00:00
152,153,-1,Nandan NARESH,USA,USA,178,MS,Messieurs simple,SEN,135768,2026,22,05/25/2026 00:00:00
153,155,-2,Vincent PICARD,FRA,France,177,MS,Messieurs simple,SEN,121690,2026,22,05/25/2026 00:00:00
154,157,-3,Mihai BOBOCICA,ITA,Italy,173,MS,Messieurs simple,SEN,101192,2026,22,05/25/2026 00:00:00
155,158,-3,Andrei PUTUNTICA,MDA,Moldova,171,MS,Messieurs simple,SEN,117865,2026,22,05/25/2026 00:00:00
156,160,-4,Connor GREEN,ENG,England,167,MS,Messieurs simple,SEN,137863,2026,22,05/25/2026 00:00:00
157,161,-4,Ivor BAN,CRO,Croatia,166,MS,Messieurs simple,SEN,122982,2026,22,05/25/2026 00:00:00
158,156,2,Mohamed ELBEIALI,EGY,Egypt,166,MS,Messieurs simple,SEN,102486,2026,22,05/25/2026 00:00:00
159,166,-7,CHUA Josh,SGP,Singapore,161,MS,Messieurs simple,SEN,133850,2026,22,05/25/2026 00:00:00
160,167,-7,Abdullah YIGENLER,TUR,Türkiye,161,MS,Messieurs simple,SEN,119585,2026,22,05/25/2026 00:00:00
161,144,17,Robert GARDOS,AUT,Austria,151,MS,Messieurs simple,SEN,102968,2026,22,05/25/2026 00:00:00
162,169,-7,Daniel BERZOSA,ESP,Spain,149,MS,Messieurs simple,SEN,133633,2026,22,05/25/2026 00:00:00
163,170,-7,Badr MOSTAFA,EGY,Egypt,147,MS,Messieurs simple,SEN,135595,2026,22,05/25/2026 00:00:00
164,184,-20,Andrei ISTRATE,ROU,Romania,147,MS,Messieurs simple,SEN,135394,2026,22,05/25/2026 00:00:00
165,168,-3,Jishan LIANG ,USA,USA,141,MS,Messieurs simple,SEN,121222,2026,22,05/25/2026 00:00:00
166,172,-6,YIU Kwan To,HKG,"Hong Kong, China",141,MS,Messieurs simple,SEN,132325,2026,22,05/25/2026 00:00:00
167,174,-7,KIM Minhyeok,KOR,Korea Republic,136,MS,Messieurs simple,SEN,116818,2026,22,05/25/2026 00:00:00
168,179,-11,Esteban DORR,FRA,France,136,MS,Messieurs simple,SEN,133652,2026,22,05/25/2026 00:00:00
169,175,-6,Emanuel OTALVARO,COL,Colombia,135,MS,Messieurs simple,SEN,145404,2026,22,05/25/2026 00:00:00
170,159,11,Benyamin FARAJI,IRI,Iran,135,MS,Messieurs simple,SEN,201238,2026,22,05/25/2026 00:00:00
171,151,20,LIN Yen-Chun,TPE,Chinese Taipei,133,MS,Messieurs simple,SEN,133827,2026,22,05/25/2026 00:00:00
172,176,-4,Felipe ARADO,BRA,Brazil,133,MS,Messieurs simple,SEN,200389,2026,22,05/25/2026 00:00:00
173,132,41,LIN Gaoyuan,CHN,China,130,MS,Messieurs simple,SEN,115910,2026,22,05/25/2026 00:00:00
174,173,1,Fabio RAKOTOARIMANANA,MAD,Madagascar,128,MS,Messieurs simple,SEN,133367,2026,22,05/25/2026 00:00:00
175,177,-2,LI Hechen,CHN,China,128,MS,Messieurs simple,SEN,203472,2026,22,05/25/2026 00:00:00
176,178,-2,JANG Seongil,KOR,Korea Republic,127,MS,Messieurs simple,SEN,132172,2026,22,05/25/2026 00:00:00
177,163,14,Borgar HAUG,NOR,Norway,127,MS,Messieurs simple,SEN,131211,2026,22,05/25/2026 00:00:00
178,180,-2,Rares SIPOS,ROU,Romania,126,MS,Messieurs simple,SEN,120224,2026,22,05/25/2026 00:00:00
179,206,-27,Hugo DESCHAMPS,FRA,France,121,MS,Messieurs simple,SEN,134590,2026,22,05/25/2026 00:00:00
180,287,-107,HSU Hsien-Chia,TPE,Chinese Taipei,120,MS,Messieurs simple,SEN,145043,2026,22,05/25/2026 00:00:00
181,162,19,Samuel KULCZYCKI,POL,Poland,119,MS,Messieurs simple,SEN,121031,2026,22,05/25/2026 00:00:00
182,185,-3,XU Yingbin,CHN,China,118,MS,Messieurs simple,SEN,131148,2026,22,05/25/2026 00:00:00
183,186,-3,Maksim GREBNEV,RUS,Russia,118,MS,Messieurs simple,SEN,123931,2026,22,05/25/2026 00:00:00
184,189,-5,Laurens DEVOS,BEL,Belgium,117,MS,Messieurs simple,SEN,122001,2026,22,05/25/2026 00:00:00
185,188,-3,Alexis KOURAICHI,FRA,France,117,MS,Messieurs simple,SEN,136116,2026,22,05/25/2026 00:00:00
186,164,22,Panagiotis GIONIS,GRE,Greece,116,MS,Messieurs simple,SEN,103107,2026,22,05/25/2026 00:00:00
187,165,22,Francisco SANCHI,ARG,Argentina,116,MS,Messieurs simple,SEN,117530,2026,22,05/25/2026 00:00:00
188,222,-34,KIM Gaon,KOR,Korea Republic,116,MS,Messieurs simple,SEN,137007,2026,22,05/25/2026 00:00:00
189,181,8,Liam PITCHFORD,ENG,England,115,MS,Messieurs simple,SEN,112442,2026,22,05/25/2026 00:00:00
190,182,8,Vitor ISHIY,BRA,Brazil,115,MS,Messieurs simple,SEN,117312,2026,22,05/25/2026 00:00:00
191,196,-5,Mateusz ZALEWSKI,POL,Poland,114,MS,Messieurs simple,SEN,135021,2026,22,05/25/2026 00:00:00
192,192,0,Adam SZUDI,HUN,Hungary,111,MS,Messieurs simple,SEN,114717,2026,22,05/25/2026 00:00:00
193,187,6,Olajide OMOTAYO,NGR,Nigeria,111,MS,Messieurs simple,SEN,113563,2026,22,05/25/2026 00:00:00
194,183,11,Mahmoud HELMY,EGY,Egypt,110,MS,Messieurs simple,SEN,116831,2026,22,05/25/2026 00:00:00
195,193,2,Ibrahim GUNDUZ,TUR,Türkiye,109,MS,Messieurs simple,SEN,120168,2026,22,05/25/2026 00:00:00
196,194,2,RI Jong Sik,PRK,Korea DPR,108,MS,Messieurs simple,SEN,132881,2026,22,05/25/2026 00:00:00
197,195,2,Fanbo MENG,GER,Germany,108,MS,Messieurs simple,SEN,123293,2026,22,05/25/2026 00:00:00
198,190,8,Matthew KUTI,NGR,Nigeria,107,MS,Messieurs simple,SEN,202627,2026,22,05/25/2026 00:00:00
199,197,2,Balazs LEI,HUN,Hungary,106,MS,Messieurs simple,SEN,135678,2026,22,05/25/2026 00:00:00
200,198,2,Remi BETELU,FRA,France,106,MS,Messieurs simple,SEN,133671,2026,22,05/25/2026 00:00:00
201,199,2,Amirreza ABBASI,MLT,Malta,106,MS,Messieurs simple,SEN,134246,2026,22,05/25/2026 00:00:00
202,200,2,Jo YOKOTANI,JPN,Japan,105,MS,Messieurs simple,SEN,134317,2026,22,05/25/2026 00:00:00
203,201,2,Satoshi AIDA,JPN,Japan,104,MS,Messieurs simple,SEN,132632,2026,22,05/25/2026 00:00:00
204,214,-10,Eusebio VOS,CHI,Chile,104,MS,Messieurs simple,SEN,135066,2026,22,05/25/2026 00:00:00
205,203,2,XU Haidong,CHN,China,102,MS,Messieurs simple,SEN,133893,2026,22,05/25/2026 00:00:00
206,191,15,WONG Qi Shen,MAS,Malaysia,102,MS,Messieurs simple,SEN,136377,2026,22,05/25/2026 00:00:00
207,204,3,Kazuki YOSHIYAMA,JPN,Japan,102,MS,Messieurs simple,SEN,135981,2026,22,05/25/2026 00:00:00
208,207,1,WOO Hyeonggyu,KOR,Korea Republic,101,MS,Messieurs simple,SEN,131413,2026,22,05/25/2026 00:00:00
209,208,1,Simeon MARTIN,CAN,Canada,100,MS,Messieurs simple,SEN,145641,2026,22,05/25/2026 00:00:00
210,271,-61,Mudit DANI,IND,India,100,MS,Messieurs simple,SEN,116758,2026,22,05/25/2026 00:00:00
211,209,2,Bojan TOKIC,SLO,Slovenia,99,MS,Messieurs simple,SEN,109459,2026,22,05/25/2026 00:00:00
212,210,2,Danilo FASO,ITA,Italy,99,MS,Messieurs simple,SEN,143942,2026,22,05/25/2026 00:00:00
213,211,2,Diego LILLO,ESP,Spain,99,MS,Messieurs simple,SEN,133628,2026,22,05/25/2026 00:00:00
214,212,2,Tobias RASMUSSEN,DEN,Denmark,95,MS,Messieurs simple,SEN,118671,2026,22,05/25/2026 00:00:00
215,213,2,Shunsuke OKANO,JPN,Japan,95,MS,Messieurs simple,SEN,209021,2026,22,05/25/2026 00:00:00
216,202,14,Marcos MADRID,MEX,Mexico,94,MS,Messieurs simple,SEN,105679,2026,22,05/25/2026 00:00:00
217,215,2,Gorkem OCAL,TUR,Türkiye,92,MS,Messieurs simple,SEN,201124,2026,22,05/25/2026 00:00:00
218,205,13,HAM Yu Song,PRK,Korea DPR,91,MS,Messieurs simple,SEN,132880,2026,22,05/25/2026 00:00:00
219,216,3,Nikhil KUMAR,USA,USA,90,MS,Messieurs simple,SEN,119463,2026,22,05/25/2026 00:00:00
220,217,3,Griffin BUCHANAN,NZL,New Zealand,90,MS,Messieurs simple,SEN,200223,2026,22,05/25/2026 00:00:00
221,218,3,Jet LIN,NZL,New Zealand,90,MS,Messieurs simple,SEN,136060,2026,22,05/25/2026 00:00:00
222,219,3,Ariinui PAMBRUN,PYF,Tahiti,90,MS,Messieurs simple,SEN,211237,2026,22,05/25/2026 00:00:00
223,220,3,Jeremy DEY,NCL,New Caledonia,90,MS,Messieurs simple,SEN,102213,2026,22,05/25/2026 00:00:00
224,235,-11,Romain BRARD,FRA,France,89,MS,Messieurs simple,SEN,136359,2026,22,05/25/2026 00:00:00
225,221,4,Abhinandh PRADHIVADHI,IND,India,89,MS,Messieurs simple,SEN,144615,2026,22,05/25/2026 00:00:00
226,227,-1,Abdulbasit ABDULFATAI,NGR,Nigeria,88,MS,Messieurs simple,SEN,203308,2026,22,05/25/2026 00:00:00
227,223,4,Florent LAMBIET,BEL,Belgium,88,MS,Messieurs simple,SEN,114709,2026,22,05/25/2026 00:00:00
228,224,4,Rafael DE LAS HERAS,ESP,Spain,87,MS,Messieurs simple,SEN,133042,2026,22,05/25/2026 00:00:00
229,225,4,Abdulaziz BU SHULAYBI,KSA,Saudi Arabia,86,MS,Messieurs simple,SEN,115118,2026,22,05/25/2026 00:00:00
230,230,0,Tom SCHWEIGER,GER,Germany,84,MS,Messieurs simple,SEN,143586,2026,22,05/25/2026 00:00:00
231,229,2,U Tae Ryong,PRK,Korea DPR,83,MS,Messieurs simple,SEN,132244,2026,22,05/25/2026 00:00:00
232,232,0,Lev KATSMAN,RUS,Russia,82,MS,Messieurs simple,SEN,123282,2026,22,05/25/2026 00:00:00
233,231,2,Antoine RAZAFINARIVO,MAD,Madagascar,82,MS,Messieurs simple,SEN,203934,2026,22,05/25/2026 00:00:00
234,233,1,HUANG Yan-Cheng,TPE,Chinese Taipei,80,MS,Messieurs simple,SEN,124572,2026,22,05/25/2026 00:00:00
235,236,-1,Ali ALKHADRAWI,KSA,Saudi Arabia,79,MS,Messieurs simple,SEN,113376,2026,22,05/25/2026 00:00:00
236,251,-15,Miguel PANTOJA,ESP,Spain,79,MS,Messieurs simple,SEN,133627,2026,22,05/25/2026 00:00:00
237,237,0,Marius BENCHAT,MAR,Morocco,78,MS,Messieurs simple,SEN,137625,2026,22,05/25/2026 00:00:00
238,238,0,Sota NODA,JPN,Japan,77,MS,Messieurs simple,SEN,222052,2026,22,05/25/2026 00:00:00
239,239,0,Maheidine BELLA,ALG,Algeria,77,MS,Messieurs simple,SEN,137316,2026,22,05/25/2026 00:00:00
240,240,0,Jakub ZELINKA,SVK,Slovak Republic,77,MS,Messieurs simple,SEN,121869,2026,22,05/25/2026 00:00:00
241,241,0,Navid SHAMS,IRI,Iran,76,MS,Messieurs simple,SEN,121940,2026,22,05/25/2026 00:00:00
242,242,0,Hiromu KOBAYASHI,JPN,Japan,76,MS,Messieurs simple,SEN,133695,2026,22,05/25/2026 00:00:00
243,243,0,KWAN Man Ho,HKG,"Hong Kong, China",76,MS,Messieurs simple,SEN,115545,2026,22,05/25/2026 00:00:00
244,244,0,LEE Seungsoo,KOR,Korea Republic,76,MS,Messieurs simple,SEN,201164,2026,22,05/25/2026 00:00:00
245,245,0,Luke ABRAHAMS,RSA,South Africa,75,MS,Messieurs simple,SEN,100089,2026,22,05/25/2026 00:00:00
246,252,-6,Shunto IWAIDA,JPN,Japan,75,MS,Messieurs simple,SEN,143605,2026,22,05/25/2026 00:00:00
247,260,-13,Clement LAINE,POR,Portugal,75,MS,Messieurs simple,SEN,203958,2026,22,05/25/2026 00:00:00
248,228,20,Joao MONTEIRO,POR,Portugal,74,MS,Messieurs simple,SEN,106296,2026,22,05/25/2026 00:00:00
249,246,3,Ioannis SGOUROPOULOS,GRE,Greece,74,MS,Messieurs simple,SEN,121693,2026,22,05/25/2026 00:00:00
250,247,3,Fumiya IGARASHI,JPN,Japan,73,MS,Messieurs simple,SEN,132366,2026,22,05/25/2026 00:00:00
251,248,3,Martin BUCH,DEN,Denmark,72,MS,Messieurs simple,SEN,131176,2026,22,05/25/2026 00:00:00
252,249,3,SUN Yang,CHN,China,71,MS,Messieurs simple,SEN,203029,2026,22,05/25/2026 00:00:00
253,250,3,HO Kwan Kit,HKG,"Hong Kong, China",71,MS,Messieurs simple,SEN,123690,2026,22,05/25/2026 00:00:00
254,253,1,KIM Daewoo,KOR,Korea Republic,70,MS,Messieurs simple,SEN,119850,2026,22,05/25/2026 00:00:00
255,261,-6,Taiwo MATI,NGR,Nigeria,70,MS,Messieurs simple,SEN,133736,2026,22,05/25/2026 00:00:00
256,263,-7,Albert VILARDELL,ESP,Spain,70,MS,Messieurs simple,SEN,131723,2026,22,05/25/2026 00:00:00
257,255,2,David SZANTOSI,HUN,Hungary,69,MS,Messieurs simple,SEN,136005,2026,22,05/25/2026 00:00:00
258,256,2,Uros NINKOVIC,SRB,Serbia,68,MS,Messieurs simple,SEN,145352,2026,22,05/25/2026 00:00:00
259,257,2,Adam KLAJBER,SVK,Slovak Republic,67,MS,Messieurs simple,SEN,131062,2026,22,05/25/2026 00:00:00
260,258,2,Priyanuj BHATTACHARYYA,IND,India,67,MS,Messieurs simple,SEN,200301,2026,22,05/25/2026 00:00:00
261,259,2,Maciej KOLODZIEJCZYK,AUT,Austria,67,MS,Messieurs simple,SEN,122064,2026,22,05/25/2026 00:00:00
262,262,0,Horia Stefan URSUT,ROU,Romania,65,MS,Messieurs simple,SEN,135393,2026,22,05/25/2026 00:00:00
263,295,-32,Remi CHAMBET-WEIL,NED,Netherlands,63,MS,Messieurs simple,SEN,136097,2026,22,05/25/2026 00:00:00
264,264,0,Xiangjing ZHANG,USA,USA,62,MS,Messieurs simple,SEN,122586,2026,22,05/25/2026 00:00:00
265,265,0,Andrea PUPPO,ITA,Italy,62,MS,Messieurs simple,SEN,122086,2026,22,05/25/2026 00:00:00
266,266,0,Dmitrii VINOGRADOV,RUS,Russia,61,MS,Messieurs simple,SEN,137817,2026,22,05/25/2026 00:00:00
267,267,0,Chulong NIE,AUS,Australia,61,MS,Messieurs simple,SEN,136657,2026,22,05/25/2026 00:00:00
268,506,-238,Sultan AGUNBIADE,NGR,Nigeria,60,MS,Messieurs simple,SEN,221420,2026,22,05/25/2026 00:00:00
269,254,15,Milhane JELLOULI,ALG,Algeria,60,MS,Messieurs simple,SEN,135500,2026,22,05/25/2026 00:00:00
270,280,-10,Thitaphat PREECHAYAN,THA,Thailand,60,MS,Messieurs simple,SEN,202414,2026,22,05/25/2026 00:00:00
271,269,2,Kirill FADEEV,GER,Germany,58,MS,Messieurs simple,SEN,124192,2026,22,05/25/2026 00:00:00
272,291,-19,Muizz ADEGOKE,NGR,Nigeria,58,MS,Messieurs simple,SEN,200310,2026,22,05/25/2026 00:00:00
273,329,-56,Gabrielius CAMARA,NED,Netherlands,58,MS,Messieurs simple,SEN,134556,2026,22,05/25/2026 00:00:00
274,270,4,Jash MODI,IND,India,57,MS,Messieurs simple,SEN,134869,2026,22,05/25/2026 00:00:00
275,286,-11,HUNG Che-Yen,TPE,Chinese Taipei,57,MS,Messieurs simple,SEN,205967,2026,22,05/25/2026 00:00:00
276,272,4,Simon BERGLUND,SWE,Sweden,56,MS,Messieurs simple,SEN,115063,2026,22,05/25/2026 00:00:00
277,273,4,Amir Hossein HODAEI,IRI,Iran,56,MS,Messieurs simple,SEN,131484,2026,22,05/25/2026 00:00:00
278,274,4,Jerome MORISSEAU,NCL,New Caledonia,55,MS,Messieurs simple,SEN,106344,2026,22,05/25/2026 00:00:00
279,275,4,Saheed IDOWU,CGO,Congo Brazzaville,55,MS,Messieurs simple,SEN,114457,2026,22,05/25/2026 00:00:00
280,276,4,Chetan NATHOO,RSA,South Africa,55,MS,Messieurs simple,SEN,131478,2026,22,05/25/2026 00:00:00
281,277,4,Tyrese KNIGHT,BAR,Barbados,55,MS,Messieurs simple,SEN,121740,2026,22,05/25/2026 00:00:00
282,279,3,Benno OEHME,GER,Germany,55,MS,Messieurs simple,SEN,136567,2026,22,05/25/2026 00:00:00
283,347,-64,Sanil SHETTY,IND,India,54,MS,Messieurs simple,SEN,108574,2026,22,05/25/2026 00:00:00
284,301,-17,Antoine NOIRAULT,FRA,France,54,MS,Messieurs simple,SEN,146241,2026,22,05/25/2026 00:00:00
285,289,-4,Elias AGBODJAN,TOG,Togo,53,MS,Messieurs simple,SEN,146212,2026,22,05/25/2026 00:00:00
286,281,5,Irvin BERTRAND,FRA,France,53,MS,Messieurs simple,SEN,119092,2026,22,05/25/2026 00:00:00
287,416,-129,LI Ki Ho,HKG,"Hong Kong, China",53,MS,Messieurs simple,SEN,201274,2026,22,05/25/2026 00:00:00
288,312,-24,Mael VAN DESSEL ,LUX,Luxembourg,52,MS,Messieurs simple,SEN,136399,2026,22,05/25/2026 00:00:00
289,282,7,Hayate SUZUKI,JPN,Japan,51,MS,Messieurs simple,SEN,135627,2026,22,05/25/2026 00:00:00
290,283,7,Iskender KHARKI,KAZ,Kazakhstan,51,MS,Messieurs simple,SEN,134398,2026,22,05/25/2026 00:00:00
291,284,7,Sougata SARKAR,IND,India,50,MS,Messieurs simple,SEN,114956,2026,22,05/25/2026 00:00:00
292,285,7,ZENG Beixun,CHN,China,50,MS,Messieurs simple,SEN,135919,2026,22,05/25/2026 00:00:00
293,288,5,Romain RUIZ,FRA,France,49,MS,Messieurs simple,SEN,116641,2026,22,05/25/2026 00:00:00
294,290,4,Nima ALAMIAN,IRI,Iran,49,MS,Messieurs simple,SEN,112035,2026,22,05/25/2026 00:00:00
295,292,3,Tommaso GIOVANNETTI,ITA,Italy,49,MS,Messieurs simple,SEN,122078,2026,22,05/25/2026 00:00:00
296,268,28,Samuel ARPAS,SVK,Slovak Republic,49,MS,Messieurs simple,SEN,137564,2026,22,05/25/2026 00:00:00
297,293,4,Yassine THEOPHILE,MAR,Morocco,48,MS,Messieurs simple,SEN,203210,2026,22,05/25/2026 00:00:00
298,294,4,Anirban GHOSH,IND,India,48,MS,Messieurs simple,SEN,119042,2026,22,05/25/2026 00:00:00
299,296,3,Carlo ROSSI,ITA,Italy,48,MS,Messieurs simple,SEN,120285,2026,22,05/25/2026 00:00:00
300,297,3,Ved SHETH,USA,USA,47,MS,Messieurs simple,SEN,134486,2026,22,05/25/2026 00:00:00
301,298,3,LE Ellsworth,SGP,Singapore,47,MS,Messieurs simple,SEN,144488,2026,22,05/25/2026 00:00:00
302,299,3,Martin FRIIS,SWE,Sweden,46,MS,Messieurs simple,SEN,122043,2026,22,05/25/2026 00:00:00
303,300,3,KANG Dongsoo,KOR,Korea Republic,46,MS,Messieurs simple,SEN,120845,2026,22,05/25/2026 00:00:00
304,302,2,Alexander VALUCH,SVK,Slovak Republic,46,MS,Messieurs simple,SEN,115100,2026,22,05/25/2026 00:00:00
305,304,1,ZHOU Kai,CHN,China,45,MS,Messieurs simple,SEN,117345,2026,22,05/25/2026 00:00:00
306,305,1,Angelo UTIA,PYF,Tahiti,45,MS,Messieurs simple,SEN,109669,2026,22,05/25/2026 00:00:00
307,306,1,Joshua YEE,FIJ,Fiji,45,MS,Messieurs simple,SEN,135693,2026,22,05/25/2026 00:00:00
308,307,1,Yashansh MALIK,IND,India,45,MS,Messieurs simple,SEN,134186,2026,22,05/25/2026 00:00:00
309,278,31,Marcelo AGUIRRE,PAR,Paraguay,45,MS,Messieurs simple,SEN,111115,2026,22,05/25/2026 00:00:00
310,308,2,Olivier CLOUET,NCL,New Caledonia,45,MS,Messieurs simple,SEN,206277,2026,22,05/25/2026 00:00:00
311,309,2,Ondrej KVETON,CZE,Czechia,45,MS,Messieurs simple,SEN,134573,2026,22,05/25/2026 00:00:00
312,311,1,Reda NEMRAS,MAR,Morocco,45,MS,Messieurs simple,SEN,205937,2026,22,05/25/2026 00:00:00
313,310,3,Steven MORENO ,PUR,Puerto Rico,45,MS,Messieurs simple,SEN,146306,2026,22,05/25/2026 00:00:00
314,316,-2,HONG YU Tey,MAS,Malaysia,44,MS,Messieurs simple,SEN,144748,2026,22,05/25/2026 00:00:00
315,402,-87,Denis DORCESCU,FRA,France,44,MS,Messieurs simple,SEN,133342,2026,22,05/25/2026 00:00:00
316,313,3,Norbert TAULER,ESP,Spain,44,MS,Messieurs simple,SEN,131722,2026,22,05/25/2026 00:00:00
317,314,3,Carlos RIOS,VEN,Venezuela,44,MS,Messieurs simple,SEN,200361,2026,22,05/25/2026 00:00:00
318,319,-1,Enrique RIOS ,PUR,Puerto Rico,44,MS,Messieurs simple,SEN,146307,2026,22,05/25/2026 00:00:00
319,315,4,Georgios STAMATOUROS,GRE,Greece,43,MS,Messieurs simple,SEN,123514,2026,22,05/25/2026 00:00:00
320,317,3,Divyansh SRIVASTAVA,IND,India,43,MS,Messieurs simple,SEN,134868,2026,22,05/25/2026 00:00:00
321,358,-37,Benjamin FRUCHART,FRA,France,43,MS,Messieurs simple,SEN,200159,2026,22,05/25/2026 00:00:00
322,318,4,Mykhailo LOVHA,SVK,Slovak Republic,43,MS,Messieurs simple,SEN,145782,2026,22,05/25/2026 00:00:00
323,320,3,Abdoulaye MOHAMED,CMR,Cameroon,42,MS,Messieurs simple,SEN,136520,2026,22,05/25/2026 00:00:00
324,321,3,Simon EBODE,CMR,Cameroon,42,MS,Messieurs simple,SEN,102441,2026,22,05/25/2026 00:00:00
325,322,3,Xuqi LIN,AUS,Australia,41,MS,Messieurs simple,SEN,134805,2026,22,05/25/2026 00:00:00
326,375,-49,Nathan LAM,FRA,France,41,MS,Messieurs simple,SEN,144530,2026,22,05/25/2026 00:00:00
327,323,4,Tom CLOSSET,BEL,Belgium,41,MS,Messieurs simple,SEN,134817,2026,22,05/25/2026 00:00:00
328,324,4,Yuto MURAMATSU,JPN,Japan,40,MS,Messieurs simple,SEN,115439,2026,22,05/25/2026 00:00:00
329,407,-78,Kolasi WASIU,NGR,Nigeria,40,MS,Messieurs simple,SEN,221839,2026,22,05/25/2026 00:00:00
330,226,104,Mohammed ABDULWAHHAB,QAT,Qatar,40,MS,Messieurs simple,SEN,131156,2026,22,05/25/2026 00:00:00
331,325,6,Cesar CASTILLO,VEN,Venezuela,40,MS,Messieurs simple,SEN,146225,2026,22,05/25/2026 00:00:00
332,326,6,Robert ISTRATE,ROU,Romania,40,MS,Messieurs simple,SEN,144241,2026,22,05/25/2026 00:00:00
333,331,2,Nishant LEBAKA,USA,USA,40,MS,Messieurs simple,SEN,201508,2026,22,05/25/2026 00:00:00
334,327,7,Zhenlong LIU ,AUT,Austria,40,MS,Messieurs simple,SEN,137212,2026,22,05/25/2026 00:00:00
335,384,-49,Carlos FRANCO,ESP,Spain,39,MS,Messieurs simple,SEN,118072,2026,22,05/25/2026 00:00:00
336,328,8,Alfonso OLAVE,CHI,Chile,39,MS,Messieurs simple,SEN,115134,2026,22,05/25/2026 00:00:00
337,386,-49,Maxime ANTOINE MICHARD,FRA,France,39,MS,Messieurs simple,SEN,223439,2026,22,05/25/2026 00:00:00
338,330,8,Raymondo MEDINA,VEN,Venezuela,39,MS,Messieurs simple,SEN,200446,2026,22,05/25/2026 00:00:00
339,332,7,Carlos FERNANDEZ,PER,Peru,38,MS,Messieurs simple,SEN,132658,2026,22,05/25/2026 00:00:00
340,334,6,Peter HRIBAR,SLO,Slovenia,38,MS,Messieurs simple,SEN,120162,2026,22,05/25/2026 00:00:00
341,438,-97,Rilwan AKANBI,NGR,Nigeria,37,MS,Messieurs simple,SEN,123128,2026,22,05/25/2026 00:00:00
342,335,7,Jan VALENTA,CZE,Czechia,37,MS,Messieurs simple,SEN,123664,2026,22,05/25/2026 00:00:00
343,336,7,Balamurugan RAJASEKARAN,IND,India,37,MS,Messieurs simple,SEN,201371,2026,22,05/25/2026 00:00:00
344,337,7,Shokhrukh ISKANDAROV ,UZB,Uzbekistan,37,MS,Messieurs simple,SEN,146293,2026,22,05/25/2026 00:00:00
345,339,6,Radim MORAVEK,CZE,Czechia,37,MS,Messieurs simple,SEN,135575,2026,22,05/25/2026 00:00:00
346,340,6,Nemanja DILAS,SRB,Serbia,36,MS,Messieurs simple,SEN,134227,2026,22,05/25/2026 00:00:00
347,341,6,Bakdaulet AKIMALI,KAZ,Kazakhstan,36,MS,Messieurs simple,SEN,133159,2026,22,05/25/2026 00:00:00
348,342,6,Borna PETEK,CRO,Croatia,36,MS,Messieurs simple,SEN,133439,2026,22,05/25/2026 00:00:00
349,353,-4,LOY Xing Yao,SGP,Singapore,36,MS,Messieurs simple,SEN,202749,2026,22,05/25/2026 00:00:00
350,343,7,Stepan BRHEL,CZE,Czechia,36,MS,Messieurs simple,SEN,135984,2026,22,05/25/2026 00:00:00
351,344,7,SUN Zheng,CHN,China,35,MS,Messieurs simple,SEN,136587,2026,22,05/25/2026 00:00:00
352,345,7,Sadi ISMAILOV,RUS,Russia,35,MS,Messieurs simple,SEN,118889,2026,22,05/25/2026 00:00:00
353,346,7,Zsolt PETO,SRB,Serbia,35,MS,Messieurs simple,SEN,107324,2026,22,05/25/2026 00:00:00
354,234,120,Brian AFANADOR,PUR,Puerto Rico,35,MS,Messieurs simple,SEN,115000,2026,22,05/25/2026 00:00:00
355,349,6,Arnav KARNAVAR,IND,India,35,MS,Messieurs simple,SEN,136137,2026,22,05/25/2026 00:00:00
356,488,-132,TANG Yiren,CHN,China,35,MS,Messieurs simple,SEN,206221,2026,22,05/25/2026 00:00:00
357,357,0,Muhammad JUNINDRA,INA,Indonesia,35,MS,Messieurs simple,SEN,202405,2026,22,05/25/2026 00:00:00
358,418,-60,Nathan PILARD,FRA,France,35,MS,Messieurs simple,SEN,146233,2026,22,05/25/2026 00:00:00
359,350,9,Kenan KAHRAMAN,TUR,Türkiye,35,MS,Messieurs simple,SEN,201120,2026,22,05/25/2026 00:00:00
360,502,-142,Azeez SOLANKE,NGR,Nigeria,34,MS,Messieurs simple,SEN,123175,2026,22,05/25/2026 00:00:00
361,351,10,Patryk DZIUBA,POL,Poland,34,MS,Messieurs simple,SEN,136564,2026,22,05/25/2026 00:00:00
362,461,-99,Mathew FABUNMI,NGR,Nigeria,34,MS,Messieurs simple,SEN,206051,2026,22,05/25/2026 00:00:00
363,352,11,Aboubaker BOURASS,TUN,Tunisia,34,MS,Messieurs simple,SEN,121722,2026,22,05/25/2026 00:00:00
364,354,10,Patryk ZYWORONEK,POL,Poland,34,MS,Messieurs simple,SEN,200558,2026,22,05/25/2026 00:00:00
365,405,-40,LIN Chin-Ting,TPE,Chinese Taipei,34,MS,Messieurs simple,SEN,137666,2026,22,05/25/2026 00:00:00
366,363,3,Flavio MOURIER,FRA,France,34,MS,Messieurs simple,SEN,144529,2026,22,05/25/2026 00:00:00
367,355,12,Yuto ABE,JPN,Japan,33,MS,Messieurs simple,SEN,136440,2026,22,05/25/2026 00:00:00
368,356,12,Jann Mari NAYRE,PHI,Philippines,33,MS,Messieurs simple,SEN,123864,2026,22,05/25/2026 00:00:00
369,359,10,Aleksei SAMOKHIN,RUS,Russia,33,MS,Messieurs simple,SEN,136052,2026,22,05/25/2026 00:00:00
370,360,10,Dario ARCE,MEX,Mexico,32,MS,Messieurs simple,SEN,121278,2026,22,05/25/2026 00:00:00
371,367,4,Sarthak ARYA,IND,India,32,MS,Messieurs simple,SEN,201372,2026,22,05/25/2026 00:00:00
372,361,11,Ivan KAHN,NED,Netherlands,32,MS,Messieurs simple,SEN,145738,2026,22,05/25/2026 00:00:00
373,362,11,Vladislav ZAKHAROV,KAZ,Kazakhstan,32,MS,Messieurs simple,SEN,121416,2026,22,05/25/2026 00:00:00
374,376,-2,TAN Nicholas,SGP,Singapore,32,MS,Messieurs simple,SEN,144490,2026,22,05/25/2026 00:00:00
375,370,5,Kushal CHOPDA,IND,India,32,MS,Messieurs simple,SEN,201204,2026,22,05/25/2026 00:00:00
376,364,12,Tamito WATANABE,JPN,Japan,32,MS,Messieurs simple,SEN,143604,2026,22,05/25/2026 00:00:00
377,365,12,WU Yiran,USA,USA,31,MS,Messieurs simple,SEN,221705,2026,22,05/25/2026 00:00:00
378,366,12,Peter TAURAKI,COK,Cook Islands,31,MS,Messieurs simple,SEN,221123,2026,22,05/25/2026 00:00:00
379,440,-61,Elias SJOGREN,SWE,Sweden,31,MS,Messieurs simple,SEN,135103,2026,22,05/25/2026 00:00:00
380,368,12,Kanta TOKUDA,JPN,Japan,31,MS,Messieurs simple,SEN,212495,2026,22,05/25/2026 00:00:00
381,369,12,Adam WALLIN,SWE,Sweden,31,MS,Messieurs simple,SEN,145776,2026,22,05/25/2026 00:00:00
382,434,-52,Antoine DOYEN,POR,Portugal,31,MS,Messieurs simple,SEN,121687,2026,22,05/25/2026 00:00:00
383,371,12,Aidos KENZHIGULOV,KAZ,Kazakhstan,31,MS,Messieurs simple,SEN,131150,2026,22,05/25/2026 00:00:00
384,436,-52,ZHOU Guanhong,CHN,China,30,MS,Messieurs simple,SEN,209003,2026,22,05/25/2026 00:00:00
385,372,13,Sharky ITAIA,NRU,Nauru,30,MS,Messieurs simple,SEN,119364,2026,22,05/25/2026 00:00:00
386,373,13,Sergio CARRILLO,GUA,Guatemala,30,MS,Messieurs simple,SEN,122862,2026,22,05/25/2026 00:00:00
387,374,13,Keishi HAGIHARA,JPN,Japan,30,MS,Messieurs simple,SEN,200664,2026,22,05/25/2026 00:00:00
388,377,11,Samuel PALUSEK,SVK,Slovak Republic,30,MS,Messieurs simple,SEN,135529,2026,22,05/25/2026 00:00:00
389,378,11,Kef NOORANI,USA,USA,30,MS,Messieurs simple,SEN,200547,2026,22,05/25/2026 00:00:00
390,379,11,Leon BENKO,CRO,Croatia,30,MS,Messieurs simple,SEN,136687,2026,22,05/25/2026 00:00:00
391,380,11,Dominykas SAMUOLIS,DEN,Denmark,30,MS,Messieurs simple,SEN,137713,2026,22,05/25/2026 00:00:00
392,381,11,Kirill SKACHKOV,RUS,Russia,29,MS,Messieurs simple,SEN,108742,2026,22,05/25/2026 00:00:00
393,382,11,Preyesh SURESH,IND,India,29,MS,Messieurs simple,SEN,134934,2026,22,05/25/2026 00:00:00
394,383,11,KIM Woojin,KOR,Korea Republic,29,MS,Messieurs simple,SEN,131412,2026,22,05/25/2026 00:00:00
395,396,-1,Sohan GILLES,FRA,France,29,MS,Messieurs simple,SEN,145759,2026,22,05/25/2026 00:00:00
396,385,11,LEE Hyeonho,KOR,Korea Republic,29,MS,Messieurs simple,SEN,202932,2026,22,05/25/2026 00:00:00
397,387,10,Ricardo GATICA,GUA,Guatemala,29,MS,Messieurs simple,SEN,134780,2026,22,05/25/2026 00:00:00
398,388,10,Lucas ROMANSKI,BRA,Brazil,29,MS,Messieurs simple,SEN,204515,2026,22,05/25/2026 00:00:00
399,389,10,Punit BISWAS,IND,India,28,MS,Messieurs simple,SEN,205600,2026,22,05/25/2026 00:00:00
400,390,10,Jabdiel TORRES,PUR,Puerto Rico,28,MS,Messieurs simple,SEN,135305,2026,22,05/25/2026 00:00:00
401,391,10,Felipe DUFFOO,PER,Peru,28,MS,Messieurs simple,SEN,122610,2026,22,05/25/2026 00:00:00
402,333,69,Alberto MINO,ECU,Ecuador,28,MS,Messieurs simple,SEN,106151,2026,22,05/25/2026 00:00:00
403,392,11,CHOI Jiwook,KOR,Korea Republic,28,MS,Messieurs simple,SEN,201214,2026,22,05/25/2026 00:00:00
404,393,11,William BERGENBLOCK,SWE,Sweden,28,MS,Messieurs simple,SEN,137873,2026,22,05/25/2026 00:00:00
405,419,-14,Ramon VILA,DOM,Dominican Republic,28,MS,Messieurs simple,SEN,145366,2026,22,05/25/2026 00:00:00
406,394,12,Daito ONO,JPN,Japan,27,MS,Messieurs simple,SEN,206575,2026,22,05/25/2026 00:00:00
407,395,12,Allan SARMENTO,BRA,Brazil,27,MS,Messieurs simple,SEN,205717,2026,22,05/25/2026 00:00:00
408,397,11,Sami KHEROUF,ALG,Algeria,27,MS,Messieurs simple,SEN,104514,2026,22,05/25/2026 00:00:00
409,398,11,Szymon KOLASA,POL,Poland,27,MS,Messieurs simple,SEN,133808,2026,22,05/25/2026 00:00:00
410,338,72,CHEW Clarence,SGP,Singapore,27,MS,Messieurs simple,SEN,113395,2026,22,05/25/2026 00:00:00
411,467,-56,Tiago ABIODUN,POR,Portugal,27,MS,Messieurs simple,SEN,137630,2026,22,05/25/2026 00:00:00
412,400,12,Raphael QUINNE,NCL,New Caledonia,26,MS,Messieurs simple,SEN,221138,2026,22,05/25/2026 00:00:00
413,401,12,Vladislav MAKAROV,RUS,Russia,26,MS,Messieurs simple,SEN,133206,2026,22,05/25/2026 00:00:00
414,403,11,Federico VALLINO,ITA,Italy,26,MS,Messieurs simple,SEN,133415,2026,22,05/25/2026 00:00:00
415,404,11,Daniele PINTO,ITA,Italy,26,MS,Messieurs simple,SEN,118920,2026,22,05/25/2026 00:00:00
416,406,10,Amboarasoa RAZAFINDRAKOTO,MAD,Madagascar,25,MS,Messieurs simple,SEN,122251,2026,22,05/25/2026 00:00:00
417,408,9,Rafael TURRINI,BRA,Brazil,25,MS,Messieurs simple,SEN,123028,2026,22,05/25/2026 00:00:00
418,409,9,Cuten LODEWYK,RSA,South Africa,25,MS,Messieurs simple,SEN,206095,2026,22,05/25/2026 00:00:00
419,410,9,Milosz SAWCZAK,POL,Poland,25,MS,Messieurs simple,SEN,135941,2026,22,05/25/2026 00:00:00
420,411,9,Liam BEUKES,RSA,South Africa,25,MS,Messieurs simple,SEN,202641,2026,22,05/25/2026 00:00:00
421,412,9,Jorge CAMPOS,CUB,Cuba,25,MS,Messieurs simple,SEN,112121,2026,22,05/25/2026 00:00:00
422,413,9,Adrian PEREZ ,CUB,Cuba,25,MS,Messieurs simple,SEN,136779,2026,22,05/25/2026 00:00:00
423,348,75,Darara DUFERA,ETH,Ethiopia,25,MS,Messieurs simple,SEN,145486,2026,22,05/25/2026 00:00:00
424,415,9,Ronit BHANJA,IND,India,25,MS,Messieurs simple,SEN,123385,2026,22,05/25/2026 00:00:00
425,432,-7,Yoan REBETEZ,SUI,Switzerland,25,MS,Messieurs simple,SEN,131845,2026,22,05/25/2026 00:00:00
426,420,6,KIM Byunghyeon,KOR,Korea Republic,24,MS,Messieurs simple,SEN,123057,2026,22,05/25/2026 00:00:00
427,421,6,Rubin MAHARJAN,NEP,Nepal,24,MS,Messieurs simple,SEN,203160,2026,22,05/25/2026 00:00:00
428,422,6,Dastan KENZHIGULOV,KAZ,Kazakhstan,24,MS,Messieurs simple,SEN,123230,2026,22,05/25/2026 00:00:00
429,423,6,Francesco TREVISAN,ITA,Italy,24,MS,Messieurs simple,SEN,143934,2026,22,05/25/2026 00:00:00
430,424,6,CHENG Hong Yu,TPE,Chinese Taipei,24,MS,Messieurs simple,SEN,220713,2026,22,05/25/2026 00:00:00
431,425,6,Hamilton YAMANE,BRA,Brazil,24,MS,Messieurs simple,SEN,146021,2026,22,05/25/2026 00:00:00
432,426,6,Vladimir PANDUREVIC,SRB,Serbia,24,MS,Messieurs simple,SEN,135993,2026,22,05/25/2026 00:00:00
433,427,6,Ivan HENCL,CRO,Croatia,24,MS,Messieurs simple,SEN,145421,2026,22,05/25/2026 00:00:00
434,428,6,Julian RZIHAUSCHEK,AUT,Austria,24,MS,Messieurs simple,SEN,137885,2026,22,05/25/2026 00:00:00
435,429,6,Axel Emmanuel LOVO ALVAREZ,MEX,Mexico,23,MS,Messieurs simple,SEN,146201,2026,22,05/25/2026 00:00:00
436,879,-443,Milo DE BOER,NED,Netherlands,23,MS,Messieurs simple,SEN,134557,2026,22,05/25/2026 00:00:00
437,430,7,Temuulen MYANDAL,MGL,Mongolia,23,MS,Messieurs simple,SEN,124260,2026,22,05/25/2026 00:00:00
438,431,7,Rajeev CHIKANBANJAR,NEP,Nepal,23,MS,Messieurs simple,SEN,203088,2026,22,05/25/2026 00:00:00
439,442,-3,Abdulrahman AL TAHER,KSA,Saudi Arabia,23,MS,Messieurs simple,SEN,200266,2026,22,05/25/2026 00:00:00
440,433,7,Harkunwar SINGH,IND,India,23,MS,Messieurs simple,SEN,208431,2026,22,05/25/2026 00:00:00
441,435,6,Sanzhar ZHUBANOV,KAZ,Kazakhstan,23,MS,Messieurs simple,SEN,137569,2026,22,05/25/2026 00:00:00
442,566,-124,Rafael CABRERA,DOM,Dominican Republic,23,MS,Messieurs simple,SEN,134636,2026,22,05/25/2026 00:00:00
443,491,-48,Giacomo IZZO,ITA,Italy,23,MS,Messieurs simple,SEN,136190,2026,22,05/25/2026 00:00:00
444,437,7,Felix WETZEL,MLT,Malta,22,MS,Messieurs simple,SEN,134395,2026,22,05/25/2026 00:00:00
445,439,6,IM Jin Zhen,MAS,Malaysia,22,MS,Messieurs simple,SEN,144712,2026,22,05/25/2026 00:00:00
446,441,5,Akash GUPTA,IND,India,22,MS,Messieurs simple,SEN,207584,2026,22,05/25/2026 00:00:00
447,712,-265,Igor BOULMO,CMR,Cameroon,22,MS,Messieurs simple,SEN,136505,2026,22,05/25/2026 00:00:00
448,443,5,Amirmahdi KESHAVARZI,IRI,Iran,22,MS,Messieurs simple,SEN,202408,2026,22,05/25/2026 00:00:00
449,444,5,Samuel MICHNA,POL,Poland,22,MS,Messieurs simple,SEN,200748,2026,22,05/25/2026 00:00:00
450,445,5,Felipe OLIVARES,CHI,Chile,21,MS,Messieurs simple,SEN,106913,2026,22,05/25/2026 00:00:00
451,446,5,Sriram SIVAM,IND,India,21,MS,Messieurs simple,SEN,146090,2026,22,05/25/2026 00:00:00
452,559,-107,Tom SCHOLTES,LUX,Luxembourg,21,MS,Messieurs simple,SEN,136158,2026,22,05/25/2026 00:00:00
453,447,6,Yoan VELICHKOV,BUL,Bulgaria,21,MS,Messieurs simple,SEN,200291,2026,22,05/25/2026 00:00:00
454,448,6,Mattias MONGIUSTI,SMR,San Marino,21,MS,Messieurs simple,SEN,132196,2026,22,05/25/2026 00:00:00
455,449,6,Khai LAM,NOR,Norway,21,MS,Messieurs simple,SEN,135998,2026,22,05/25/2026 00:00:00
456,450,6,Luca KHIDASHELI,ESP,Spain,21,MS,Messieurs simple,SEN,200804,2026,22,05/25/2026 00:00:00
457,451,6,Jakub KAUCKY,CZE,Czechia,21,MS,Messieurs simple,SEN,135478,2026,22,05/25/2026 00:00:00
458,452,6,Salem ALSUWAILEM,KSA,Saudi Arabia,21,MS,Messieurs simple,SEN,133469,2026,22,05/25/2026 00:00:00
459,453,6,Victor XIE,USA,USA,20,MS,Messieurs simple,SEN,134463,2026,22,05/25/2026 00:00:00
460,454,6,TSENG Tzu-Yu,TPE,Chinese Taipei,20,MS,Messieurs simple,SEN,136984,2026,22,05/25/2026 00:00:00
461,472,-11,Martin FROSETH,NOR,Norway,20,MS,Messieurs simple,SEN,134613,2026,22,05/25/2026 00:00:00
462,455,7,HE Chon Fai,MAC,"Macao, China",20,MS,Messieurs simple,SEN,135170,2026,22,05/25/2026 00:00:00
463,456,7,Diyorbek DILSHODOV,UZB,Uzbekistan,20,MS,Messieurs simple,SEN,200075,2026,22,05/25/2026 00:00:00
464,457,7,FEI Junhang,CHN,China,20,MS,Messieurs simple,SEN,203068,2026,22,05/25/2026 00:00:00
465,458,7,Laurent JUTRAS-VIGNEAULT,CAN,Canada,20,MS,Messieurs simple,SEN,145823,2026,22,05/25/2026 00:00:00
466,460,6,Loic STOLL,SUI,Switzerland,20,MS,Messieurs simple,SEN,137037,2026,22,05/25/2026 00:00:00
467,512,-45,Ernest QUARCOO,GHA,Ghana,19,MS,Messieurs simple,SEN,145811,2026,22,05/25/2026 00:00:00
468,462,6,Ali ALTAHER,KSA,Saudi Arabia,19,MS,Messieurs simple,SEN,137528,2026,22,05/25/2026 00:00:00
469,463,6,Monday OLABIYI,BEN,Benin,19,MS,Messieurs simple,SEN,106897,2026,22,05/25/2026 00:00:00
470,464,6,Khurshid AKHMEDOV,UZB,Uzbekistan,19,MS,Messieurs simple,SEN,203041,2026,22,05/25/2026 00:00:00
471,465,6,Berk OZTOPRAK,TUR,Türkiye,19,MS,Messieurs simple,SEN,204112,2026,22,05/25/2026 00:00:00
472,468,4,Marcel BLASZCZYK,POL,Poland,19,MS,Messieurs simple,SEN,200667,2026,22,05/25/2026 00:00:00
473,469,4,Shankhadip DAS,IND,India,18,MS,Messieurs simple,SEN,200315,2026,22,05/25/2026 00:00:00
474,470,4,TAN Zhao Ray,SGP,Singapore,18,MS,Messieurs simple,SEN,133601,2026,22,05/25/2026 00:00:00
475,471,4,Bastien DUPONT,FRA,France,18,MS,Messieurs simple,SEN,223843,2026,22,05/25/2026 00:00:00
476,473,3,Dawid MICHNA,POL,Poland,18,MS,Messieurs simple,SEN,144872,2026,22,05/25/2026 00:00:00
477,474,3,HAN Doyun,KOR,Korea Republic,18,MS,Messieurs simple,SEN,135163,2026,22,05/25/2026 00:00:00
478,475,3,Abhilash RAVAL,IND,India,18,MS,Messieurs simple,SEN,203078,2026,22,05/25/2026 00:00:00
479,476,3,ZHAI Jiale,CHN,China,18,MS,Messieurs simple,SEN,206222,2026,22,05/25/2026 00:00:00
480,477,3,WANG Jixuan,CHN,China,18,MS,Messieurs simple,SEN,204289,2026,22,05/25/2026 00:00:00
481,478,3,Noa DAHLSTROM,SWE,Sweden,18,MS,Messieurs simple,SEN,137881,2026,22,05/25/2026 00:00:00
482,479,3,Ruwen FILUS,GER,Germany,18,MS,Messieurs simple,SEN,102761,2026,22,05/25/2026 00:00:00
483,480,3,Pavel SIRUCEK,CZE,Czechia,18,MS,Messieurs simple,SEN,113243,2026,22,05/25/2026 00:00:00
484,481,3,Umesh KUMAR,IND,India,18,MS,Messieurs simple,SEN,200550,2026,22,05/25/2026 00:00:00
485,417,68,Lleyton ULLMANN,GER,Germany,18,MS,Messieurs simple,SEN,135494,2026,22,05/25/2026 00:00:00
486,482,4,Mohammad HABIBI,IRI,Iran,18,MS,Messieurs simple,SEN,201290,2026,22,05/25/2026 00:00:00
487,504,-17,Usman AYOOLA,NGR,Nigeria,17,MS,Messieurs simple,SEN,222011,2026,22,05/25/2026 00:00:00
488,986,-498,Abayomi ANIMASAHUN,NGR,Nigeria,17,MS,Messieurs simple,SEN,131045,2026,22,05/25/2026 00:00:00
489,483,6,Anav GUPTA,USA,USA,17,MS,Messieurs simple,SEN,200611,2026,22,05/25/2026 00:00:00
490,484,6,Oscar BIRRIEL,PUR,Puerto Rico,17,MS,Messieurs simple,SEN,137175,2026,22,05/25/2026 00:00:00
491,485,6,Brin VOVK PETROVSKI,SLO,Slovenia,17,MS,Messieurs simple,SEN,145277,2026,22,05/25/2026 00:00:00
492,486,6,Kumar HARSHIT,IND,India,17,MS,Messieurs simple,SEN,206444,2026,22,05/25/2026 00:00:00
493,487,6,Alexander CHEN,AUT,Austria,17,MS,Messieurs simple,SEN,113914,2026,22,05/25/2026 00:00:00
494,490,4,Noah VITEL,FRA,France,17,MS,Messieurs simple,SEN,201075,2026,22,05/25/2026 00:00:00
495,489,6,LAI Yong Han,MAS,Malaysia,17,MS,Messieurs simple,SEN,144793,2026,22,05/25/2026 00:00:00
496,399,97,Frane KOJIC,CRO,Croatia,16,MS,Messieurs simple,SEN,104760,2026,22,05/25/2026 00:00:00
497,492,5,Aoto ASAZU,JPN,Japan,16,MS,Messieurs simple,SEN,122387,2026,22,05/25/2026 00:00:00
498,493,5,Vladimir PETKOV,BUL,Bulgaria,16,MS,Messieurs simple,SEN,107335,2026,22,05/25/2026 00:00:00
499,494,5,Alan KULCZYCKI,POL,Poland,16,MS,Messieurs simple,SEN,136571,2026,22,05/25/2026 00:00:00
500,495,5,Patryk Rafal LEWANDOWSKI,POL,Poland,16,MS,Messieurs simple,SEN,144870,2026,22,05/25/2026 00:00:00
501,496,5,Jakub STECYSZYN,POL,Poland,16,MS,Messieurs simple,SEN,144877,2026,22,05/25/2026 00:00:00
502,497,5,Taisei MATSUSHITA,JPN,Japan,16,MS,Messieurs simple,SEN,120233,2026,22,05/25/2026 00:00:00
503,509,-6,Oba Kizito OBA,CIV,Cote d'Ivoire,16,MS,Messieurs simple,SEN,113472,2026,22,05/25/2026 00:00:00
504,498,6,CHOI Hojun,KOR,Korea Republic,16,MS,Messieurs simple,SEN,209002,2026,22,05/25/2026 00:00:00
505,542,-37,YU Haiyang,CHN,China,16,MS,Messieurs simple,SEN,206904,2026,22,05/25/2026 00:00:00
506,499,7,HUANG Xunan,CHN,China,16,MS,Messieurs simple,SEN,202981,2026,22,05/25/2026 00:00:00
507,500,7,Abdulla MAMAY,KAZ,Kazakhstan,16,MS,Messieurs simple,SEN,200344,2026,22,05/25/2026 00:00:00
508,501,7,MA Yeongmin,KOR,Korea Republic,16,MS,Messieurs simple,SEN,202356,2026,22,05/25/2026 00:00:00
509,503,6,Zo RAZAFINDRALAMBO,MAD,Madagascar,15,MS,Messieurs simple,SEN,117019,2026,22,05/25/2026 00:00:00
510,505,5,Mustapha MUSTAPHA,NGR,Nigeria,15,MS,Messieurs simple,SEN,137012,2026,22,05/25/2026 00:00:00
511,507,4,Yaya AZEEZ,NGR,Nigeria,15,MS,Messieurs simple,SEN,222014,2026,22,05/25/2026 00:00:00
512,508,4,MAK Tin Ian,MAC,"Macao, China",15,MS,Messieurs simple,SEN,135169,2026,22,05/25/2026 00:00:00
513,,,Tobi ADEBAKIN,NGR,Nigeria,15,MS,Messieurs simple,SEN,220607,2026,22,05/25/2026 00:00:00
514,,,Afeez YUNUS,NGR,Nigeria,15,MS,Messieurs simple,SEN,225925,2026,22,05/25/2026 00:00:00
515,510,5,Samuel ANKUNDA,UGA,Uganda,15,MS,Messieurs simple,SEN,202168,2026,22,05/25/2026 00:00:00
516,511,5,Livan MARTINEZ,CUB,Cuba,15,MS,Messieurs simple,SEN,121440,2026,22,05/25/2026 00:00:00
517,513,4,Mamy RAKOTOARISOA,MAD,Madagascar,15,MS,Messieurs simple,SEN,209120,2026,22,05/25/2026 00:00:00
518,514,4,Suraju SAKA,CGO,Congo Brazzaville,15,MS,Messieurs simple,SEN,109092,2026,22,05/25/2026 00:00:00
519,515,4,Bakang MALOKA,BOT,Botswana,15,MS,Messieurs simple,SEN,123776,2026,22,05/25/2026 00:00:00
520,516,4,Exauce NGEFUASSA,COD,Congo Democratic,15,MS,Messieurs simple,SEN,134970,2026,22,05/25/2026 00:00:00
521,517,4,Sedik TCHAGOLE,TOG,Togo,15,MS,Messieurs simple,SEN,144772,2026,22,05/25/2026 00:00:00
522,518,4,Rene MENDEZ ,CUB,Cuba,15,MS,Messieurs simple,SEN,136783,2026,22,05/25/2026 00:00:00
523,519,4,Henrique NOGUTI ,BRA,Brazil,15,MS,Messieurs simple,SEN,136409,2026,22,05/25/2026 00:00:00
524,520,4,Tresor NZEYIMANA,BDI,Burundi,15,MS,Messieurs simple,SEN,114162,2026,22,05/25/2026 00:00:00
525,521,4,Farouk SALIFOU,BEN,Benin,15,MS,Messieurs simple,SEN,108205,2026,22,05/25/2026 00:00:00
526,522,4,Zayyan SK. HOSSEIN,MRI,Mauritius,15,MS,Messieurs simple,SEN,131813,2026,22,05/25/2026 00:00:00
527,523,4,Rabby KASOTA,COD,Congo Democratic,15,MS,Messieurs simple,SEN,136508,2026,22,05/25/2026 00:00:00
528,524,4,Francisco FERNANDES,ANG,Angola,15,MS,Messieurs simple,SEN,146170,2026,22,05/25/2026 00:00:00
529,525,4,Drake THOMA,NRU,Nauru,15,MS,Messieurs simple,SEN,221117,2026,22,05/25/2026 00:00:00
530,526,4,Sridhar KARRA,FIJ,Fiji,15,MS,Messieurs simple,SEN,104388,2026,22,05/25/2026 00:00:00
531,527,4,Delcio CASSULE,ANG,Angola,15,MS,Messieurs simple,SEN,209114,2026,22,05/25/2026 00:00:00
532,528,4,Sanyog KAPALI,NEP,Nepal,15,MS,Messieurs simple,SEN,134900,2026,22,05/25/2026 00:00:00
533,414,119,Benedek OLAH,FIN,Finland,15,MS,Messieurs simple,SEN,110726,2026,22,05/25/2026 00:00:00
534,529,5,Yeifrer Yoandri SOTELDO GOYO,VEN,Venezuela,15,MS,Messieurs simple,SEN,146226,2026,22,05/25/2026 00:00:00
535,530,5,Elizandro ANDRE,ANG,Angola,15,MS,Messieurs simple,SEN,117937,2026,22,05/25/2026 00:00:00
536,531,5,Alexis ORENCEL,ARG,Argentina,15,MS,Messieurs simple,SEN,132104,2026,22,05/25/2026 00:00:00
537,532,5,Ahmed AL RIYAMI,OMA,Oman,15,MS,Messieurs simple,SEN,135826,2026,22,05/25/2026 00:00:00
538,533,5,Ben Moussa DOSSO,CIV,Cote d'Ivoire,15,MS,Messieurs simple,SEN,144767,2026,22,05/25/2026 00:00:00
539,534,5,Abdullah ABDULWAHHAB,QAT,Qatar,15,MS,Messieurs simple,SEN,144667,2026,22,05/25/2026 00:00:00
540,535,5,Arjav GUPTA,IND,India,15,MS,Messieurs simple,SEN,202220,2026,22,05/25/2026 00:00:00
541,722,-181,Nazarii SOLODKYI,UKR,Ukraine,15,MS,Messieurs simple,SEN,135971,2026,22,05/25/2026 00:00:00
542,536,6,Andy LI,USA,USA,15,MS,Messieurs simple,SEN,209658,2026,22,05/25/2026 00:00:00
543,537,6,Tanish PENDSE,USA,USA,15,MS,Messieurs simple,SEN,209631,2026,22,05/25/2026 00:00:00
544,538,6,CHOONG Javen,MAS,Malaysia,15,MS,Messieurs simple,SEN,131932,2026,22,05/25/2026 00:00:00
545,539,6,Sudhanshu MAINI,IND,India,15,MS,Messieurs simple,SEN,200235,2026,22,05/25/2026 00:00:00
546,540,6,Tugay YILMAZ,TUR,Türkiye,15,MS,Messieurs simple,SEN,124639,2026,22,05/25/2026 00:00:00
547,541,6,Diego ORANTES,ESA,El Salvador,14,MS,Messieurs simple,SEN,135041,2026,22,05/25/2026 00:00:00
548,543,5,NG Wann Sing Danny,MAS,Malaysia,14,MS,Messieurs simple,SEN,134950,2026,22,05/25/2026 00:00:00
549,544,5,Davi FUJII,BRA,Brazil,14,MS,Messieurs simple,SEN,200643,2026,22,05/25/2026 00:00:00
550,545,5,Won BAE,AUS,Australia,14,MS,Messieurs simple,SEN,134802,2026,22,05/25/2026 00:00:00
551,546,5,Botond VARGA,HUN,Hungary,14,MS,Messieurs simple,SEN,145286,2026,22,05/25/2026 00:00:00
552,547,5,TSAI Tien-Yu,TPE,Chinese Taipei,14,MS,Messieurs simple,SEN,146266,2026,22,05/25/2026 00:00:00
553,548,5,Irisbek ARTUKMETOV,KAZ,Kazakhstan,14,MS,Messieurs simple,SEN,135077,2026,22,05/25/2026 00:00:00
554,549,5,LI Hon Ming,HKG,"Hong Kong, China",14,MS,Messieurs simple,SEN,115548,2026,22,05/25/2026 00:00:00
555,550,5,Rodrigo HIDALGO,PER,Peru,13,MS,Messieurs simple,SEN,122607,2026,22,05/25/2026 00:00:00
556,551,5,Jorge PAREDES,CHI,Chile,13,MS,Messieurs simple,SEN,132731,2026,22,05/25/2026 00:00:00
557,552,5,Sarvarbek GULOMOV,UZB,Uzbekistan,13,MS,Messieurs simple,SEN,211323,2026,22,05/25/2026 00:00:00
558,553,5,BACK Donghoon,KOR,Korea Republic,13,MS,Messieurs simple,SEN,137006,2026,22,05/25/2026 00:00:00
559,554,5,Ankhbayar BILGUUN,MGL,Mongolia,13,MS,Messieurs simple,SEN,206607,2026,22,05/25/2026 00:00:00
560,555,5,Phakpoom SANGUANSIN,THA,Thailand,13,MS,Messieurs simple,SEN,108276,2026,22,05/25/2026 00:00:00
561,556,5,Sarayut TANCHAROEN,THA,Thailand,13,MS,Messieurs simple,SEN,117914,2026,22,05/25/2026 00:00:00
562,569,-7,Swarnendu CHOWDHURY,IND,India,13,MS,Messieurs simple,SEN,223605,2026,22,05/25/2026 00:00:00
563,557,6,Michal GAWLAS,POL,Poland,13,MS,Messieurs simple,SEN,144866,2026,22,05/25/2026 00:00:00
564,558,6,Mohammadjavad SOHRABI,IRI,Iran,13,MS,Messieurs simple,SEN,137003,2026,22,05/25/2026 00:00:00
565,946,-381,Ignas SISANOVAS,LTU,Lithuania,13,MS,Messieurs simple,SEN,135572,2026,22,05/25/2026 00:00:00
566,560,6,Faraz SHAKIBA,IRI,Iran,13,MS,Messieurs simple,SEN,201299,2026,22,05/25/2026 00:00:00
567,561,6,Evan LERICHE,FRA,France,13,MS,Messieurs simple,SEN,207128,2026,22,05/25/2026 00:00:00
568,562,6,YANG Ze Yi,SGP,Singapore,13,MS,Messieurs simple,SEN,136338,2026,22,05/25/2026 00:00:00
569,563,6,Noe KEUSCH,SUI,Switzerland,13,MS,Messieurs simple,SEN,145491,2026,22,05/25/2026 00:00:00
570,564,6,Robert PODAR,ROU,Romania,13,MS,Messieurs simple,SEN,136171,2026,22,05/25/2026 00:00:00
571,567,4,Shridhar JOUSHI,IND,India,12,MS,Messieurs simple,SEN,207860,2026,22,05/25/2026 00:00:00
572,568,4,Myshaal SABHI,TUN,Tunisia,12,MS,Messieurs simple,SEN,133379,2026,22,05/25/2026 00:00:00
573,570,3,LEE Hoyun,KOR,Korea Republic,12,MS,Messieurs simple,SEN,137004,2026,22,05/25/2026 00:00:00
574,571,3,Onur GULUZADE,AZE,Azerbaijan,12,MS,Messieurs simple,SEN,201390,2026,22,05/25/2026 00:00:00
575,572,3,CHENG Min-Hsiu,TPE,Chinese Taipei,12,MS,Messieurs simple,SEN,201151,2026,22,05/25/2026 00:00:00
576,573,3,LIU Zihang,CHN,China,12,MS,Messieurs simple,SEN,212894,2026,22,05/25/2026 00:00:00
577,669,-92,Jaynil MEHTA,IND,India,12,MS,Messieurs simple,SEN,220568,2026,22,05/25/2026 00:00:00
578,842,-264,Sora OKADA,JPN,Japan,12,MS,Messieurs simple,SEN,207770,2026,22,05/25/2026 00:00:00
579,587,-8,CHEN Kai-Cheng,TPE,Chinese Taipei,12,MS,Messieurs simple,SEN,203201,2026,22,05/25/2026 00:00:00
580,574,6,Cristian PLETEA,ROU,Romania,12,MS,Messieurs simple,SEN,121042,2026,22,05/25/2026 00:00:00
581,575,6,Mehan SENTHIL,IND,India,12,MS,Messieurs simple,SEN,212660,2026,22,05/25/2026 00:00:00
582,576,6,Vighney PATEL,IND,India,12,MS,Messieurs simple,SEN,213478,2026,22,05/25/2026 00:00:00
583,577,6,Eitay SHUSHAN,ISR,Israel,12,MS,Messieurs simple,SEN,135219,2026,22,05/25/2026 00:00:00
584,595,-11,Shihan PALKHIVALA,IND,India,12,MS,Messieurs simple,SEN,223686,2026,22,05/25/2026 00:00:00
585,578,7,Ugurcan DURSUN,TUR,Türkiye,12,MS,Messieurs simple,SEN,144892,2026,22,05/25/2026 00:00:00
586,579,7,Rawad ALNASER,QAT,Qatar,12,MS,Messieurs simple,SEN,135383,2026,22,05/25/2026 00:00:00
587,580,7,Soma ONO,JPN,Japan,12,MS,Messieurs simple,SEN,202444,2026,22,05/25/2026 00:00:00
588,581,7,Federico GIARDI,SMR,San Marino,12,MS,Messieurs simple,SEN,121073,2026,22,05/25/2026 00:00:00
589,642,-53,Isaac VILA,DOM,Dominican Republic,12,MS,Messieurs simple,SEN,112125,2026,22,05/25/2026 00:00:00
590,565,25,Damian FLORO,SVK,Slovak Republic,12,MS,Messieurs simple,SEN,200073,2026,22,05/25/2026 00:00:00
591,582,9,CHON Jong Bom,PRK,Korea DPR,11,MS,Messieurs simple,SEN,222586,2026,22,05/25/2026 00:00:00
592,583,9,Mohamed SHAFFAN,MDV,Maldives,11,MS,Messieurs simple,SEN,134910,2026,22,05/25/2026 00:00:00
593,584,9,Daniel TRAN,USA,USA,11,MS,Messieurs simple,SEN,135691,2026,22,05/25/2026 00:00:00
594,585,9,David KOSTADINOV,BUL,Bulgaria,11,MS,Messieurs simple,SEN,115802,2026,22,05/25/2026 00:00:00
595,586,9,Lautaro SATO,ARG,Argentina,11,MS,Messieurs simple,SEN,135045,2026,22,05/25/2026 00:00:00
596,588,8,Isak ALFREDSSON,SWE,Sweden,11,MS,Messieurs simple,SEN,134606,2026,22,05/25/2026 00:00:00
597,589,8,Shivjit LAMBA,IND,India,11,MS,Messieurs simple,SEN,132906,2026,22,05/25/2026 00:00:00
598,590,8,Yousif ABDALLA,QAT,Qatar,11,MS,Messieurs simple,SEN,144666,2026,22,05/25/2026 00:00:00
599,591,8,Ahmed SAADAWI,QAT,Qatar,11,MS,Messieurs simple,SEN,144668,2026,22,05/25/2026 00:00:00
600,592,8,Rahul MALIK,IND,India,11,MS,Messieurs simple,SEN,209074,2026,22,05/25/2026 00:00:00
601,593,8,OH Seunghwan,KOR,Korea Republic,11,MS,Messieurs simple,SEN,133702,2026,22,05/25/2026 00:00:00
602,594,8,Jordy PICCOLIN,ITA,Italy,11,MS,Messieurs simple,SEN,117006,2026,22,05/25/2026 00:00:00
603,596,7,ZHOU Jinquan,CHN,China,11,MS,Messieurs simple,SEN,206223,2026,22,05/25/2026 00:00:00
604,597,7,Setra RAKOTOARISOA,MAD,Madagascar,11,MS,Messieurs simple,SEN,131906,2026,22,05/25/2026 00:00:00
605,636,-31,Barish MOULLET,SUI,Switzerland,11,MS,Messieurs simple,SEN,132223,2026,22,05/25/2026 00:00:00
606,598,8,Per GEVERS,BEL,Belgium,11,MS,Messieurs simple,SEN,144475,2026,22,05/25/2026 00:00:00
607,657,-50,Kossi AKAKPO,TOG,Togo,11,MS,Messieurs simple,SEN,133506,2026,22,05/25/2026 00:00:00
608,599,9,Kenyu HIRATSUKA,JPN,Japan,11,MS,Messieurs simple,SEN,209475,2026,22,05/25/2026 00:00:00
609,600,9,CHUANG Chung-Yen,TPE,Chinese Taipei,11,MS,Messieurs simple,SEN,203275,2026,22,05/25/2026 00:00:00
610,601,9,Martin BENTANCOR,ARG,Argentina,11,MS,Messieurs simple,SEN,122225,2026,22,05/25/2026 00:00:00
611,718,-107,James MARFO,GHA,Ghana,11,MS,Messieurs simple,SEN,205257,2026,22,05/25/2026 00:00:00
612,602,10,Bosman BOTHA,USA,USA,11,MS,Messieurs simple,SEN,206472,2026,22,05/25/2026 00:00:00
613,664,-51,Edouard VALENET,PHI,Philippines,11,MS,Messieurs simple,SEN,206584,2026,22,05/25/2026 00:00:00
614,604,10,Takumi TANIMOTO,JPN,Japan,10,MS,Messieurs simple,SEN,145265,2026,22,05/25/2026 00:00:00
615,605,10,Mohamed KHALOUFI,TUN,Tunisia,10,MS,Messieurs simple,SEN,136144,2026,22,05/25/2026 00:00:00
616,606,10,Mohamed SALEH,BRN,Bahrain,10,MS,Messieurs simple,SEN,112030,2026,22,05/25/2026 00:00:00
617,608,9,Ivaylo KOSEV,BUL,Bulgaria,10,MS,Messieurs simple,SEN,209073,2026,22,05/25/2026 00:00:00
618,609,9,Sharpel ELIA,CYP,Cyprus,10,MS,Messieurs simple,SEN,137016,2026,22,05/25/2026 00:00:00
619,610,9,Yuma TANIGAKI,JPN,Japan,10,MS,Messieurs simple,SEN,135625,2026,22,05/25/2026 00:00:00
620,611,9,Darius TOMA,ROU,Romania,10,MS,Messieurs simple,SEN,131996,2026,22,05/25/2026 00:00:00
621,612,9,Kaden XU,USA,USA,10,MS,Messieurs simple,SEN,137800,2026,22,05/25/2026 00:00:00
622,613,9,DINH Anh Hoang,VIE,Vietnam,10,MS,Messieurs simple,SEN,145671,2026,22,05/25/2026 00:00:00
623,614,9,LE Dinh Duc,VIE,Vietnam,10,MS,Messieurs simple,SEN,137298,2026,22,05/25/2026 00:00:00
624,615,9,Filip RADOVIC,MNE,Montenegro,10,MS,Messieurs simple,SEN,119579,2026,22,05/25/2026 00:00:00
625,616,9,Soh YOSHIDA,JPN,Japan,10,MS,Messieurs simple,SEN,210115,2026,22,05/25/2026 00:00:00
626,617,9,Marios YIANGOU,CYP,Cyprus,10,MS,Messieurs simple,SEN,110768,2026,22,05/25/2026 00:00:00
627,618,9,Chameera GINIGE,SRI,Sri Lanka,10,MS,Messieurs simple,SEN,117902,2026,22,05/25/2026 00:00:00
628,619,9,Rashed RASHED,UAE,United Arab Emirates,10,MS,Messieurs simple,SEN,201953,2026,22,05/25/2026 00:00:00
629,620,9,Parth MAGAR,IND,India,10,MS,Messieurs simple,SEN,206302,2026,22,05/25/2026 00:00:00
630,621,9,Denis IVONIN,RUS,Russia,10,MS,Messieurs simple,SEN,120865,2026,22,05/25/2026 00:00:00
631,622,9,Keisuke KIHO,JPN,Japan,10,MS,Messieurs simple,SEN,224938,2026,22,05/25/2026 00:00:00
632,623,9,NAM Seongbeen,KOR,Korea Republic,10,MS,Messieurs simple,SEN,132708,2026,22,05/25/2026 00:00:00
633,,,PARK Gyeongtae,KOR,Korea Republic,10,MS,Messieurs simple,SEN,123976,2026,22,05/25/2026 00:00:00
634,,,Benjamin BROSSIER,FRA,France,10,MS,Messieurs simple,SEN,112445,2026,22,05/25/2026 00:00:00
635,,,Mathieu DE SAINTILAN,FRA,France,10,MS,Messieurs simple,SEN,134439,2026,22,05/25/2026 00:00:00
636,,,Thiago MONTEIRO,BRA,Brazil,10,MS,Messieurs simple,SEN,106298,2026,22,05/25/2026 00:00:00
637,624,13,David BJORKRYD,SWE,Sweden,10,MS,Messieurs simple,SEN,133395,2026,22,05/25/2026 00:00:00
638,625,13,Amanual HADSH,ETH,Ethiopia,10,MS,Messieurs simple,SEN,136218,2026,22,05/25/2026 00:00:00
639,626,13,Omar BEDAIR,EGY,Egypt,10,MS,Messieurs simple,SEN,112058,2026,22,05/25/2026 00:00:00
640,627,13,GIL Minseok,KOR,Korea Republic,10,MS,Messieurs simple,SEN,136473,2026,22,05/25/2026 00:00:00
641,628,13,KWAK Yu Bin,KOR,Korea Republic,10,MS,Messieurs simple,SEN,132696,2026,22,05/25/2026 00:00:00
642,629,13,HO Jeongmun,KOR,Korea Republic,10,MS,Messieurs simple,SEN,144824,2026,22,05/25/2026 00:00:00
643,630,13,Hitesh DOGRA,IND,India,10,MS,Messieurs simple,SEN,220491,2026,22,05/25/2026 00:00:00
644,631,13,Hamid SHAMS,IRI,Iran,10,MS,Messieurs simple,SEN,121939,2026,22,05/25/2026 00:00:00
645,632,13,Muhannad AL BALUSHI,OMA,Oman,10,MS,Messieurs simple,SEN,132462,2026,22,05/25/2026 00:00:00
646,633,13,Neil MULYE,IND,India,10,MS,Messieurs simple,SEN,202111,2026,22,05/25/2026 00:00:00
647,634,13,Ebrahim GUBRAN,YEM,Yemen,10,MS,Messieurs simple,SEN,135910,2026,22,05/25/2026 00:00:00
648,1012,-364,William KOEHL,FRA,France,10,MS,Messieurs simple,SEN,222596,2026,22,05/25/2026 00:00:00
649,635,14,Habeb ALAJAEBI,LBA,Libya,10,MS,Messieurs simple,SEN,121735,2026,22,05/25/2026 00:00:00
650,637,13,Mobin AMIRI,IRI,Iran,10,MS,Messieurs simple,SEN,202906,2026,22,05/25/2026 00:00:00
651,638,13,Paul DRINKHALL,ENG,England,10,MS,Messieurs simple,SEN,102380,2026,22,05/25/2026 00:00:00
652,640,12,Jean Pierre BAYALA,CIV,Cote d'Ivoire,10,MS,Messieurs simple,SEN,136316,2026,22,05/25/2026 00:00:00
653,641,12,Layan NEUMANN,MEX,Mexico,10,MS,Messieurs simple,SEN,134774,2026,22,05/25/2026 00:00:00
654,697,-43,Nazar TRETIAK,UKR,Ukraine,10,MS,Messieurs simple,SEN,135966,2026,22,05/25/2026 00:00:00
655,459,196,Ahmed KORANI,QAT,Qatar,10,MS,Messieurs simple,SEN,135384,2026,22,05/25/2026 00:00:00
656,643,13,Ryan LIN,USA,USA,10,MS,Messieurs simple,SEN,200587,2026,22,05/25/2026 00:00:00
657,644,13,Francesc CARRERA,ESP,Spain,10,MS,Messieurs simple,SEN,200039,2026,22,05/25/2026 00:00:00
658,645,13,Rafal FORMELA,POL,Poland,10,MS,Messieurs simple,SEN,200603,2026,22,05/25/2026 00:00:00
659,646,13,Dario SALCEDO,ESP,Spain,10,MS,Messieurs simple,SEN,200794,2026,22,05/25/2026 00:00:00
660,647,13,Domingos MANUEL,ANG,Angola,9,MS,Messieurs simple,SEN,110929,2026,22,05/25/2026 00:00:00
661,648,13,JANG Minhyeok,KOR,Korea Republic,9,MS,Messieurs simple,SEN,144822,2026,22,05/25/2026 00:00:00
662,649,13,Joon SHIM,BRA,Brazil,9,MS,Messieurs simple,SEN,134755,2026,22,05/25/2026 00:00:00
663,650,13,Tarvachinbo BUYAN,MGL,Mongolia,9,MS,Messieurs simple,SEN,208993,2026,22,05/25/2026 00:00:00
664,651,13,Amalraj ANTHONY,IND,India,9,MS,Messieurs simple,SEN,100001,2026,22,05/25/2026 00:00:00
665,1168,-503,Thomas GUIGNAT,FRA,France,9,MS,Messieurs simple,SEN,223180,2026,22,05/25/2026 00:00:00
666,652,14,Nimit SOIPHUANG,THA,Thailand,9,MS,Messieurs simple,SEN,201439,2026,22,05/25/2026 00:00:00
667,653,14,Denis TERNA,MDA,Moldova,9,MS,Messieurs simple,SEN,119578,2026,22,05/25/2026 00:00:00
668,654,14,Jaden JIA,USA,USA,9,MS,Messieurs simple,SEN,206048,2026,22,05/25/2026 00:00:00
669,655,14,WU Yifei,CHN,China,9,MS,Messieurs simple,SEN,210322,2026,22,05/25/2026 00:00:00
670,656,14,LEE Jungmok,KOR,Korea Republic,9,MS,Messieurs simple,SEN,135074,2026,22,05/25/2026 00:00:00
671,658,13,Leandro FUENTES,ARG,Argentina,9,MS,Messieurs simple,SEN,123773,2026,22,05/25/2026 00:00:00
672,659,13,Alex NAUMI,FIN,Finland,9,MS,Messieurs simple,SEN,120674,2026,22,05/25/2026 00:00:00
673,466,207,Sultan AL-KUWARI,QAT,Qatar,9,MS,Messieurs simple,SEN,135386,2026,22,05/25/2026 00:00:00
674,660,14,Atarou ASSOU,TOG,Togo,9,MS,Messieurs simple,SEN,133661,2026,22,05/25/2026 00:00:00
675,661,14,Nikon SHUTOV,BLR,Belarus,9,MS,Messieurs simple,SEN,136080,2026,22,05/25/2026 00:00:00
676,662,14,Jindrich MORAVEK,CZE,Czechia,9,MS,Messieurs simple,SEN,137251,2026,22,05/25/2026 00:00:00
677,663,14,Arthur DUBOIS,FRA,France,9,MS,Messieurs simple,SEN,212457,2026,22,05/25/2026 00:00:00
678,665,13,Daniel CRUZ,COL,Colombia,9,MS,Messieurs simple,SEN,146122,2026,22,05/25/2026 00:00:00
679,666,13,LO Ka Kit,HKG,"Hong Kong, China",9,MS,Messieurs simple,SEN,202015,2026,22,05/25/2026 00:00:00
680,667,13,David MCBEATH,ENG,England,8,MS,Messieurs simple,SEN,112284,2026,22,05/25/2026 00:00:00
681,668,13,Ali MOHAMMED,IND,India,8,MS,Messieurs simple,SEN,146113,2026,22,05/25/2026 00:00:00
682,670,12,Abinay VIJAY,IND,India,8,MS,Messieurs simple,SEN,213477,2026,22,05/25/2026 00:00:00
683,671,12,Vitor IWAMOTO,BRA,Brazil,8,MS,Messieurs simple,SEN,202057,2026,22,05/25/2026 00:00:00
684,672,12,Essa AL HADDAD,QAT,Qatar,8,MS,Messieurs simple,SEN,200758,2026,22,05/25/2026 00:00:00
685,673,12,PAU Yik Man,HKG,"Hong Kong, China",8,MS,Messieurs simple,SEN,132312,2026,22,05/25/2026 00:00:00
686,674,12,Gustavo TSUBOI,BRA,Brazil,8,MS,Messieurs simple,SEN,109581,2026,22,05/25/2026 00:00:00
687,675,12,Danilo TOMA,BRA,Brazil,8,MS,Messieurs simple,SEN,112176,2026,22,05/25/2026 00:00:00
688,676,12,Anane VONGSA,LAO,Laos,8,MS,Messieurs simple,SEN,203021,2026,22,05/25/2026 00:00:00
689,677,12,Joseph HUNTER,ENG,England,8,MS,Messieurs simple,SEN,137893,2026,22,05/25/2026 00:00:00
690,678,12,Felix THOMIS,ENG,England,8,MS,Messieurs simple,SEN,137579,2026,22,05/25/2026 00:00:00
691,679,12,Grzegorz FELKEL,POL,Poland,8,MS,Messieurs simple,SEN,119273,2026,22,05/25/2026 00:00:00
692,680,12,Subrat VERMA,IND,India,8,MS,Messieurs simple,SEN,223477,2026,22,05/25/2026 00:00:00
693,681,12,Raegan ALBUQUERQUE,IND,India,8,MS,Messieurs simple,SEN,132776,2026,22,05/25/2026 00:00:00
694,682,12,TSAI Pang-Yuan,TPE,Chinese Taipei,8,MS,Messieurs simple,SEN,136675,2026,22,05/25/2026 00:00:00
695,683,12,Kartikey KAUSHIK,IND,India,8,MS,Messieurs simple,SEN,207295,2026,22,05/25/2026 00:00:00
696,684,12,Karthikeyan KAMARAJ,IND,India,8,MS,Messieurs simple,SEN,223628,2026,22,05/25/2026 00:00:00
697,685,12,Pratik THAPA,NEP,Nepal,8,MS,Messieurs simple,SEN,223742,2026,22,05/25/2026 00:00:00
698,686,12,Tomoki OMODA,JPN,Japan,8,MS,Messieurs simple,SEN,205372,2026,22,05/25/2026 00:00:00
699,687,12,Johan HAVSTEEN,DEN,Denmark,8,MS,Messieurs simple,SEN,145767,2026,22,05/25/2026 00:00:00
700,688,12,Zokhid KENJAEV,UZB,Uzbekistan,8,MS,Messieurs simple,SEN,112261,2026,22,05/25/2026 00:00:00
701,,,Martin BAECHLER,FRA,France,8,MS,Messieurs simple,SEN,136174,2026,22,05/25/2026 00:00:00
702,,,Elias HARDMEIER,SUI,Switzerland,8,MS,Messieurs simple,SEN,133341,2026,22,05/25/2026 00:00:00
703,689,14,Chanul Dulsen KULAPPUWAWADU,SRI,Sri Lanka,8,MS,Messieurs simple,SEN,137414,2026,22,05/25/2026 00:00:00
704,690,14,Zexuan WANG ,CAN,Canada,8,MS,Messieurs simple,SEN,117613,2026,22,05/25/2026 00:00:00
705,691,14,WONG Alvin,HKG,"Hong Kong, China",8,MS,Messieurs simple,SEN,206208,2026,22,05/25/2026 00:00:00
706,692,14,Sagantay KURMAMBAYEV,KAZ,Kazakhstan,8,MS,Messieurs simple,SEN,137409,2026,22,05/25/2026 00:00:00
707,826,-119,Amadi OMEH,NGR,Nigeria,8,MS,Messieurs simple,SEN,132026,2026,22,05/25/2026 00:00:00
708,827,-119,Abdulraheem SANNI,NGR,Nigeria,8,MS,Messieurs simple,SEN,221908,2026,22,05/25/2026 00:00:00
709,828,-119,Joshua OLADIRAN,NGR,Nigeria,8,MS,Messieurs simple,SEN,120026,2026,22,05/25/2026 00:00:00
710,693,17,Cheng ZHOU,FIJ,Fiji,8,MS,Messieurs simple,SEN,202915,2026,22,05/25/2026 00:00:00
711,694,17,Djo DIAMUANGANA DIAWAKU,COD,Congo Democratic,8,MS,Messieurs simple,SEN,145024,2026,22,05/25/2026 00:00:00
712,695,17,Erick PEREZ,VEN,Venezuela,8,MS,Messieurs simple,SEN,146227,2026,22,05/25/2026 00:00:00
713,696,17,Daniel GUETE,COL,Colombia,8,MS,Messieurs simple,SEN,134418,2026,22,05/25/2026 00:00:00
714,710,4,Carlos GONCALVES,POR,Portugal,8,MS,Messieurs simple,SEN,200072,2026,22,05/25/2026 00:00:00
715,804,-89,Kyler CHEN,USA,USA,8,MS,Messieurs simple,SEN,200545,2026,22,05/25/2026 00:00:00
716,698,18,Christian MBONGIA,COD,Congo Democratic,8,MS,Messieurs simple,SEN,134971,2026,22,05/25/2026 00:00:00
717,699,18,Amir Atanda ADOU,BEN,Benin,8,MS,Messieurs simple,SEN,136501,2026,22,05/25/2026 00:00:00
718,700,18,Mouyassir GAFAROU,BEN,Benin,8,MS,Messieurs simple,SEN,135546,2026,22,05/25/2026 00:00:00
719,701,18,Max RADIVEN,ENG,England,8,MS,Messieurs simple,SEN,200414,2026,22,05/25/2026 00:00:00
720,702,18,Riyan DUTTA,IND,India,8,MS,Messieurs simple,SEN,212623,2026,22,05/25/2026 00:00:00
721,703,18,NIU Guankai,CHN,China,7,MS,Messieurs simple,SEN,134239,2026,22,05/25/2026 00:00:00
722,704,18,Juan GONZALEZ,ECU,Ecuador,7,MS,Messieurs simple,SEN,200399,2026,22,05/25/2026 00:00:00
723,705,18,Hayato MORI,JPN,Japan,7,MS,Messieurs simple,SEN,222363,2026,22,05/25/2026 00:00:00
724,,,XIAO Baixin,CHN,China,7,MS,Messieurs simple,SEN,212893,2026,22,05/25/2026 00:00:00
725,706,19,Gedeon KASSA,COD,Congo Democratic,7,MS,Messieurs simple,SEN,116724,2026,22,05/25/2026 00:00:00
726,707,19,Choolwe HAMALAMBO,ZAM,Zambia,7,MS,Messieurs simple,SEN,124065,2026,22,05/25/2026 00:00:00
727,708,19,Abdelrahman HAGGAGY,EGY,Egypt,7,MS,Messieurs simple,SEN,203914,2026,22,05/25/2026 00:00:00
728,,,Abdoulmadjid TCHASSAMA,TOG,Togo,7,MS,Messieurs simple,SEN,221960,2026,22,05/25/2026 00:00:00
729,709,20,Tomas SANCHI,ITA,Italy,7,MS,Messieurs simple,SEN,134856,2026,22,05/25/2026 00:00:00
730,711,19,Mohutasin RIDOY,BAN,Bangladesh,7,MS,Messieurs simple,SEN,145237,2026,22,05/25/2026 00:00:00
731,713,18,Emmanuel COMMEY,GHA,Ghana,7,MS,Messieurs simple,SEN,123143,2026,22,05/25/2026 00:00:00
732,739,-7,Andrii GREBENIUK,UKR,Ukraine,7,MS,Messieurs simple,SEN,133953,2026,22,05/25/2026 00:00:00
733,741,-8,Abhinav SHIRBHATE,USA,USA,7,MS,Messieurs simple,SEN,207885,2026,22,05/25/2026 00:00:00
734,714,20,Liudwing PEROZO,VEN,Venezuela,7,MS,Messieurs simple,SEN,201911,2026,22,05/25/2026 00:00:00
735,715,20,Nathan DOUSSINET,FRA,France,7,MS,Messieurs simple,SEN,201416,2026,22,05/25/2026 00:00:00
736,797,-61,Mustapha BELLO,NGR,Nigeria,7,MS,Messieurs simple,SEN,123139,2026,22,05/25/2026 00:00:00
737,716,21,Sebastian BEDOYA,COL,Colombia,7,MS,Messieurs simple,SEN,200415,2026,22,05/25/2026 00:00:00
738,717,21,Sarth MISHRA,IND,India,7,MS,Messieurs simple,SEN,145454,2026,22,05/25/2026 00:00:00
739,852,-113,Gavin YUAN,SCO,Scotland,7,MS,Messieurs simple,SEN,207857,2026,22,05/25/2026 00:00:00
740,719,21,William FENG,USA,USA,7,MS,Messieurs simple,SEN,210120,2026,22,05/25/2026 00:00:00
741,720,21,Ivan PASTORE,PAR,Paraguay,7,MS,Messieurs simple,SEN,146221,2026,22,05/25/2026 00:00:00
742,721,21,Arshia LORESTANI,IRI,Iran,7,MS,Messieurs simple,SEN,210442,2026,22,05/25/2026 00:00:00
743,723,20,Noah HERSEL,GER,Germany,7,MS,Messieurs simple,SEN,145795,2026,22,05/25/2026 00:00:00
744,809,-65,Sandro CAVAILLE,FRA,France,7,MS,Messieurs simple,SEN,201073,2026,22,05/25/2026 00:00:00
745,724,21,Alex LUO,USA,USA,7,MS,Messieurs simple,SEN,205930,2026,22,05/25/2026 00:00:00
746,725,21,Vit KADLEC,CZE,Czechia,7,MS,Messieurs simple,SEN,137252,2026,22,05/25/2026 00:00:00
747,726,21,MAN Lung Sai,HKG,"Hong Kong, China",7,MS,Messieurs simple,SEN,209396,2026,22,05/25/2026 00:00:00
748,727,21,Jaime LAMA,CHI,Chile,6,MS,Messieurs simple,SEN,144061,2026,22,05/25/2026 00:00:00
749,728,21,Temurbek NURMONOV,UZB,Uzbekistan,6,MS,Messieurs simple,SEN,146297,2026,22,05/25/2026 00:00:00
750,729,21,Denis ZHOLUDEV,KAZ,Kazakhstan,6,MS,Messieurs simple,SEN,117894,2026,22,05/25/2026 00:00:00
751,730,21,Benjamin CARRIZO,ARG,Argentina,6,MS,Messieurs simple,SEN,221834,2026,22,05/25/2026 00:00:00
752,731,21,Santiago RODRIGUEZ,ARG,Argentina,6,MS,Messieurs simple,SEN,204996,2026,22,05/25/2026 00:00:00
753,732,21,Nicolas GALVANO,ARG,Argentina,6,MS,Messieurs simple,SEN,116321,2026,22,05/25/2026 00:00:00
754,733,21,Rodrigo GILABERT,ARG,Argentina,6,MS,Messieurs simple,SEN,103093,2026,22,05/25/2026 00:00:00
755,734,21,Danyang SHI,KAZ,Kazakhstan,6,MS,Messieurs simple,SEN,204051,2026,22,05/25/2026 00:00:00
756,735,21,Azamat ERGESHOV,KGZ,Kyrgyzstan,6,MS,Messieurs simple,SEN,113280,2026,22,05/25/2026 00:00:00
757,736,21,Yuvraaj DOOKRAM,TTO,Trinidad and Tobago,6,MS,Messieurs simple,SEN,124253,2026,22,05/25/2026 00:00:00
758,737,21,Bruno MOLEDA,URU,Uruguay,6,MS,Messieurs simple,SEN,116352,2026,22,05/25/2026 00:00:00
759,738,21,Stewart HARA,MAW,Malawi,6,MS,Messieurs simple,SEN,124246,2026,22,05/25/2026 00:00:00
760,740,20,Naman BHATNAGAR,IND,India,6,MS,Messieurs simple,SEN,202599,2026,22,05/25/2026 00:00:00
761,742,19,Peter ALESTEDT,SWE,Sweden,6,MS,Messieurs simple,SEN,137872,2026,22,05/25/2026 00:00:00
762,743,19,Jacopo CIPRIANO,ITA,Italy,6,MS,Messieurs simple,SEN,136188,2026,22,05/25/2026 00:00:00
763,744,19,Axel BOSSIS,FRA,France,6,MS,Messieurs simple,SEN,201080,2026,22,05/25/2026 00:00:00
764,745,19,Nawin MEKAMPORN,THA,Thailand,6,MS,Messieurs simple,SEN,122333,2026,22,05/25/2026 00:00:00
765,823,-58,Hussein ADEOYE,NGR,Nigeria,6,MS,Messieurs simple,SEN,203309,2026,22,05/25/2026 00:00:00
766,824,-58,Francis ANTWI,GHA,Ghana,6,MS,Messieurs simple,SEN,205259,2026,22,05/25/2026 00:00:00
767,829,-62,Qudus OLADEJO,NGR,Nigeria,6,MS,Messieurs simple,SEN,205800,2026,22,05/25/2026 00:00:00
768,831,-63,Akinwale FAGBAMILA,NGR,Nigeria,6,MS,Messieurs simple,SEN,118702,2026,22,05/25/2026 00:00:00
769,834,-65,Amidu LAWAL,NGR,Nigeria,6,MS,Messieurs simple,SEN,222235,2026,22,05/25/2026 00:00:00
770,985,-215,Matthew NATUS,NGR,Nigeria,6,MS,Messieurs simple,SEN,210239,2026,22,05/25/2026 00:00:00
771,746,25,Brijack TANDO,CGO,Congo Brazzaville,6,MS,Messieurs simple,SEN,206402,2026,22,05/25/2026 00:00:00
772,747,25,Yousuf ASHOUR,LBA,Libya,6,MS,Messieurs simple,SEN,210218,2026,22,05/25/2026 00:00:00
773,748,25,Lucca LOBO,CRC,Costa Rica,6,MS,Messieurs simple,SEN,200669,2026,22,05/25/2026 00:00:00
774,749,25,WANG Zining,CHN,China,6,MS,Messieurs simple,SEN,206220,2026,22,05/25/2026 00:00:00
775,750,25,Serafim ORLOV,RUS,Russia,6,MS,Messieurs simple,SEN,137811,2026,22,05/25/2026 00:00:00
776,751,25,Alessi MASSART,BEL,Belgium,6,MS,Messieurs simple,SEN,133596,2026,22,05/25/2026 00:00:00
777,752,25,Dragos BUJOR,ROU,Romania,6,MS,Messieurs simple,SEN,134994,2026,22,05/25/2026 00:00:00
778,869,-91,Anton LIMONOV,UKR,Ukraine,6,MS,Messieurs simple,SEN,124147,2026,22,05/25/2026 00:00:00
779,753,26,Abdourazak Abdallah BOURHAN,DJI,Djibouti,6,MS,Messieurs simple,SEN,145256,2026,22,05/25/2026 00:00:00
780,754,26,Jakub MAKARA,CZE,Czechia,6,MS,Messieurs simple,SEN,203686,2026,22,05/25/2026 00:00:00
781,755,26,De Andre CALDERON ,LCA,St. Lucia,6,MS,Messieurs simple,SEN,135142,2026,22,05/25/2026 00:00:00
782,814,-32,Armaan DALAMAL,USA,USA,6,MS,Messieurs simple,SEN,203726,2026,22,05/25/2026 00:00:00
783,756,27,Abit TEJADA,DOM,Dominican Republic,6,MS,Messieurs simple,SEN,132114,2026,22,05/25/2026 00:00:00
784,757,27,Carlos BLANCO,PER,Peru,5,MS,Messieurs simple,SEN,146050,2026,22,05/25/2026 00:00:00
785,758,27,Dmitrij PROKOPCOV,CZE,Czechia,5,MS,Messieurs simple,SEN,107578,2026,22,05/25/2026 00:00:00
786,759,27,Anthony GEMINIANI ,MON,Monaco,5,MS,Messieurs simple,SEN,145102,2026,22,05/25/2026 00:00:00
787,760,27,Ahmed DJAMAL,DJI,Djibouti,5,MS,Messieurs simple,SEN,123784,2026,22,05/25/2026 00:00:00
788,761,27,Eduardo DARLEY MEJIA,DOM,Dominican Republic,5,MS,Messieurs simple,SEN,136766,2026,22,05/25/2026 00:00:00
789,762,27,Diomar ARGUELLE,CUB,Cuba,5,MS,Messieurs simple,SEN,136785,2026,22,05/25/2026 00:00:00
790,763,27,Pablo PALOU,URU,Uruguay,5,MS,Messieurs simple,SEN,131861,2026,22,05/25/2026 00:00:00
791,764,27,Grace A Dieu MOZIALO,CAF,Central Africa,5,MS,Messieurs simple,SEN,200369,2026,22,05/25/2026 00:00:00
792,765,27,Heriberto EKOMBA,GEQ,Equatorial Guinea,5,MS,Messieurs simple,SEN,221819,2026,22,05/25/2026 00:00:00
793,766,27,Tshireletso SAMUEL,BOT,Botswana,5,MS,Messieurs simple,SEN,222101,2026,22,05/25/2026 00:00:00
794,767,27,Ingi Darvis RODRIGUEZ,ISL,Iceland,5,MS,Messieurs simple,SEN,134200,2026,22,05/25/2026 00:00:00
795,768,27,Ahmed AKHYAR,MDV,Maldives,5,MS,Messieurs simple,SEN,146081,2026,22,05/25/2026 00:00:00
796,769,27,Charles SHEN,USA,USA,5,MS,Messieurs simple,SEN,200583,2026,22,05/25/2026 00:00:00
797,770,27,Bogdan SEMENOV,RUS,Russia,5,MS,Messieurs simple,SEN,223664,2026,22,05/25/2026 00:00:00
798,771,27,Charles JANSSENS,BEL,Belgium,5,MS,Messieurs simple,SEN,143786,2026,22,05/25/2026 00:00:00
799,772,27,Nour Adam Cyril PETIT JEAN,MAR,Morocco,5,MS,Messieurs simple,SEN,144972,2026,22,05/25/2026 00:00:00
800,773,27,Adam GHOUNIM,MAR,Morocco,5,MS,Messieurs simple,SEN,144966,2026,22,05/25/2026 00:00:00
801,774,27,Andy PEREIRA,CUB,Cuba,5,MS,Messieurs simple,SEN,107272,2026,22,05/25/2026 00:00:00
802,775,27,Lassi LEHTOLA,FIN,Finland,5,MS,Messieurs simple,SEN,201483,2026,22,05/25/2026 00:00:00
803,,,Kosei MABUCHI,JPN,Japan,5,MS,Messieurs simple,SEN,225057,2026,22,05/25/2026 00:00:00
804,776,28,Jonathan VAN LANGE,GUY,Guyana,5,MS,Messieurs simple,SEN,200093,2026,22,05/25/2026 00:00:00
805,777,28,Chelvy PENA,CGO,Congo Brazzaville,5,MS,Messieurs simple,SEN,206400,2026,22,05/25/2026 00:00:00
806,778,28,Ryan DESSCANN,MRI,Mauritius,5,MS,Messieurs simple,SEN,131815,2026,22,05/25/2026 00:00:00
807,779,28,Mohammad AHMED,MRI,Mauritius,5,MS,Messieurs simple,SEN,120794,2026,22,05/25/2026 00:00:00
808,780,28,Eyob Sissay ABEJE,ETH,Ethiopia,5,MS,Messieurs simple,SEN,145487,2026,22,05/25/2026 00:00:00
809,781,28,Jedidiah DENG,FIJ,Fiji,5,MS,Messieurs simple,SEN,202913,2026,22,05/25/2026 00:00:00
810,782,28,Kevin FARLEY,BAR,Barbados,5,MS,Messieurs simple,SEN,102680,2026,22,05/25/2026 00:00:00
811,783,28,Cheldon SINDANI,CGO,Congo Brazzaville,5,MS,Messieurs simple,SEN,136525,2026,22,05/25/2026 00:00:00
812,784,28,Tresor NDONG,GAB,Gabon,5,MS,Messieurs simple,SEN,136519,2026,22,05/25/2026 00:00:00
813,785,28,Hans RASSENGWET,GAB,Gabon,5,MS,Messieurs simple,SEN,122686,2026,22,05/25/2026 00:00:00
814,786,28,Franck ESSAWE,GAB,Gabon,5,MS,Messieurs simple,SEN,206437,2026,22,05/25/2026 00:00:00
815,787,28,Isaiah BANDA,ZAM,Zambia,5,MS,Messieurs simple,SEN,202377,2026,22,05/25/2026 00:00:00
816,788,28,Emmanuel MUNGA,ZAM,Zambia,5,MS,Messieurs simple,SEN,202378,2026,22,05/25/2026 00:00:00
817,789,28,Boago MALOBELA,BOT,Botswana,5,MS,Messieurs simple,SEN,123777,2026,22,05/25/2026 00:00:00
818,790,28,Vikram SINGH,ZIM,Zimbabwe,5,MS,Messieurs simple,SEN,202380,2026,22,05/25/2026 00:00:00
819,791,28,Mohommed MOHAMED,SRI,Sri Lanka,5,MS,Messieurs simple,SEN,206100,2026,22,05/25/2026 00:00:00
820,792,28,Shashin SHODHAN,USA,USA,5,MS,Messieurs simple,SEN,108625,2026,22,05/25/2026 00:00:00
821,793,28,Charles BANDA,ZAM,Zambia,5,MS,Messieurs simple,SEN,202373,2026,22,05/25/2026 00:00:00
822,794,28,Jorge BUENROSTRO,MEX,Mexico,5,MS,Messieurs simple,SEN,137303,2026,22,05/25/2026 00:00:00
823,795,28,Stefan Dimitrov,BUL,Bulgaria,5,MS,Messieurs simple,SEN,200304,2026,22,05/25/2026 00:00:00
824,796,28,Rivindu BUDDHADASA,AUS,Australia,5,MS,Messieurs simple,SEN,144608,2026,22,05/25/2026 00:00:00
825,798,27,Omar OSMAN,EGY,Egypt,5,MS,Messieurs simple,SEN,201318,2026,22,05/25/2026 00:00:00
826,799,27,Jamal OUDRISS,GER,Germany,5,MS,Messieurs simple,SEN,213569,2026,22,05/25/2026 00:00:00
827,800,27,Mateusz SAKOWICZ,POL,Poland,5,MS,Messieurs simple,SEN,200602,2026,22,05/25/2026 00:00:00
828,801,27,Shahbozbek GULOMIDDINOV,UZB,Uzbekistan,5,MS,Messieurs simple,SEN,203040,2026,22,05/25/2026 00:00:00
829,802,27,Abdulrahaman ABDULLAHI,NGR,Nigeria,5,MS,Messieurs simple,SEN,123121,2026,22,05/25/2026 00:00:00
830,803,27,Bilal AL RASHDI,OMA,Oman,5,MS,Messieurs simple,SEN,202900,2026,22,05/25/2026 00:00:00
831,805,26,Amir ESSID,TUN,Tunisia,5,MS,Messieurs simple,SEN,146146,2026,22,05/25/2026 00:00:00
832,806,26,Joseph SEBATINDIRA,UGA,Uganda,5,MS,Messieurs simple,SEN,205403,2026,22,05/25/2026 00:00:00
833,807,26,Youssef AIDLI,TUN,Tunisia,5,MS,Messieurs simple,SEN,137392,2026,22,05/25/2026 00:00:00
834,808,26,Asif HAQUE,IND,India,5,MS,Messieurs simple,SEN,220717,2026,22,05/25/2026 00:00:00
835,810,25,Soumyajit GHOSH,IND,India,5,MS,Messieurs simple,SEN,103070,2026,22,05/25/2026 00:00:00
836,811,25,Nikkhil MANNATH,IND,India,5,MS,Messieurs simple,SEN,200303,2026,22,05/25/2026 00:00:00
837,812,25,Omar TAHER,IRQ,Iraq,5,MS,Messieurs simple,SEN,116390,2026,22,05/25/2026 00:00:00
838,813,25,Jonathan VEGAS,VEN,Venezuela,5,MS,Messieurs simple,SEN,200649,2026,22,05/25/2026 00:00:00
839,926,-87,Sam BOCCARD,SUI,Switzerland,5,MS,Messieurs simple,SEN,133352,2026,22,05/25/2026 00:00:00
840,939,-99,LAI Yong Ren,MAS,Malaysia,5,MS,Messieurs simple,SEN,202895,2026,22,05/25/2026 00:00:00
841,815,26,Jesus TOVAR,VEN,Venezuela,5,MS,Messieurs simple,SEN,200599,2026,22,05/25/2026 00:00:00
842,816,26,Mohammed TAHER,IRQ,Iraq,5,MS,Messieurs simple,SEN,118811,2026,22,05/25/2026 00:00:00
843,817,26,Lorenzo RAGNI ,SMR,San Marino,5,MS,Messieurs simple,SEN,107658,2026,22,05/25/2026 00:00:00
844,818,26,Shemar BRITTON,GUY,Guyana,5,MS,Messieurs simple,SEN,122503,2026,22,05/25/2026 00:00:00
845,819,26,Khalid ALSHAREIF,KSA,Saudi Arabia,5,MS,Messieurs simple,SEN,132081,2026,22,05/25/2026 00:00:00
846,891,-45,Christopher KRAEMER,AUT,Austria,5,MS,Messieurs simple,SEN,204351,2026,22,05/25/2026 00:00:00
847,892,-45,Thomas LAROCHE,FRA,France,5,MS,Messieurs simple,SEN,210855,2026,22,05/25/2026 00:00:00
848,820,28,Mohammadreza NESHATI,IRI,Iran,4,MS,Messieurs simple,SEN,200448,2026,22,05/25/2026 00:00:00
849,821,28,Jason LOUIE,CAN,Canada,4,MS,Messieurs simple,SEN,201019,2026,22,05/25/2026 00:00:00
850,822,28,Musa MUSTAPHA,NGR,Nigeria,4,MS,Messieurs simple,SEN,137009,2026,22,05/25/2026 00:00:00
851,825,26,Samuel BOBOYE,NGR,Nigeria,4,MS,Messieurs simple,SEN,200040,2026,22,05/25/2026 00:00:00
852,830,22,Olayinka OLADIPUPO,NGR,Nigeria,4,MS,Messieurs simple,SEN,123166,2026,22,05/25/2026 00:00:00
853,832,21,Ganiyu ASHIMIYU,NGR,Nigeria,4,MS,Messieurs simple,SEN,113477,2026,22,05/25/2026 00:00:00
854,833,21,David FAYELE,NGR,Nigeria,4,MS,Messieurs simple,SEN,123151,2026,22,05/25/2026 00:00:00
855,835,20,Thisas RANCHAGODA,SRI,Sri Lanka,4,MS,Messieurs simple,SEN,131944,2026,22,05/25/2026 00:00:00
856,836,20,Gaith GAREEB,SYR,Syria,4,MS,Messieurs simple,SEN,201296,2026,22,05/25/2026 00:00:00
857,837,20,Meech DULLAERT,CAN,Canada,4,MS,Messieurs simple,SEN,201026,2026,22,05/25/2026 00:00:00
858,838,20,Kohaku NAKANO,JPN,Japan,4,MS,Messieurs simple,SEN,221492,2026,22,05/25/2026 00:00:00
859,839,20,Johann MAHL,GER,Germany,4,MS,Messieurs simple,SEN,222445,2026,22,05/25/2026 00:00:00
860,840,20,Ilia KONIUKHOV,RUS,Russia,4,MS,Messieurs simple,SEN,136326,2026,22,05/25/2026 00:00:00
861,841,20,Pero TEPIC,SRB,Serbia,4,MS,Messieurs simple,SEN,131126,2026,22,05/25/2026 00:00:00
862,843,19,Omar EHAB,EGY,Egypt,4,MS,Messieurs simple,SEN,133513,2026,22,05/25/2026 00:00:00
863,844,19,Arsha GHAFOURI,IRI,Iran,4,MS,Messieurs simple,SEN,204088,2026,22,05/25/2026 00:00:00
864,,,Joshua SAMSON,NGR,Nigeria,4,MS,Messieurs simple,SEN,222001,2026,22,05/25/2026 00:00:00
865,,,Marvelous JOSEPH,NGR,Nigeria,4,MS,Messieurs simple,SEN,222002,2026,22,05/25/2026 00:00:00
866,,,Tobi FALANA,NGR,Nigeria,4,MS,Messieurs simple,SEN,123148,2026,22,05/25/2026 00:00:00
867,,,Jochem DE HOOP,NED,Netherlands,4,MS,Messieurs simple,SEN,146141,2026,22,05/25/2026 00:00:00
868,845,23,Moosa AHMED,MDV,Maldives,4,MS,Messieurs simple,SEN,100196,2026,22,05/25/2026 00:00:00
869,846,23,Diego PIGUAVE,ECU,Ecuador,4,MS,Messieurs simple,SEN,136416,2026,22,05/25/2026 00:00:00
870,847,23,Phillip NAPOOKOLI,UGA,Uganda,4,MS,Messieurs simple,SEN,202163,2026,22,05/25/2026 00:00:00
871,848,23,Aaron WILSON,TTO,Trinidad and Tobago,4,MS,Messieurs simple,SEN,115472,2026,22,05/25/2026 00:00:00
872,849,23,Jeremy CEDENO,ECU,Ecuador,4,MS,Messieurs simple,SEN,136417,2026,22,05/25/2026 00:00:00
873,850,23,Ruzimukhammad RAKHMONOV,UZB,Uzbekistan,4,MS,Messieurs simple,SEN,221857,2026,22,05/25/2026 00:00:00
874,851,23,Jeison MARTINEZ,CRC,Costa Rica,4,MS,Messieurs simple,SEN,111498,2026,22,05/25/2026 00:00:00
875,853,22,Abraham SELLADO,ENG,England,4,MS,Messieurs simple,SEN,201890,2026,22,05/25/2026 00:00:00
876,854,22,Abdulaziz AL ABDULLA,QAT,Qatar,4,MS,Messieurs simple,SEN,200287,2026,22,05/25/2026 00:00:00
877,855,22,Kacper PIWOWAR,ENG,England,4,MS,Messieurs simple,SEN,200298,2026,22,05/25/2026 00:00:00
878,856,22,LIU Chien Jui,TPE,Chinese Taipei,4,MS,Messieurs simple,SEN,220712,2026,22,05/25/2026 00:00:00
879,857,22,Aarav RATHI,IND,India,4,MS,Messieurs simple,SEN,207592,2026,22,05/25/2026 00:00:00
880,858,22,Rajesh RAMANATHAN,IND,India,4,MS,Messieurs simple,SEN,223746,2026,22,05/25/2026 00:00:00
881,859,22,Vaibhav SINGH,IND,India,4,MS,Messieurs simple,SEN,223475,2026,22,05/25/2026 00:00:00
882,860,22,Felipe OKANO,BRA,Brazil,4,MS,Messieurs simple,SEN,200757,2026,22,05/25/2026 00:00:00
883,861,22,Sebastian TIMBAL,URU,Uruguay,4,MS,Messieurs simple,SEN,202007,2026,22,05/25/2026 00:00:00
884,862,22,Julian CAMPOS,CHI,Chile,4,MS,Messieurs simple,SEN,201824,2026,22,05/25/2026 00:00:00
885,863,22,Andrej MRKIC,CRO,Croatia,4,MS,Messieurs simple,SEN,145482,2026,22,05/25/2026 00:00:00
886,864,22,Jakub KABELKA,CZE,Czechia,4,MS,Messieurs simple,SEN,200098,2026,22,05/25/2026 00:00:00
887,865,22,Alexander UHING,GER,Germany,4,MS,Messieurs simple,SEN,207944,2026,22,05/25/2026 00:00:00
888,866,22,Olle STAHL,SWE,Sweden,4,MS,Messieurs simple,SEN,145359,2026,22,05/25/2026 00:00:00
889,1202,-313,Alexander MALOV,ESP,Spain,4,MS,Messieurs simple,SEN,201107,2026,22,05/25/2026 00:00:00
890,867,23,Rafael KONG,POR,Portugal,4,MS,Messieurs simple,SEN,135630,2026,22,05/25/2026 00:00:00
891,868,23,Tomas MARTINKO,CZE,Czechia,4,MS,Messieurs simple,SEN,123534,2026,22,05/25/2026 00:00:00
892,870,22,Michael TAUBER,ISR,Israel,4,MS,Messieurs simple,SEN,112361,2026,22,05/25/2026 00:00:00
893,871,22,NGUYEN Anh Tu,VIE,Vietnam,4,MS,Messieurs simple,SEN,123720,2026,22,05/25/2026 00:00:00
894,872,22,Alex AVERIN,USA,USA,4,MS,Messieurs simple,SEN,124328,2026,22,05/25/2026 00:00:00
895,873,22,Kadirali KABDYLUAKHITOV,KAZ,Kazakhstan,4,MS,Messieurs simple,SEN,201348,2026,22,05/25/2026 00:00:00
896,874,22,CHANG Jui-Yang,TPE,Chinese Taipei,4,MS,Messieurs simple,SEN,201149,2026,22,05/25/2026 00:00:00
897,875,22,Dhairya PARMAR,IND,India,4,MS,Messieurs simple,SEN,134877,2026,22,05/25/2026 00:00:00
898,876,22,LEE Hong An,MAS,Malaysia,4,MS,Messieurs simple,SEN,202974,2026,22,05/25/2026 00:00:00
899,877,22,CHOY Chun Kit,HKG,"Hong Kong, China",4,MS,Messieurs simple,SEN,132310,2026,22,05/25/2026 00:00:00
900,878,22,Puripong SAELEE,THA,Thailand,4,MS,Messieurs simple,SEN,136369,2026,22,05/25/2026 00:00:00
901,880,21,Anastasios RINIOTIS,GRE,Greece,4,MS,Messieurs simple,SEN,107893,2026,22,05/25/2026 00:00:00
902,981,-79,Sodiq ADESANYA,NGR,Nigeria,4,MS,Messieurs simple,SEN,220606,2026,22,05/25/2026 00:00:00
903,1019,-116,Bodhisatwa CHAUDHURY,IND,India,4,MS,Messieurs simple,SEN,202557,2026,22,05/25/2026 00:00:00
904,881,23,Yadier LOPEZ,PUR,Puerto Rico,4,MS,Messieurs simple,SEN,137181,2026,22,05/25/2026 00:00:00
905,882,23,Michel ABI NADER,LBN,Lebanon,4,MS,Messieurs simple,SEN,200233,2026,22,05/25/2026 00:00:00
906,883,23,Pedro OSIRO,SUI,Switzerland,4,MS,Messieurs simple,SEN,131673,2026,22,05/25/2026 00:00:00
907,884,23,Miha PODOBNIK,SLO,Slovenia,4,MS,Messieurs simple,SEN,133427,2026,22,05/25/2026 00:00:00
908,885,23,Hasan SAIDOV,USA,USA,4,MS,Messieurs simple,SEN,204520,2026,22,05/25/2026 00:00:00
909,886,23,Timofey GERASSIMENKO,KAZ,Kazakhstan,4,MS,Messieurs simple,SEN,133178,2026,22,05/25/2026 00:00:00
910,887,23,Hakan ISIK,TUR,Türkiye,4,MS,Messieurs simple,SEN,144850,2026,22,05/25/2026 00:00:00
911,888,23,Daniil VITORSKI,BLR,Belarus,4,MS,Messieurs simple,SEN,200069,2026,22,05/25/2026 00:00:00
912,944,-32,Gene WANTZ,LUX,Luxembourg,4,MS,Messieurs simple,SEN,136353,2026,22,05/25/2026 00:00:00
913,1062,-149,Ladimir MAYOROV,ESP,Spain,4,MS,Messieurs simple,SEN,201839,2026,22,05/25/2026 00:00:00
914,889,25,Derron DOUGLAS,TTO,Trinidad and Tobago,4,MS,Messieurs simple,SEN,132107,2026,22,05/25/2026 00:00:00
915,890,25,Andrew CAO,USA,USA,4,MS,Messieurs simple,SEN,145852,2026,22,05/25/2026 00:00:00
916,893,23,Andrew BAGGALEY,ENG,England,3,MS,Messieurs simple,SEN,100817,2026,22,05/25/2026 00:00:00
917,894,23,Luca ELSEN,LUX,Luxembourg,3,MS,Messieurs simple,SEN,145733,2026,22,05/25/2026 00:00:00
918,895,23,Luca KUMAHARA,BRA,Brazil,3,MS,Messieurs simple,SEN,206781,2026,22,05/25/2026 00:00:00
919,896,23,Karthikeyan SOLAIYAN,IND,India,3,MS,Messieurs simple,SEN,220567,2026,22,05/25/2026 00:00:00
920,897,23,Khalid ASSAR,EGY,Egypt,3,MS,Messieurs simple,SEN,111959,2026,22,05/25/2026 00:00:00
921,898,23,Miguel VILCHEZ,ESP,Spain,3,MS,Messieurs simple,SEN,116213,2026,22,05/25/2026 00:00:00
922,899,23,Fabiano FIAMMINGO,PAR,Paraguay,3,MS,Messieurs simple,SEN,211982,2026,22,05/25/2026 00:00:00
923,900,23,Guilherme GONDO,BRA,Brazil,3,MS,Messieurs simple,SEN,209843,2026,22,05/25/2026 00:00:00
924,901,23,Talgat SAGYNDYKOV,KGZ,Kyrgyzstan,3,MS,Messieurs simple,SEN,112302,2026,22,05/25/2026 00:00:00
925,902,23,ZHENG Hong Wai,MAC,"Macao, China",3,MS,Messieurs simple,SEN,207489,2026,22,05/25/2026 00:00:00
926,903,23,Konstantinos KONSTANTINOPOULOS,GRE,Greece,3,MS,Messieurs simple,SEN,114027,2026,22,05/25/2026 00:00:00
927,904,23,Jakub PIWOWAR,ENG,England,3,MS,Messieurs simple,SEN,145679,2026,22,05/25/2026 00:00:00
928,905,23,Larry TRUMPAUSKAS,ENG,England,3,MS,Messieurs simple,SEN,201381,2026,22,05/25/2026 00:00:00
929,906,23,Louis PRICE,ENG,England,3,MS,Messieurs simple,SEN,133398,2026,22,05/25/2026 00:00:00
930,907,23,Doniyor MAKHKAMOV,UZB,Uzbekistan,3,MS,Messieurs simple,SEN,222365,2026,22,05/25/2026 00:00:00
931,908,23,Hunor SZOCS,ROU,Romania,3,MS,Messieurs simple,SEN,109140,2026,22,05/25/2026 00:00:00
932,909,23,Sahil RAWAT,IND,India,3,MS,Messieurs simple,SEN,208752,2026,22,05/25/2026 00:00:00
933,910,23,Xianyao HE,USA,USA,3,MS,Messieurs simple,SEN,200556,2026,22,05/25/2026 00:00:00
934,911,23,Mio WAGNER,GER,Germany,3,MS,Messieurs simple,SEN,223755,2026,22,05/25/2026 00:00:00
935,912,23,Nawaf ALMALKI,QAT,Qatar,3,MS,Messieurs simple,SEN,118945,2026,22,05/25/2026 00:00:00
936,913,23,Lowis VOGLER,SUI,Switzerland,3,MS,Messieurs simple,SEN,202240,2026,22,05/25/2026 00:00:00
937,914,23,Natanel ABRAMOV,ISR,Israel,3,MS,Messieurs simple,SEN,200293,2026,22,05/25/2026 00:00:00
938,915,23,Prabhjot CHAWLA,IND,India,3,MS,Messieurs simple,SEN,221521,2026,22,05/25/2026 00:00:00
939,916,23,Amar MALLA,NEP,Nepal,3,MS,Messieurs simple,SEN,100510,2026,22,05/25/2026 00:00:00
940,917,23,Ziga ZIGON,SLO,Slovenia,3,MS,Messieurs simple,SEN,133557,2026,22,05/25/2026 00:00:00
941,918,23,Sebastian CRUZ RUIZ,PUR,Puerto Rico,3,MS,Messieurs simple,SEN,200537,2026,22,05/25/2026 00:00:00
942,919,23,Hugo JOBS,SWE,Sweden,3,MS,Messieurs simple,SEN,145780,2026,22,05/25/2026 00:00:00
943,920,23,Jan SKALDA,CZE,Czechia,3,MS,Messieurs simple,SEN,200100,2026,22,05/25/2026 00:00:00
944,,,CHEN Yizhou,CHN,China,3,MS,Messieurs simple,SEN,212885,2026,22,05/25/2026 00:00:00
945,,,Eshaan NAYAK,IND,India,3,MS,Messieurs simple,SEN,206893,2026,22,05/25/2026 00:00:00
946,921,25,Rashed RASHED,BRN,Bahrain,3,MS,Messieurs simple,SEN,116742,2026,22,05/25/2026 00:00:00
947,922,25,Manlaijargal MUNKH-OCHIR,MGL,Mongolia,3,MS,Messieurs simple,SEN,206604,2026,22,05/25/2026 00:00:00
948,923,25,Ibrahim ABDALMAGEED,SUD,Sudan,3,MS,Messieurs simple,SEN,204442,2026,22,05/25/2026 00:00:00
949,924,25,Keiji TAKEDA,PER,Peru,3,MS,Messieurs simple,SEN,146027,2026,22,05/25/2026 00:00:00
950,925,25,Wasaphon YATAWANON,THA,Thailand,3,MS,Messieurs simple,SEN,201437,2026,22,05/25/2026 00:00:00
951,927,24,Martin SIP,CZE,Czechia,3,MS,Messieurs simple,SEN,137561,2026,22,05/25/2026 00:00:00
952,928,24,Jerall MONTIJO,PUR,Puerto Rico,3,MS,Messieurs simple,SEN,205269,2026,22,05/25/2026 00:00:00
953,929,24,TAI Po-Chun,TPE,Chinese Taipei,3,MS,Messieurs simple,SEN,137062,2026,22,05/25/2026 00:00:00
954,930,24,Saul BEJAR,VEN,Venezuela,3,MS,Messieurs simple,SEN,211660,2026,22,05/25/2026 00:00:00
955,931,24,Arnur ORALKHANOV,KAZ,Kazakhstan,3,MS,Messieurs simple,SEN,205863,2026,22,05/25/2026 00:00:00
956,932,24,Nurislam KASSYM,KAZ,Kazakhstan,3,MS,Messieurs simple,SEN,203055,2026,22,05/25/2026 00:00:00
957,933,24,WONG Wan Hei,HKG,"Hong Kong, China",3,MS,Messieurs simple,SEN,201278,2026,22,05/25/2026 00:00:00
958,934,24,Bhaskar SUGRA,IND,India,3,MS,Messieurs simple,SEN,202128,2026,22,05/25/2026 00:00:00
959,935,24,Bator RADNAEV,RUS,Russia,3,MS,Messieurs simple,SEN,137803,2026,22,05/25/2026 00:00:00
960,936,24,LEE Yeonsu,KOR,Korea Republic,3,MS,Messieurs simple,SEN,209273,2026,22,05/25/2026 00:00:00
961,937,24,Erfan YAZDANBAKHSH,IRI,Iran,3,MS,Messieurs simple,SEN,223511,2026,22,05/25/2026 00:00:00
962,938,24,Zaid ABO YAMAN,JOR,Jordan,3,MS,Messieurs simple,SEN,110674,2026,22,05/25/2026 00:00:00
963,940,23,Agustin ASMU,ARG,Argentina,3,MS,Messieurs simple,SEN,200721,2026,22,05/25/2026 00:00:00
964,941,23,Arjan HUIDEN,NED,Netherlands,3,MS,Messieurs simple,SEN,134585,2026,22,05/25/2026 00:00:00
965,942,23,Gabriel MARJANOVIC,CRO,Croatia,3,MS,Messieurs simple,SEN,145500,2026,22,05/25/2026 00:00:00
966,943,23,Louis LAINE,POR,Portugal,3,MS,Messieurs simple,SEN,133417,2026,22,05/25/2026 00:00:00
967,945,22,Heorhi KUNATS,BLR,Belarus,3,MS,Messieurs simple,SEN,131997,2026,22,05/25/2026 00:00:00
968,965,3,Oishik GHOSH,IND,India,3,MS,Messieurs simple,SEN,144844,2026,22,05/25/2026 00:00:00
969,1032,-63,Chaitanya VEPA,SUI,Switzerland,3,MS,Messieurs simple,SEN,143671,2026,22,05/25/2026 00:00:00
970,947,23,Amgad MAHROUS,SUD,Sudan,3,MS,Messieurs simple,SEN,204444,2026,22,05/25/2026 00:00:00
971,948,23,Abdelwahab BELLAHSENE,ALG,Algeria,3,MS,Messieurs simple,SEN,133504,2026,22,05/25/2026 00:00:00
972,949,23,Ian MORALES,GUA,Guatemala,3,MS,Messieurs simple,SEN,200021,2026,22,05/25/2026 00:00:00
973,950,23,Malik GOPAUL,TTO,Trinidad and Tobago,3,MS,Messieurs simple,SEN,200726,2026,22,05/25/2026 00:00:00
974,951,23,Fernando ALFARO,ESA,El Salvador,3,MS,Messieurs simple,SEN,137133,2026,22,05/25/2026 00:00:00
975,952,23,Edgardo SANCHEZ,ESA,El Salvador,3,MS,Messieurs simple,SEN,134070,2026,22,05/25/2026 00:00:00
976,953,23,John Russel MISAL,PHI,Philippines,3,MS,Messieurs simple,SEN,145472,2026,22,05/25/2026 00:00:00
977,954,23,Antonis PORTOKALIS,CYP,Cyprus,3,MS,Messieurs simple,SEN,207458,2026,22,05/25/2026 00:00:00
978,955,23,Mark GERGELY,HUN,Hungary,3,MS,Messieurs simple,SEN,200124,2026,22,05/25/2026 00:00:00
979,956,23,Elmutasim ELTAYEB,SUD,Sudan,3,MS,Messieurs simple,SEN,118101,2026,22,05/25/2026 00:00:00
980,957,23,Adam SMOTER,POL,Poland,2,MS,Messieurs simple,SEN,202241,2026,22,05/25/2026 00:00:00
981,958,23,Ameer AL-NUAIMI,IRQ,Iraq,2,MS,Messieurs simple,SEN,135198,2026,22,05/25/2026 00:00:00
982,959,23,Celian BESNIER,FRA,France,2,MS,Messieurs simple,SEN,137632,2026,22,05/25/2026 00:00:00
983,960,23,Giacomo ALLEGRANZA,ITA,Italy,2,MS,Messieurs simple,SEN,134714,2026,22,05/25/2026 00:00:00
984,961,23,Atherva GUPTA,IND,India,2,MS,Messieurs simple,SEN,200242,2026,22,05/25/2026 00:00:00
985,962,23,Nazar PETUKH,UKR,Ukraine,2,MS,Messieurs simple,SEN,144960,2026,22,05/25/2026 00:00:00
986,963,23,Adam STALZER,CZE,Czechia,2,MS,Messieurs simple,SEN,134340,2026,22,05/25/2026 00:00:00
987,964,23,Rohan DANI,ENG,England,2,MS,Messieurs simple,SEN,205375,2026,22,05/25/2026 00:00:00
988,966,22,Christopher OCAMPOS,PHI,Philippines,2,MS,Messieurs simple,SEN,209358,2026,22,05/25/2026 00:00:00
989,967,22,Ali ALHAWAI,UAE,United Arab Emirates,2,MS,Messieurs simple,SEN,200635,2026,22,05/25/2026 00:00:00
990,968,22,SEO Jungwon,KOR,Korea Republic,2,MS,Messieurs simple,SEN,119694,2026,22,05/25/2026 00:00:00
991,969,22,Camilo MOSTEIRIN,ARG,Argentina,2,MS,Messieurs simple,SEN,205022,2026,22,05/25/2026 00:00:00
992,970,22,Fatih KARABAXHAK,KOS,Kosovo,2,MS,Messieurs simple,SEN,133999,2026,22,05/25/2026 00:00:00
993,971,22,Kreshnik MAHMUTI,KOS,Kosovo,2,MS,Messieurs simple,SEN,134000,2026,22,05/25/2026 00:00:00
994,972,22,Sitisak NUCHCHART,THA,Thailand,2,MS,Messieurs simple,SEN,133663,2026,22,05/25/2026 00:00:00
995,973,22,Mohamed ABDELLATIF,EGY,Egypt,2,MS,Messieurs simple,SEN,137527,2026,22,05/25/2026 00:00:00
996,974,22,LIU Shih-Ming,TPE,Chinese Taipei,2,MS,Messieurs simple,SEN,205796,2026,22,05/25/2026 00:00:00
997,975,22,Luka STOJCHEV,MKD,North Macedonia,2,MS,Messieurs simple,SEN,145297,2026,22,05/25/2026 00:00:00
998,976,22,Andrej STOJANOVSKI,MKD,North Macedonia,2,MS,Messieurs simple,SEN,204921,2026,22,05/25/2026 00:00:00
999,977,22,Aleksandar JAKIMOVSKI,MKD,North Macedonia,2,MS,Messieurs simple,SEN,145298,2026,22,05/25/2026 00:00:00
1000,978,22,Giorgos KONSTANTINOPOULOS,GRE,Greece,2,MS,Messieurs simple,SEN,114028,2026,22,05/25/2026 00:00:00
1001,979,22,Filip MLADENOVSKI,MKD,North Macedonia,2,MS,Messieurs simple,SEN,106200,2026,22,05/25/2026 00:00:00
1002,980,22,Joshua STACEY,WAL,Wales,2,MS,Messieurs simple,SEN,123766,2026,22,05/25/2026 00:00:00
1003,982,21,Ibrahim Gado NUHU,GHA,Ghana,2,MS,Messieurs simple,SEN,144702,2026,22,05/25/2026 00:00:00
1004,983,21,Ibrahim BELLO,NGR,Nigeria,2,MS,Messieurs simple,SEN,220604,2026,22,05/25/2026 00:00:00
1005,984,21,Amadji KING,BEN,Benin,2,MS,Messieurs simple,SEN,204948,2026,22,05/25/2026 00:00:00
1006,987,19,Yohannes YITAGESU,ETH,Ethiopia,2,MS,Messieurs simple,SEN,221989,2026,22,05/25/2026 00:00:00
1007,988,19,Lucas BAYONA,ARG,Argentina,2,MS,Messieurs simple,SEN,113798,2026,22,05/25/2026 00:00:00
1008,989,19,Sola OYETAYO,NGR,Nigeria,2,MS,Messieurs simple,SEN,123172,2026,22,05/25/2026 00:00:00
1009,990,19,Oscar Enrique GONZALES,ARG,Argentina,2,MS,Messieurs simple,SEN,103182,2026,22,05/25/2026 00:00:00
1010,991,19,Ukyo KOBAYASHI,JPN,Japan,2,MS,Messieurs simple,SEN,205514,2026,22,05/25/2026 00:00:00
1011,992,19,WANG Tiancheng,USA,USA,2,MS,Messieurs simple,SEN,207874,2026,22,05/25/2026 00:00:00
1012,993,19,Xaysana XAYSAVATH,LAO,Laos,2,MS,Messieurs simple,SEN,203015,2026,22,05/25/2026 00:00:00
1013,994,19,Phongsavanh SENGMANY,LAO,Laos,2,MS,Messieurs simple,SEN,203010,2026,22,05/25/2026 00:00:00
1014,995,19,Piotr LACKI,POL,Poland,2,MS,Messieurs simple,SEN,212930,2026,22,05/25/2026 00:00:00
1015,996,19,Adeepa KEERTHIRATNE,AUS,Australia,2,MS,Messieurs simple,SEN,203031,2026,22,05/25/2026 00:00:00
1016,997,19,Issa AL-SHAMM'A,JOR,Jordan,2,MS,Messieurs simple,SEN,201281,2026,22,05/25/2026 00:00:00
1017,998,19,NG Hong Siu,SGP,Singapore,2,MS,Messieurs simple,SEN,136450,2026,22,05/25/2026 00:00:00
1018,999,19,Jad ALBESANI,JOR,Jordan,2,MS,Messieurs simple,SEN,137102,2026,22,05/25/2026 00:00:00
1019,1000,19,Temirlan JIYENBAYEV,KAZ,Kazakhstan,2,MS,Messieurs simple,SEN,206027,2026,22,05/25/2026 00:00:00
1020,1001,19,Bolat NIYETKALIYEV,KAZ,Kazakhstan,2,MS,Messieurs simple,SEN,205093,2026,22,05/25/2026 00:00:00
1021,1002,19,Chenyang SHI,KAZ,Kazakhstan,2,MS,Messieurs simple,SEN,204052,2026,22,05/25/2026 00:00:00
1022,1003,19,Matthis KASSENS,GER,Germany,2,MS,Messieurs simple,SEN,203982,2026,22,05/25/2026 00:00:00
1023,1004,19,Mochamad THARIKH,INA,Indonesia,2,MS,Messieurs simple,SEN,222549,2026,22,05/25/2026 00:00:00
1024,1005,19,Kristijan STANOJKOVSKI,MKD,North Macedonia,2,MS,Messieurs simple,SEN,114733,2026,22,05/25/2026 00:00:00
1025,1006,19,Rayan VARDINEJAD,AUS,Australia,2,MS,Messieurs simple,SEN,202879,2026,22,05/25/2026 00:00:00
1026,1007,19,Nikita RYBAKOV,RUS,Russia,2,MS,Messieurs simple,SEN,137806,2026,22,05/25/2026 00:00:00
1027,1008,19,Abdelmalk ELSAYED,EGY,Egypt,2,MS,Messieurs simple,SEN,201321,2026,22,05/25/2026 00:00:00
1028,1009,19,Ramez AL DAKDOUKI,LBN,Lebanon,2,MS,Messieurs simple,SEN,201185,2026,22,05/25/2026 00:00:00
1029,1010,19,Hassan SHEIKHIABARGHOUEI,IRI,Iran,2,MS,Messieurs simple,SEN,221506,2026,22,05/25/2026 00:00:00
1030,1011,19,Parsa RAHIMIAN,IRI,Iran,2,MS,Messieurs simple,SEN,204464,2026,22,05/25/2026 00:00:00
1031,1013,18,Aleks PAKULA,POL,Poland,2,MS,Messieurs simple,SEN,200801,2026,22,05/25/2026 00:00:00
1032,1014,18,Vadym SOLTYS,UKR,Ukraine,2,MS,Messieurs simple,SEN,200142,2026,22,05/25/2026 00:00:00
1033,1015,18,Konrad KULPA,POL,Poland,2,MS,Messieurs simple,SEN,115438,2026,22,05/25/2026 00:00:00
1034,1016,18,Costantino CAPPUCCIO,ITA,Italy,2,MS,Messieurs simple,SEN,131585,2026,22,05/25/2026 00:00:00
1035,1017,18,Orok ETIM,NGR,Nigeria,2,MS,Messieurs simple,SEN,133746,2026,22,05/25/2026 00:00:00
1036,1018,18,Brent RONDE,NED,Netherlands,2,MS,Messieurs simple,SEN,200169,2026,22,05/25/2026 00:00:00
1037,1020,17,Pratham MADLANI,IND,India,2,MS,Messieurs simple,SEN,223838,2026,22,05/25/2026 00:00:00
1038,1021,17,Satyajeet GHOSH,IND,India,2,MS,Messieurs simple,SEN,211453,2026,22,05/25/2026 00:00:00
1039,1022,17,Seyedamirabbas HODAEI,IRI,Iran,2,MS,Messieurs simple,SEN,204492,2026,22,05/25/2026 00:00:00
1040,1023,17,Mohammed AL MUTAWA,OMA,Oman,2,MS,Messieurs simple,SEN,135872,2026,22,05/25/2026 00:00:00
1041,1024,17,Thanapak SUPHANPHASUCH,THA,Thailand,2,MS,Messieurs simple,SEN,122458,2026,22,05/25/2026 00:00:00
1042,1025,17,Zhiar MOHAMMED,IRQ,Iraq,2,MS,Messieurs simple,SEN,200575,2026,22,05/25/2026 00:00:00
1043,1026,17,Darryl TSAO,USA,USA,2,MS,Messieurs simple,SEN,137877,2026,22,05/25/2026 00:00:00
1044,1027,17,Jonathan LI,CAN,Canada,2,MS,Messieurs simple,SEN,119470,2026,22,05/25/2026 00:00:00
1045,1028,17,Carlos ARCILA,COL,Colombia,2,MS,Messieurs simple,SEN,112534,2026,22,05/25/2026 00:00:00
1046,1029,17,Andrei TOMICA,ROU,Romania,2,MS,Messieurs simple,SEN,134149,2026,22,05/25/2026 00:00:00
1047,1030,17,Oliver BERNTSEN,DEN,Denmark,2,MS,Messieurs simple,SEN,137889,2026,22,05/25/2026 00:00:00
1048,1031,17,Habib AMEUR,TUN,Tunisia,2,MS,Messieurs simple,SEN,134167,2026,22,05/25/2026 00:00:00
1049,1033,16,Sebastian SANCHEZ,COL,Colombia,2,MS,Messieurs simple,SEN,213549,2026,22,05/25/2026 00:00:00
1050,1034,16,Kas VAN OOST,NED,Netherlands,2,MS,Messieurs simple,SEN,133337,2026,22,05/25/2026 00:00:00
1051,,,Umar AYOOLA,NGR,Nigeria,2,MS,Messieurs simple,SEN,221578,2026,22,05/25/2026 00:00:00
1052,,,Victor JOSEPH,NGR,Nigeria,2,MS,Messieurs simple,SEN,220596,2026,22,05/25/2026 00:00:00
1053,,,YU Yi-Cing,TPE,Chinese Taipei,2,MS,Messieurs simple,SEN,203202,2026,22,05/25/2026 00:00:00
1054,,,Ayatullahi AHMED,NGR,Nigeria,2,MS,Messieurs simple,SEN,211163,2026,22,05/25/2026 00:00:00
1055,,,Dylan CHAPERON,FRA,France,2,MS,Messieurs simple,SEN,137652,2026,22,05/25/2026 00:00:00
1056,1035,21,Nicolas CALLABA,ARG,Argentina,2,MS,Messieurs simple,SEN,143743,2026,22,05/25/2026 00:00:00
1057,1036,21,CHAN Chi In,MAC,"Macao, China",2,MS,Messieurs simple,SEN,207488,2026,22,05/25/2026 00:00:00
1058,1037,21,Md Javed AHMED,BAN,Bangladesh,2,MS,Messieurs simple,SEN,119932,2026,22,05/25/2026 00:00:00
1059,1038,21,Ramhimlian BAWM,BAN,Bangladesh,2,MS,Messieurs simple,SEN,200573,2026,22,05/25/2026 00:00:00
1060,1039,21,Joshua LUBIN,LCA,St. Lucia,2,MS,Messieurs simple,SEN,201489,2026,22,05/25/2026 00:00:00
1061,1040,21,Shawn BELLAMY,BAR,Barbados,2,MS,Messieurs simple,SEN,101036,2026,22,05/25/2026 00:00:00
1062,1041,21,Tinotenda FAMBIRA,ZIM,Zimbabwe,2,MS,Messieurs simple,SEN,202381,2026,22,05/25/2026 00:00:00
1063,1042,21,Tatenda MUMVUMA,ZIM,Zimbabwe,2,MS,Messieurs simple,SEN,202383,2026,22,05/25/2026 00:00:00
1064,1043,21,Godwin ALABI,GHA,Ghana,2,MS,Messieurs simple,SEN,205260,2026,22,05/25/2026 00:00:00
1065,1044,21,Bader AL JASSASI,OMA,Oman,2,MS,Messieurs simple,SEN,145525,2026,22,05/25/2026 00:00:00
1066,1045,21,Jakub GOLDIR,SVK,Slovak Republic,2,MS,Messieurs simple,SEN,134327,2026,22,05/25/2026 00:00:00
1067,,,Quadri ATUNWON,NGR,Nigeria,2,MS,Messieurs simple,SEN,221421,2026,22,05/25/2026 00:00:00
1068,,,Mauro SCHARRER,SUI,Switzerland,2,MS,Messieurs simple,SEN,134616,2026,22,05/25/2026 00:00:00
1069,,,Niyi SANYAOLOU,BEN,Benin,2,MS,Messieurs simple,SEN,112645,2026,22,05/25/2026 00:00:00
1070,1046,24,Jakub HOLUBCIK,SVK,Slovak Republic,2,MS,Messieurs simple,SEN,200826,2026,22,05/25/2026 00:00:00
1071,1047,24,Adil AHMADZADA,AZE,Azerbaijan,2,MS,Messieurs simple,SEN,201411,2026,22,05/25/2026 00:00:00
1072,1048,24,Muhammet ATAKUL,TUR,Türkiye,2,MS,Messieurs simple,SEN,204113,2026,22,05/25/2026 00:00:00
1073,1049,24,Stoyan SARIEV,BUL,Bulgaria,2,MS,Messieurs simple,SEN,131690,2026,22,05/25/2026 00:00:00
1074,1050,24,Rajveer BHATIA,IND,India,2,MS,Messieurs simple,SEN,220932,2026,22,05/25/2026 00:00:00
1075,1051,24,Ylyas ALLANAZAROV,TKM,Turkmenistan,2,MS,Messieurs simple,SEN,133066,2026,22,05/25/2026 00:00:00
1076,1052,24,Ali Abbas SYED,IND,India,2,MS,Messieurs simple,SEN,222286,2026,22,05/25/2026 00:00:00
1077,1053,24,Jose GIMENEZ,VEN,Venezuela,2,MS,Messieurs simple,SEN,211759,2026,22,05/25/2026 00:00:00
1078,1054,24,Alexandr GERASSIMENKO,KAZ,Kazakhstan,2,MS,Messieurs simple,SEN,111592,2026,22,05/25/2026 00:00:00
1079,1055,24,Pavol KOKAVEC,SVK,Slovak Republic,2,MS,Messieurs simple,SEN,145876,2026,22,05/25/2026 00:00:00
1080,1056,24,Nazar MATSKO,BLR,Belarus,2,MS,Messieurs simple,SEN,208956,2026,22,05/25/2026 00:00:00
1081,1057,24,Artur GROMEK,POL,Poland,2,MS,Messieurs simple,SEN,145004,2026,22,05/25/2026 00:00:00
1082,1058,24,WONG Jaryl,SGP,Singapore,2,MS,Messieurs simple,SEN,203089,2026,22,05/25/2026 00:00:00
1083,1059,24,Kacper PERKOWSKI,POL,Poland,2,MS,Messieurs simple,SEN,203560,2026,22,05/25/2026 00:00:00
1084,1060,24,Dawid STANIOWSKI,POL,Poland,2,MS,Messieurs simple,SEN,205350,2026,22,05/25/2026 00:00:00
1085,1061,24,Andrei TIBIRNA,ROU,Romania,2,MS,Messieurs simple,SEN,210827,2026,22,05/25/2026 00:00:00
1086,1063,23,Martin VAIGL,CZE,Czechia,2,MS,Messieurs simple,SEN,200740,2026,22,05/25/2026 00:00:00
1087,1064,23,Feliks GULAN,POL,Poland,2,MS,Messieurs simple,SEN,206162,2026,22,05/25/2026 00:00:00
1088,1097,-9,Adrian GIRBEA,CAN,Canada,2,MS,Messieurs simple,SEN,222119,2026,22,05/25/2026 00:00:00
1089,1098,-9,Aaron DU,CAN,Canada,2,MS,Messieurs simple,SEN,201027,2026,22,05/25/2026 00:00:00
1090,1065,25,Jaime GALEANO,ESA,El Salvador,2,MS,Messieurs simple,SEN,118047,2026,22,05/25/2026 00:00:00
1091,1220,-129,Santiago URIBE,PER,Peru,2,MS,Messieurs simple,SEN,146047,2026,22,05/25/2026 00:00:00
1092,1066,26,Matyas KOLECKAR,CZE,Czechia,1,MS,Messieurs simple,SEN,202031,2026,22,05/25/2026 00:00:00
1093,1067,26,Daniel KOSTAL,CZE,Czechia,1,MS,Messieurs simple,SEN,137556,2026,22,05/25/2026 00:00:00
1094,1068,26,Gregor ZAFOSTNIK,SLO,Slovenia,1,MS,Messieurs simple,SEN,110460,2026,22,05/25/2026 00:00:00
1095,1069,26,Miguel ZABALLOS,ESP,Spain,1,MS,Messieurs simple,SEN,201885,2026,22,05/25/2026 00:00:00
1096,1070,26,Rupam SARDAR,IND,India,1,MS,Messieurs simple,SEN,201366,2026,22,05/25/2026 00:00:00
1097,1071,26,Nelson VILLANUEVA,VEN,Venezuela,1,MS,Messieurs simple,SEN,121953,2026,22,05/25/2026 00:00:00
1098,1072,26,Petr HODINA,AUT,Austria,1,MS,Messieurs simple,SEN,146262,2026,22,05/25/2026 00:00:00
1099,1073,26,Abdullah ALMKEEMY,KUW,Kuwait,1,MS,Messieurs simple,SEN,114327,2026,22,05/25/2026 00:00:00
1100,1074,26,Raif RUSTEMOVSKI,MKD,North Macedonia,1,MS,Messieurs simple,SEN,135896,2026,22,05/25/2026 00:00:00
1101,1075,26,Rustam HAJILI,AZE,Azerbaijan,1,MS,Messieurs simple,SEN,201409,2026,22,05/25/2026 00:00:00
1102,1076,26,Yashraj SHAH,USA,USA,1,MS,Messieurs simple,SEN,205083,2026,22,05/25/2026 00:00:00
1103,1077,26,Sebastian MALDONADO,PUR,Puerto Rico,1,MS,Messieurs simple,SEN,206994,2026,22,05/25/2026 00:00:00
1104,1078,26,Abraham CARDOZO,VEN,Venezuela,1,MS,Messieurs simple,SEN,211747,2026,22,05/25/2026 00:00:00
1105,1079,26,Yassin GABER,EGY,Egypt,1,MS,Messieurs simple,SEN,137525,2026,22,05/25/2026 00:00:00
1106,1080,26,Chrisnomar AVILES,PUR,Puerto Rico,1,MS,Messieurs simple,SEN,207208,2026,22,05/25/2026 00:00:00
1107,1081,26,Blend HAJDARI,KOS,Kosovo,1,MS,Messieurs simple,SEN,145020,2026,22,05/25/2026 00:00:00
1108,1082,26,Mateo CAPELLA,VEN,Venezuela,1,MS,Messieurs simple,SEN,211735,2026,22,05/25/2026 00:00:00
1109,1083,26,Francisco LOPEZ,VEN,Venezuela,1,MS,Messieurs simple,SEN,201761,2026,22,05/25/2026 00:00:00
1110,1084,26,Nawachet PRASONGPOL,THA,Thailand,1,MS,Messieurs simple,SEN,202957,2026,22,05/25/2026 00:00:00
1111,1085,26,Radoslav KOTEV,BUL,Bulgaria,1,MS,Messieurs simple,SEN,145087,2026,22,05/25/2026 00:00:00
1112,1086,26,Enes DOMANIKU,KOS,Kosovo,1,MS,Messieurs simple,SEN,221210,2026,22,05/25/2026 00:00:00
1113,1087,26,Mark USOV,SWE,Sweden,1,MS,Messieurs simple,SEN,145803,2026,22,05/25/2026 00:00:00
1114,1088,26,Luis SOSA,VEN,Venezuela,1,MS,Messieurs simple,SEN,211994,2026,22,05/25/2026 00:00:00
1115,1089,26,Evgenii DOSOV,RUS,Russia,1,MS,Messieurs simple,SEN,221657,2026,22,05/25/2026 00:00:00
1116,1090,26,WANG Pin-Han,TPE,Chinese Taipei,1,MS,Messieurs simple,SEN,205923,2026,22,05/25/2026 00:00:00
1117,1091,26,PENG Jing En,TPE,Chinese Taipei,1,MS,Messieurs simple,SEN,200017,2026,22,05/25/2026 00:00:00
1118,1092,26,Victor MORAGA,USA,USA,1,MS,Messieurs simple,SEN,106320,2026,22,05/25/2026 00:00:00
1119,1093,26,Tahl LEIBOVITZ,USA,USA,1,MS,Messieurs simple,SEN,105233,2026,22,05/25/2026 00:00:00
1120,1094,26,Ali ALGHBAELE,LBA,Libya,1,MS,Messieurs simple,SEN,203396,2026,22,05/25/2026 00:00:00
1121,1095,26,Owen HU,CAN,Canada,1,MS,Messieurs simple,SEN,222114,2026,22,05/25/2026 00:00:00
1122,1096,26,Jaelen CHEN,CAN,Canada,1,MS,Messieurs simple,SEN,206330,2026,22,05/25/2026 00:00:00
1123,1099,24,Yousef ALBAYAYDAH,JOR,Jordan,1,MS,Messieurs simple,SEN,211211,2026,22,05/25/2026 00:00:00
1124,1100,24,Zong Gang LI,CAN,Canada,1,MS,Messieurs simple,SEN,201021,2026,22,05/25/2026 00:00:00
1125,1101,24,Chonny XIMOM,LAO,Laos,1,MS,Messieurs simple,SEN,203017,2026,22,05/25/2026 00:00:00
1126,1102,24,Abedelrahman SAMREEN,JOR,Jordan,1,MS,Messieurs simple,SEN,222102,2026,22,05/25/2026 00:00:00
1127,1103,24,Samuel AWAD,CAN,Canada,1,MS,Messieurs simple,SEN,145818,2026,22,05/25/2026 00:00:00
1128,1104,24,Laokham MANICHANH,LAO,Laos,1,MS,Messieurs simple,SEN,203020,2026,22,05/25/2026 00:00:00
1129,1105,24,Phetsamay OUNTHAHALATH,LAO,Laos,1,MS,Messieurs simple,SEN,203018,2026,22,05/25/2026 00:00:00
1130,1106,24,Seng VONGDALASINH,LAO,Laos,1,MS,Messieurs simple,SEN,135535,2026,22,05/25/2026 00:00:00
1131,1107,24,Phoutthavong DOUANGDALA,LAO,Laos,1,MS,Messieurs simple,SEN,221753,2026,22,05/25/2026 00:00:00
1132,1108,24,Phinith KONGPHET,LAO,Laos,1,MS,Messieurs simple,SEN,117471,2026,22,05/25/2026 00:00:00
1133,1109,24,Somsaiy VANNAVONGSA,LAO,Laos,1,MS,Messieurs simple,SEN,221607,2026,22,05/25/2026 00:00:00
1134,1110,24,Plamen VARBANOV,BUL,Bulgaria,1,MS,Messieurs simple,SEN,222176,2026,22,05/25/2026 00:00:00
1135,1111,24,Nabajit DATTA,IND,India,1,MS,Messieurs simple,SEN,221518,2026,22,05/25/2026 00:00:00
1136,1112,24,Vitja LUTSENKO,BEL,Belgium,1,MS,Messieurs simple,SEN,146255,2026,22,05/25/2026 00:00:00
1137,1113,24,Chris ANDERSEN,GER,Germany,1,MS,Messieurs simple,SEN,222483,2026,22,05/25/2026 00:00:00
1138,1114,24,Bhudej PANFUENG,THA,Thailand,1,MS,Messieurs simple,SEN,136531,2026,22,05/25/2026 00:00:00
1139,1115,24,XIA Yuan,USA,USA,1,MS,Messieurs simple,SEN,205085,2026,22,05/25/2026 00:00:00
1140,1116,24,Anwer HAMEED,IRQ,Iraq,1,MS,Messieurs simple,SEN,122973,2026,22,05/25/2026 00:00:00
1141,1117,24,Shubhrajeet GHOSH,IND,India,1,MS,Messieurs simple,SEN,211452,2026,22,05/25/2026 00:00:00
1142,1118,24,Rohan BUBNA,USA,USA,1,MS,Messieurs simple,SEN,222585,2026,22,05/25/2026 00:00:00
1143,1119,24,Moaid ARIF,KSA,Saudi Arabia,1,MS,Messieurs simple,SEN,134729,2026,22,05/25/2026 00:00:00
1144,1120,24,Taqi Al-Din AL-NAJADAT,JOR,Jordan,1,MS,Messieurs simple,SEN,137100,2026,22,05/25/2026 00:00:00
1145,1121,24,Richard FU,AUS,Australia,1,MS,Messieurs simple,SEN,206933,2026,22,05/25/2026 00:00:00
1146,1122,24,Nihad MAMMADOV,AZE,Azerbaijan,1,MS,Messieurs simple,SEN,134258,2026,22,05/25/2026 00:00:00
1147,1123,24,Mufradul HAMZA,BAN,Bangladesh,1,MS,Messieurs simple,SEN,132795,2026,22,05/25/2026 00:00:00
1148,1124,24,PARK Minhyeok,KOR,Korea Republic,1,MS,Messieurs simple,SEN,206020,2026,22,05/25/2026 00:00:00
1149,1125,24,Jorge ALVES,VEN,Venezuela,1,MS,Messieurs simple,SEN,211959,2026,22,05/25/2026 00:00:00
1150,1126,24,Abdalrahman REDA,EGY,Egypt,1,MS,Messieurs simple,SEN,133354,2026,22,05/25/2026 00:00:00
1151,1127,24,Aly ELSARAFY,EGY,Egypt,1,MS,Messieurs simple,SEN,131334,2026,22,05/25/2026 00:00:00
1152,1128,24,Yassin WAEL,EGY,Egypt,1,MS,Messieurs simple,SEN,134797,2026,22,05/25/2026 00:00:00
1153,1129,24,Amirali JADIDI,IRI,Iran,1,MS,Messieurs simple,SEN,223178,2026,22,05/25/2026 00:00:00
1154,1130,24,Mustafa ABDULRIDHA,IRQ,Iraq,1,MS,Messieurs simple,SEN,223126,2026,22,05/25/2026 00:00:00
1155,1131,24,Las OTHMAN,IRQ,Iraq,1,MS,Messieurs simple,SEN,204159,2026,22,05/25/2026 00:00:00
1156,1132,24,Tien Nghia PHONG,GER,Germany,1,MS,Messieurs simple,SEN,201442,2026,22,05/25/2026 00:00:00
1157,1133,24,Mateusz WISNIEWSKI,POL,Poland,1,MS,Messieurs simple,SEN,203624,2026,22,05/25/2026 00:00:00
1158,1134,24,Jonas RINDERER,GER,Germany,1,MS,Messieurs simple,SEN,201473,2026,22,05/25/2026 00:00:00
1159,1135,24,Daniel NAGY,GER,Germany,1,MS,Messieurs simple,SEN,201475,2026,22,05/25/2026 00:00:00
1160,1136,24,Balazs POOR,HUN,Hungary,1,MS,Messieurs simple,SEN,200865,2026,22,05/25/2026 00:00:00
1161,1137,24,Mateusz REPKE,POL,Poland,1,MS,Messieurs simple,SEN,223297,2026,22,05/25/2026 00:00:00
1162,1138,24,Tomas CABRERA,ARG,Argentina,1,MS,Messieurs simple,SEN,221863,2026,22,05/25/2026 00:00:00
1163,1139,24,Jakub CHOJNACKI,POL,Poland,1,MS,Messieurs simple,SEN,135473,2026,22,05/25/2026 00:00:00
1164,1140,24,Aaron SAHR,LUX,Luxembourg,1,MS,Messieurs simple,SEN,146259,2026,22,05/25/2026 00:00:00
1165,1141,24,Georgij STOJANOSKI,MKD,North Macedonia,1,MS,Messieurs simple,SEN,223182,2026,22,05/25/2026 00:00:00
1166,1142,24,Mihail STOJANOSKI,MKD,North Macedonia,1,MS,Messieurs simple,SEN,223181,2026,22,05/25/2026 00:00:00
1167,1143,24,Loris STEPHANY,LUX,Luxembourg,1,MS,Messieurs simple,SEN,134644,2026,22,05/25/2026 00:00:00
1168,1144,24,Matteo FANTONI,ITA,Italy,1,MS,Messieurs simple,SEN,144068,2026,22,05/25/2026 00:00:00
1169,1145,24,Antonio GIORDANO,ITA,Italy,1,MS,Messieurs simple,SEN,136208,2026,22,05/25/2026 00:00:00
1170,1146,24,Emmanuel AUGUSTINE,NGR,Nigeria,1,MS,Messieurs simple,SEN,133732,2026,22,05/25/2026 00:00:00
1171,1147,24,Nurbol TOKTAMYS,KAZ,Kazakhstan,1,MS,Messieurs simple,SEN,203051,2026,22,05/25/2026 00:00:00
1172,1148,24,Avesta ASKARZADEH,IRI,Iran,1,MS,Messieurs simple,SEN,223501,2026,22,05/25/2026 00:00:00
1173,1149,24,Rajdip SEN,IND,India,1,MS,Messieurs simple,SEN,206627,2026,22,05/25/2026 00:00:00
1174,1150,24,Danuk Nisalvin LAMASURIYA,SRI,Sri Lanka,1,MS,Messieurs simple,SEN,144805,2026,22,05/25/2026 00:00:00
1175,1151,24,Shwet RAJ,IND,India,1,MS,Messieurs simple,SEN,212936,2026,22,05/25/2026 00:00:00
1176,1152,24,Rajiv SAHU,IND,India,1,MS,Messieurs simple,SEN,221449,2026,22,05/25/2026 00:00:00
1177,1153,24,Alex MAHARJAN,NEP,Nepal,1,MS,Messieurs simple,SEN,223679,2026,22,05/25/2026 00:00:00
1178,1154,24,Shayan SARKAR,IND,India,1,MS,Messieurs simple,SEN,223688,2026,22,05/25/2026 00:00:00
1179,1155,24,Dorji LEKI,BHU,Bhutan,1,MS,Messieurs simple,SEN,134132,2026,22,05/25/2026 00:00:00
1180,1156,24,Harsh MEROTHA,IND,India,1,MS,Messieurs simple,SEN,220498,2026,22,05/25/2026 00:00:00
1181,1157,24,Soumyajeet GHOSH,IND,India,1,MS,Messieurs simple,SEN,208692,2026,22,05/25/2026 00:00:00
1182,1158,24,Kunwar THAPAR,IND,India,1,MS,Messieurs simple,SEN,223220,2026,22,05/25/2026 00:00:00
1183,1159,24,Zakhar VARFOLOMEEV,RUS,Russia,1,MS,Messieurs simple,SEN,221621,2026,22,05/25/2026 00:00:00
1184,1160,24,Majed HASHEM,BRN,Bahrain,1,MS,Messieurs simple,SEN,137719,2026,22,05/25/2026 00:00:00
1185,1161,24,Rabeah AL-KUWARI,QAT,Qatar,1,MS,Messieurs simple,SEN,201033,2026,22,05/25/2026 00:00:00
1186,1162,24,Adam JMAIEL,QAT,Qatar,1,MS,Messieurs simple,SEN,200338,2026,22,05/25/2026 00:00:00
1187,1163,24,Iyed JMAIEL,QAT,Qatar,1,MS,Messieurs simple,SEN,200337,2026,22,05/25/2026 00:00:00
1188,1164,24,Itay AVIVI,ISR,Israel,1,MS,Messieurs simple,SEN,137089,2026,22,05/25/2026 00:00:00
1189,1165,24,Ovaldo BLOBIA,BEN,Benin,1,MS,Messieurs simple,SEN,223861,2026,22,05/25/2026 00:00:00
1190,1166,24,Abdalwahab ALMARZOUQ,KUW,Kuwait,1,MS,Messieurs simple,SEN,223875,2026,22,05/25/2026 00:00:00
1191,1167,24,Husain AL-BAHRANI,KUW,Kuwait,1,MS,Messieurs simple,SEN,100254,2026,22,05/25/2026 00:00:00
1192,1169,23,Lukas WANG,GER,Germany,1,MS,Messieurs simple,SEN,201054,2026,22,05/25/2026 00:00:00
1193,1170,23,Reza SHARIATY,IRI,Iran,1,MS,Messieurs simple,SEN,201242,2026,22,05/25/2026 00:00:00
1194,1171,23,Serkan ALDOGAN,TUR,Türkiye,1,MS,Messieurs simple,SEN,223900,2026,22,05/25/2026 00:00:00
1195,1172,23,SEAH Benaiah,SGP,Singapore,1,MS,Messieurs simple,SEN,203412,2026,22,05/25/2026 00:00:00
1196,1173,23,Ren NOSAWA,BRA,Brazil,1,MS,Messieurs simple,SEN,204990,2026,22,05/25/2026 00:00:00
1197,1174,23,Hayato MIKI,JPN,Japan,1,MS,Messieurs simple,SEN,211031,2026,22,05/25/2026 00:00:00
1198,1175,23,Efstathios Efraim MANOLOPOULOS,GRE,Greece,1,MS,Messieurs simple,SEN,200553,2026,22,05/25/2026 00:00:00
1199,1176,23,Aleks KOREN,SLO,Slovenia,1,MS,Messieurs simple,SEN,200255,2026,22,05/25/2026 00:00:00
1200,1177,23,Jan KUNC,CZE,Czechia,1,MS,Messieurs simple,SEN,204506,2026,22,05/25/2026 00:00:00
1201,1178,23,Esteban CAMACHO,PER,Peru,1,MS,Messieurs simple,SEN,200713,2026,22,05/25/2026 00:00:00
1202,1179,23,Alvaro GIMENO,ESP,Spain,1,MS,Messieurs simple,SEN,207608,2026,22,05/25/2026 00:00:00
1203,1180,23,Gustavo CERDA,CHI,Chile,1,MS,Messieurs simple,SEN,224470,2026,22,05/25/2026 00:00:00
1204,1181,23,Damjan ZELKO,SLO,Slovenia,1,MS,Messieurs simple,SEN,120158,2026,22,05/25/2026 00:00:00
1205,1182,23,Deni VALE,CRO,Croatia,1,MS,Messieurs simple,SEN,200285,2026,22,05/25/2026 00:00:00
1206,1183,23,Esteban AYALA,PUR,Puerto Rico,1,MS,Messieurs simple,SEN,205941,2026,22,05/25/2026 00:00:00
1207,1184,23,Jenniel VEGA,PUR,Puerto Rico,1,MS,Messieurs simple,SEN,213528,2026,22,05/25/2026 00:00:00
1208,1185,23,Yaniel VEGA,PUR,Puerto Rico,1,MS,Messieurs simple,SEN,213408,2026,22,05/25/2026 00:00:00
1209,1186,23,Yalex GONZALEZ,PUR,Puerto Rico,1,MS,Messieurs simple,SEN,213251,2026,22,05/25/2026 00:00:00
1210,1187,23,Leon HALLBERG,SWE,Sweden,1,MS,Messieurs simple,SEN,209183,2026,22,05/25/2026 00:00:00
1211,1188,23,Matei EPARU,ROU,Romania,1,MS,Messieurs simple,SEN,201436,2026,22,05/25/2026 00:00:00
1212,1189,23,Christian MARRERO,PUR,Puerto Rico,1,MS,Messieurs simple,SEN,213494,2026,22,05/25/2026 00:00:00
1213,1190,23,Ryan CUADRO,PUR,Puerto Rico,1,MS,Messieurs simple,SEN,200591,2026,22,05/25/2026 00:00:00
1214,1191,23,Obada TABBAKH,SWE,Sweden,1,MS,Messieurs simple,SEN,221332,2026,22,05/25/2026 00:00:00
1215,1192,23,Raul CREUCU,ROU,Romania,1,MS,Messieurs simple,SEN,201157,2026,22,05/25/2026 00:00:00
1216,1193,23,Albin INGESTROM,SWE,Sweden,1,MS,Messieurs simple,SEN,204062,2026,22,05/25/2026 00:00:00
1217,1194,23,Yousuf HANIFA,KSA,Saudi Arabia,1,MS,Messieurs simple,SEN,201303,2026,22,05/25/2026 00:00:00
1218,1195,23,KIM Jihu,KOR,Korea Republic,1,MS,Messieurs simple,SEN,203107,2026,22,05/25/2026 00:00:00
1219,1196,23,Erik PAULINA,ITA,Italy,1,MS,Messieurs simple,SEN,146142,2026,22,05/25/2026 00:00:00
1220,1197,23,Pit SCHOLTES,LUX,Luxembourg,1,MS,Messieurs simple,SEN,145683,2026,22,05/25/2026 00:00:00
1221,1198,23,Foos FERBER,LUX,Luxembourg,1,MS,Messieurs simple,SEN,145732,2026,22,05/25/2026 00:00:00
1222,1199,23,Cristian HOLD,DEN,Denmark,1,MS,Messieurs simple,SEN,133374,2026,22,05/25/2026 00:00:00
1223,1200,23,Veniamin DUBROVIN,MDA,Moldova,1,MS,Messieurs simple,SEN,112307,2026,22,05/25/2026 00:00:00
1224,1201,23,Franciszek KOLODZIEJCZYK,AUT,Austria,1,MS,Messieurs simple,SEN,146125,2026,22,05/25/2026 00:00:00
1225,1203,22,Matt CLOSSET,BEL,Belgium,1,MS,Messieurs simple,SEN,146258,2026,22,05/25/2026 00:00:00
1226,1204,22,Samuel KUHL,GER,Germany,1,MS,Messieurs simple,SEN,201474,2026,22,05/25/2026 00:00:00
1227,1205,22,Aron KANLIC,BIH,Bosnia-Herzegovina,1,MS,Messieurs simple,SEN,200152,2026,22,05/25/2026 00:00:00
1228,1206,22,Aleksi RASANEN,FIN,Finland,1,MS,Messieurs simple,SEN,135982,2026,22,05/25/2026 00:00:00
1229,1207,22,Giulio CAMPAGNA,ITA,Italy,1,MS,Messieurs simple,SEN,200846,2026,22,05/25/2026 00:00:00
1230,1208,22,JI Lunxi,HKG,"Hong Kong, China",1,MS,Messieurs simple,SEN,209398,2026,22,05/25/2026 00:00:00
1231,1209,22,Mukhammadali KURBANTAYEV,KAZ,Kazakhstan,1,MS,Messieurs simple,SEN,204817,2026,22,05/25/2026 00:00:00
1232,1210,22,Evgenii VASIKOV,RUS,Russia,1,MS,Messieurs simple,SEN,144627,2026,22,05/25/2026 00:00:00
1233,1211,22,Abubaker SIRAJ,IRQ,Iraq,1,MS,Messieurs simple,SEN,224000,2026,22,05/25/2026 00:00:00
1234,,,XU Minghao,CHN,China,1,MS,Messieurs simple,SEN,222989,2026,22,05/25/2026 00:00:00
1235,,,Matthew CAO,PUR,Puerto Rico,1,MS,Messieurs simple,SEN,202954,2026,22,05/25/2026 00:00:00
1236,,,Sanuka HERATH,CAN,Canada,1,MS,Messieurs simple,SEN,202231,2026,22,05/25/2026 00:00:00
1237,,,Aaron NGUYEN,AUS,Australia,1,MS,Messieurs simple,SEN,206841,2026,22,05/25/2026 00:00:00
1238,,,Ritvik GUPTA,IND,India,1,MS,Messieurs simple,SEN,206333,2026,22,05/25/2026 00:00:00
1239,,,DOAN KIEN TAN Nguyen,VIE,Vietnam,1,MS,Messieurs simple,SEN,207106,2026,22,05/25/2026 00:00:00
1240,,,Dinis YE,POR,Portugal,1,MS,Messieurs simple,SEN,201056,2026,22,05/25/2026 00:00:00
1241,,,HUANG Pei-You,TPE,Chinese Taipei,1,MS,Messieurs simple,SEN,203315,2026,22,05/25/2026 00:00:00
1242,,,Or MAGEN,ISR,Israel,1,MS,Messieurs simple,SEN,200920,2026,22,05/25/2026 00:00:00
1243,,,Weerasak SAKAMPEE,THA,Thailand,1,MS,Messieurs simple,SEN,144647,2026,22,05/25/2026 00:00:00
1244,,,Abdourazaq SOUFIANOU,TOG,Togo,1,MS,Messieurs simple,SEN,144771,2026,22,05/25/2026 00:00:00
1245,,,Daniels KOGANS,LAT,Latvia,1,MS,Messieurs simple,SEN,133274,2026,22,05/25/2026 00:00:00
1246,1212,34,Jaksa KRIVOKAPIC,MNE,Montenegro,1,MS,Messieurs simple,SEN,200156,2026,22,05/25/2026 00:00:00
1247,1213,34,Axel BERTOLO,PAR,Paraguay,1,MS,Messieurs simple,SEN,134720,2026,22,05/25/2026 00:00:00
1248,1214,34,AO Hualei,CHN,China,1,MS,Messieurs simple,SEN,145743,2026,22,05/25/2026 00:00:00
1249,1215,34,TAN Jayden,SGP,Singapore,1,MS,Messieurs simple,SEN,145809,2026,22,05/25/2026 00:00:00
1250,1216,34,Hilal HASANOV,AZE,Azerbaijan,1,MS,Messieurs simple,SEN,117842,2026,22,05/25/2026 00:00:00
1251,1217,34,Stefan RADONJIC,MNE,Montenegro,1,MS,Messieurs simple,SEN,201313,2026,22,05/25/2026 00:00:00
1252,1218,34,Tilek MOLDALIEV,KGZ,Kyrgyzstan,1,MS,Messieurs simple,SEN,202440,2026,22,05/25/2026 00:00:00
1253,1219,34,Ayaz MURAD,IND,India,1,MS,Messieurs simple,SEN,222064,2026,22,05/25/2026 00:00:00
1254,1221,33,Leshon FRANCIS,LCA,St. Lucia,1,MS,Messieurs simple,SEN,203190,2026,22,05/25/2026 00:00:00
1255,1222,33,Gabriel QUIROS,CRC,Costa Rica,1,MS,Messieurs simple,SEN,202201,2026,22,05/25/2026 00:00:00
1256,1223,33,Brian BLAKE,JAM,Jamaica,1,MS,Messieurs simple,SEN,200438,2026,22,05/25/2026 00:00:00
1257,1224,33,Sebastian AVILES,CRC,Costa Rica,1,MS,Messieurs simple,SEN,202200,2026,22,05/25/2026 00:00:00
1258,1225,33,Alejandro MONTOYA ,CRC,Costa Rica,1,MS,Messieurs simple,SEN,146287,2026,22,05/25/2026 00:00:00
1259,1226,33,Israel AKLIE,GHA,Ghana,1,MS,Messieurs simple,SEN,209121,2026,22,05/25/2026 00:00:00
1260,1227,33,Bertin MINGASHANGA,COD,Congo Democratic,1,MS,Messieurs simple,SEN,206381,2026,22,05/25/2026 00:00:00
1261,1228,33,Gmarco SMITH,JAM,Jamaica,1,MS,Messieurs simple,SEN,204381,2026,22,05/25/2026 00:00:00
1262,1229,33,Azizi JOHNSON,JAM,Jamaica,1,MS,Messieurs simple,SEN,136769,2026,22,05/25/2026 00:00:00
1,1,0,SUN Yingsha,CHN,China,9875,WS,Dames simple,SEN,131163,2026,22,05/25/2026 00:00:00
2,2,0,WANG Manyu,CHN,China,8865,WS,Dames simple,SEN,121411,2026,22,05/25/2026 00:00:00
3,3,0,Miwa HARIMOTO,JPN,Japan,4839,WS,Dames simple,SEN,136711,2026,22,05/25/2026 00:00:00
4,5,-1,ZHU Yuling,MAC,"Macao, China",4715,WS,Dames simple,SEN,117332,2026,22,05/25/2026 00:00:00
5,4,1,CHEN Xingtong,CHN,China,4395,WS,Dames simple,SEN,121403,2026,22,05/25/2026 00:00:00
6,6,0,CHEN Yi,CHN,China,4385,WS,Dames simple,SEN,132132,2026,22,05/25/2026 00:00:00
7,7,0,KUAI Man,CHN,China,4263,WS,Dames simple,SEN,135049,2026,22,05/25/2026 00:00:00
8,8,0,WANG Yidi,CHN,China,3897,WS,Dames simple,SEN,124110,2026,22,05/25/2026 00:00:00
9,9,0,Sabine WINTER,GER,Germany,3785,WS,Dames simple,SEN,111066,2026,22,05/25/2026 00:00:00
10,11,-1,SHIN Yubin,KOR,Korea Republic,3303,WS,Dames simple,SEN,123977,2026,22,05/25/2026 00:00:00
11,12,-1,Satsuki ODO,JPN,Japan,3250,WS,Dames simple,SEN,133405,2026,22,05/25/2026 00:00:00
12,10,2,Hina HAYATA,JPN,Japan,3240,WS,Dames simple,SEN,123672,2026,22,05/25/2026 00:00:00
13,14,-1,Honoka HASHIMOTO,JPN,Japan,2914,WS,Dames simple,SEN,133000,2026,22,05/25/2026 00:00:00
14,15,-1,SHI Xunyao,CHN,China,2765,WS,Dames simple,SEN,123120,2026,22,05/25/2026 00:00:00
15,16,-1,Miyu NAGASAKI,JPN,Japan,2395,WS,Dames simple,SEN,124591,2026,22,05/25/2026 00:00:00
16,13,3,Mima ITO,JPN,Japan,2360,WS,Dames simple,SEN,117821,2026,22,05/25/2026 00:00:00
17,17,0,JOO Cheonhui,KOR,Korea Republic,2125,WS,Dames simple,SEN,200413,2026,22,05/25/2026 00:00:00
18,18,0,Adriana DIAZ,PUR,Puerto Rico,1867,WS,Dames simple,SEN,115009,2026,22,05/25/2026 00:00:00
19,19,0,Ying HAN,GER,Germany,1775,WS,Dames simple,SEN,118762,2026,22,05/25/2026 00:00:00
20,20,0,Hana GODA,EGY,Egypt,1630,WS,Dames simple,SEN,131335,2026,22,05/25/2026 00:00:00
21,21,0,Jia Nan YUAN,FRA,France,1552,WS,Dames simple,SEN,137894,2026,22,05/25/2026 00:00:00
22,25,-3,Hitomi SATO,JPN,Japan,1535,WS,Dames simple,SEN,122261,2026,22,05/25/2026 00:00:00
23,22,1,CHENG I-Ching,TPE,Chinese Taipei,1415,WS,Dames simple,SEN,110797,2026,22,05/25/2026 00:00:00
24,23,1,Bruna TAKAHASHI,BRA,Brazil,1371,WS,Dames simple,SEN,121623,2026,22,05/25/2026 00:00:00
25,24,1,Bernadette SZOCS,ROU,Romania,1370,WS,Dames simple,SEN,111012,2026,22,05/25/2026 00:00:00
26,26,0,Miyuu KIHARA,JPN,Japan,1160,WS,Dames simple,SEN,131036,2026,22,05/25/2026 00:00:00
27,27,0,KIM Nayeong,KOR,Korea Republic,1128,WS,Dames simple,SEN,133814,2026,22,05/25/2026 00:00:00
28,29,-1,QIN Yuxuan,CHN,China,1015,WS,Dames simple,SEN,144628,2026,22,05/25/2026 00:00:00
29,30,-1,Yangzi LIU,AUS,Australia,1010,WS,Dames simple,SEN,137627,2026,22,05/25/2026 00:00:00
30,28,2,Prithika PAVADE,FRA,France,998,WS,Dames simple,SEN,131100,2026,22,05/25/2026 00:00:00
31,31,0,Sakura YOKOI,JPN,Japan,970,WS,Dames simple,SEN,135935,2026,22,05/25/2026 00:00:00
32,32,0,DOO Hoi Kem,HKG,"Hong Kong, China",942,WS,Dames simple,SEN,115543,2026,22,05/25/2026 00:00:00
33,38,-5,Elizabeta SAMARA,ROU,Romania,900,WS,Dames simple,SEN,108226,2026,22,05/25/2026 00:00:00
34,34,0,Anna HURSEY,WAL,Wales,896,WS,Dames simple,SEN,131480,2026,22,05/25/2026 00:00:00
35,35,0,LEE Eunhye,KOR,Korea Republic,895,WS,Dames simple,SEN,122052,2026,22,05/25/2026 00:00:00
36,36,0,Margaryta PESOTSKA,UKR,Ukraine,884,WS,Dames simple,SEN,107321,2026,22,05/25/2026 00:00:00
37,33,4,Miu HIRANO,JPN,Japan,875,WS,Dames simple,SEN,117820,2026,22,05/25/2026 00:00:00
38,43,-5,YEH Yi-Tian,TPE,Chinese Taipei,804,WS,Dames simple,SEN,136987,2026,22,05/25/2026 00:00:00
39,40,-1,HE Zhuojia,CHN,China,760,WS,Dames simple,SEN,119730,2026,22,05/25/2026 00:00:00
40,37,3,ZENG Jian,SGP,Singapore,749,WS,Dames simple,SEN,131342,2026,22,05/25/2026 00:00:00
41,39,2,Lily ZHANG,USA,USA,748,WS,Dames simple,SEN,112221,2026,22,05/25/2026 00:00:00
42,42,0,Kaho AKAE,JPN,Japan,740,WS,Dames simple,SEN,136309,2026,22,05/25/2026 00:00:00
43,41,2,Sofia POLCANOVA,AUT,Austria,738,WS,Dames simple,SEN,107477,2026,22,05/25/2026 00:00:00
44,55,-11,Natalia BAJOR,POL,Poland,673,WS,Dames simple,SEN,115454,2026,22,05/25/2026 00:00:00
45,46,-1,Sreeja AKULA,IND,India,670,WS,Dames simple,SEN,122718,2026,22,05/25/2026 00:00:00
46,44,2,Amy WANG,USA,USA,665,WS,Dames simple,SEN,119022,2026,22,05/25/2026 00:00:00
47,47,0,Elizabet ABRAAMIAN,RUS,Russia,663,WS,Dames simple,SEN,131231,2026,22,05/25/2026 00:00:00
48,48,0,Dina MESHREF,EGY,Egypt,644,WS,Dames simple,SEN,111656,2026,22,05/25/2026 00:00:00
49,45,4,Andreea DRAGOMAN,ROU,Romania,625,WS,Dames simple,SEN,122428,2026,22,05/25/2026 00:00:00
50,50,0,Nina MITTELHAM,GER,Germany,625,WS,Dames simple,SEN,114726,2026,22,05/25/2026 00:00:00
51,49,2,Manika BATRA,IND,India,622,WS,Dames simple,SEN,115920,2026,22,05/25/2026 00:00:00
52,52,0,Fu YU,POR,Portugal,606,WS,Dames simple,SEN,102863,2026,22,05/25/2026 00:00:00
53,57,-4,Saki SHIBATA,JPN,Japan,590,WS,Dames simple,SEN,123848,2026,22,05/25/2026 00:00:00
54,54,0,Maria XIAO,ESP,Spain,590,WS,Dames simple,SEN,111072,2026,22,05/25/2026 00:00:00
55,51,4,LI Yu-Jhun,TPE,Chinese Taipei,585,WS,Dames simple,SEN,124162,2026,22,05/25/2026 00:00:00
56,53,3,Charlotte LUTZ,FRA,France,553,WS,Dames simple,SEN,135501,2026,22,05/25/2026 00:00:00
57,56,1,Mo ZHANG,CAN,Canada,545,WS,Dames simple,SEN,110560,2026,22,05/25/2026 00:00:00
58,58,0,Annett KAUFMANN,GER,Germany,531,WS,Dames simple,SEN,135493,2026,22,05/25/2026 00:00:00
59,59,0,Linda BERGSTROM,SWE,Sweden,518,WS,Dames simple,SEN,114905,2026,22,05/25/2026 00:00:00
60,61,-1,YANG Ha Eun,KOR,Korea Republic,514,WS,Dames simple,SEN,112368,2026,22,05/25/2026 00:00:00
61,63,-2,YOO Yerin,KOR,Korea Republic,500,WS,Dames simple,SEN,137193,2026,22,05/25/2026 00:00:00
62,64,-2,SU Tsz Tung,HKG,"Hong Kong, China",495,WS,Dames simple,SEN,206252,2026,22,05/25/2026 00:00:00
63,74,-11,Jieni SHAO,POR,Portugal,489,WS,Dames simple,SEN,121401,2026,22,05/25/2026 00:00:00
64,65,-1,Minhyung JEE,AUS,Australia,475,WS,Dames simple,SEN,104092,2026,22,05/25/2026 00:00:00
65,62,3,Sally MOYLAND,USA,USA,472,WS,Dames simple,SEN,134489,2026,22,05/25/2026 00:00:00
66,66,0,Yashaswini GHORPADE,IND,India,471,WS,Dames simple,SEN,137850,2026,22,05/25/2026 00:00:00
67,67,0,HUANG Yu-Jie,TPE,Chinese Taipei,449,WS,Dames simple,SEN,124584,2026,22,05/25/2026 00:00:00
68,72,-4,CHIEN Tung-Chuan,TPE,Chinese Taipei,435,WS,Dames simple,SEN,124165,2026,22,05/25/2026 00:00:00
69,70,-1,KIM Seongjin,KOR,Korea Republic,430,WS,Dames simple,SEN,135370,2026,22,05/25/2026 00:00:00
70,71,-1,ZONG Geman,CHN,China,410,WS,Dames simple,SEN,200907,2026,22,05/25/2026 00:00:00
71,73,-2,NG Wing Lam,HKG,"Hong Kong, China",397,WS,Dames simple,SEN,132318,2026,22,05/25/2026 00:00:00
72,95,-23,Diya CHITALE,IND,India,391,WS,Dames simple,SEN,131395,2026,22,05/25/2026 00:00:00
73,75,-2,PENG Yu-Han,TPE,Chinese Taipei,380,WS,Dames simple,SEN,145033,2026,22,05/25/2026 00:00:00
74,76,-2,Constantina PSIHOGIOS,AUS,Australia,380,WS,Dames simple,SEN,145134,2026,22,05/25/2026 00:00:00
75,77,-2,FAN Shuhan,CHN,China,379,WS,Dames simple,SEN,136403,2026,22,05/25/2026 00:00:00
76,78,-2,Yuka KANEYOSHI,JPN,Japan,378,WS,Dames simple,SEN,210921,2026,22,05/25/2026 00:00:00
77,79,-2,Misuzu TAKEYA,JPN,Japan,374,WS,Dames simple,SEN,144862,2026,22,05/25/2026 00:00:00
78,105,-27,Ayhika MUKHERJEE,IND,India,370,WS,Dames simple,SEN,119537,2026,22,05/25/2026 00:00:00
79,80,-1,YANG Yiyun,CHN,China,369,WS,Dames simple,SEN,135922,2026,22,05/25/2026 00:00:00
80,81,-1,WANG Xiaotong,CHN,China,369,WS,Dames simple,SEN,136539,2026,22,05/25/2026 00:00:00
81,68,13,Gaia MONFARDINI,ITA,Italy,367,WS,Dames simple,SEN,120294,2026,22,05/25/2026 00:00:00
82,83,-1,Xiaoxin YANG,MON,Monaco,365,WS,Dames simple,SEN,112868,2026,22,05/25/2026 00:00:00
83,60,23,Lea RAKOVAC,CRO,Croatia,364,WS,Dames simple,SEN,113944,2026,22,05/25/2026 00:00:00
84,84,0,SER Lin Qian,SGP,Singapore,362,WS,Dames simple,SEN,132144,2026,22,05/25/2026 00:00:00
85,108,-23,Asuka SASAO,JPN,Japan,360,WS,Dames simple,SEN,134790,2026,22,05/25/2026 00:00:00
86,69,17,PARK Gahyeon,KOR,Korea Republic,350,WS,Dames simple,SEN,201032,2026,22,05/25/2026 00:00:00
87,85,2,Orawan PARANANG,THA,Thailand,349,WS,Dames simple,SEN,120972,2026,22,05/25/2026 00:00:00
88,88,0,Xiaona SHAN,GER,Germany,345,WS,Dames simple,SEN,111849,2026,22,05/25/2026 00:00:00
89,89,0,QIAN Tianyi,CHN,China,340,WS,Dames simple,SEN,119797,2026,22,05/25/2026 00:00:00
90,90,0,XU Yi,CHN,China,337,WS,Dames simple,SEN,137465,2026,22,05/25/2026 00:00:00
91,91,0,Sarah DE NUTTE,LUX,Luxembourg,337,WS,Dames simple,SEN,112280,2026,22,05/25/2026 00:00:00
92,92,0,ZHU Ziyu,CHN,China,334,WS,Dames simple,SEN,202747,2026,22,05/25/2026 00:00:00
93,82,11,Giorgia PICCOLIN,ITA,Italy,332,WS,Dames simple,SEN,115413,2026,22,05/25/2026 00:00:00
94,87,7,Christina KALLBERG,SWE,Sweden,330,WS,Dames simple,SEN,118507,2026,22,05/25/2026 00:00:00
95,100,-5,Tin-Tin HO,ENG,England,328,WS,Dames simple,SEN,115430,2026,22,05/25/2026 00:00:00
96,97,-1,Camille LUTZ,FRA,France,320,WS,Dames simple,SEN,123550,2026,22,05/25/2026 00:00:00
97,94,3,Katarzyna WEGRZYN,POL,Poland,319,WS,Dames simple,SEN,121041,2026,22,05/25/2026 00:00:00
98,96,2,Mariam ALHODABY,EGY,Egypt,310,WS,Dames simple,SEN,120726,2026,22,05/25/2026 00:00:00
99,98,1,Sabina SURJAN,SRB,Serbia,297,WS,Dames simple,SEN,121074,2026,22,05/25/2026 00:00:00
100,99,1,Veronika MATIUNINA,UKR,Ukraine,296,WS,Dames simple,SEN,136755,2026,22,05/25/2026 00:00:00
101,101,0,Kyoka IDESAWA,JPN,Japan,294,WS,Dames simple,SEN,144633,2026,22,05/25/2026 00:00:00
102,103,-1,Filippa BERGAND,SWE,Sweden,280,WS,Dames simple,SEN,120125,2026,22,05/25/2026 00:00:00
103,104,-1,Britt EERLAND,NED,Netherlands,279,WS,Dames simple,SEN,113701,2026,22,05/25/2026 00:00:00
104,119,-15,Sachi AOKI,JPN,Japan,277,WS,Dames simple,SEN,144861,2026,22,05/25/2026 00:00:00
105,86,19,Izabela LUPULESKU,SRB,Serbia,270,WS,Dames simple,SEN,120187,2026,22,05/25/2026 00:00:00
106,109,-3,Daniela ORTEGA,CHI,Chile,265,WS,Dames simple,SEN,117294,2026,22,05/25/2026 00:00:00
107,93,14,Sibel ALTINKAYA,TUR,Türkiye,265,WS,Dames simple,SEN,112944,2026,22,05/25/2026 00:00:00
108,111,-3,Zauresh AKASHEVA,KAZ,Kazakhstan,262,WS,Dames simple,SEN,123228,2026,22,05/25/2026 00:00:00
109,112,-3,RYU Hanna,KOR,Korea Republic,260,WS,Dames simple,SEN,132701,2026,22,05/25/2026 00:00:00
110,110,0,Rachel MORET,SUI,Switzerland,259,WS,Dames simple,SEN,111416,2026,22,05/25/2026 00:00:00
111,114,-3,Kotomi OMODA,JPN,Japan,258,WS,Dames simple,SEN,213286,2026,22,05/25/2026 00:00:00
112,115,-3,Kasumi KIMURA,JPN,Japan,255,WS,Dames simple,SEN,132096,2026,22,05/25/2026 00:00:00
113,118,-5,Barbora VARADY,SVK,Slovak Republic,253,WS,Dames simple,SEN,100868,2026,22,05/25/2026 00:00:00
114,102,12,Jessica REYES LAI,USA,USA,244,WS,Dames simple,SEN,208510,2026,22,05/25/2026 00:00:00
115,120,-5,Elena ZAHARIA,ROU,Romania,244,WS,Dames simple,SEN,134011,2026,22,05/25/2026 00:00:00
116,106,10,Hana ARAPOVIC,CRO,Croatia,243,WS,Dames simple,SEN,132756,2026,22,05/25/2026 00:00:00
117,107,10,Tatiana KUKULKOVA,SVK,Slovak Republic,238,WS,Dames simple,SEN,121714,2026,22,05/25/2026 00:00:00
118,117,1,Yuan WAN,GER,Germany,228,WS,Dames simple,SEN,118777,2026,22,05/25/2026 00:00:00
119,122,-3,Jiamuwa WU,AUS,Australia,226,WS,Dames simple,SEN,131132,2026,22,05/25/2026 00:00:00
120,123,-3,Ivana MALOBABIC,CRO,Croatia,226,WS,Dames simple,SEN,105779,2026,22,05/25/2026 00:00:00
121,124,-3,Tania MORICE,ALG,Algeria,223,WS,Dames simple,SEN,204592,2026,22,05/25/2026 00:00:00
122,126,-4,Sutirtha MUKHERJEE,IND,India,220,WS,Dames simple,SEN,117365,2026,22,05/25/2026 00:00:00
123,113,10,Giulia TAKAHASHI,BRA,Brazil,220,WS,Dames simple,SEN,133478,2026,22,05/25/2026 00:00:00
124,116,8,Laura WATANABE,BRA,Brazil,220,WS,Dames simple,SEN,136420,2026,22,05/25/2026 00:00:00
125,127,-2,Audrey ZARIF,FRA,France,219,WS,Dames simple,SEN,116874,2026,22,05/25/2026 00:00:00
126,142,-16,Syndrela DAS,IND,India,216,WS,Dames simple,SEN,201368,2026,22,05/25/2026 00:00:00
127,129,-2,Sofia-Xuan ZHANG,ESP,Spain,215,WS,Dames simple,SEN,115402,2026,22,05/25/2026 00:00:00
128,125,3,Brianna BURGOS,PUR,Puerto Rico,214,WS,Dames simple,SEN,135306,2026,22,05/25/2026 00:00:00
129,131,-2,HAN Feier,CHN,China,213,WS,Dames simple,SEN,133529,2026,22,05/25/2026 00:00:00
130,128,2,Paulina VEGA,CHI,Chile,211,WS,Dames simple,SEN,109777,2026,22,05/25/2026 00:00:00
131,130,1,TAN Zhao Yun,SGP,Singapore,208,WS,Dames simple,SEN,131966,2026,22,05/25/2026 00:00:00
132,161,-29,Swastika GHOSH,IND,India,208,WS,Dames simple,SEN,133593,2026,22,05/25/2026 00:00:00
133,134,-1,Jie LI,NED,Netherlands,197,WS,Dames simple,SEN,111772,2026,22,05/25/2026 00:00:00
134,135,-1,Marwa ALHODABY,EGY,Egypt,195,WS,Dames simple,SEN,120725,2026,22,05/25/2026 00:00:00
135,136,-1,ZHU Sibing,CHN,China,195,WS,Dames simple,SEN,200908,2026,22,05/25/2026 00:00:00
136,137,-1,Rin MENDE,JPN,Japan,192,WS,Dames simple,SEN,144860,2026,22,05/25/2026 00:00:00
137,132,5,Jocelyn LAM,NZL,New Zealand,191,WS,Dames simple,SEN,200210,2026,22,05/25/2026 00:00:00
138,138,0,Chunli LI,NZL,New Zealand,190,WS,Dames simple,SEN,105310,2026,22,05/25/2026 00:00:00
139,140,-1,LEE Daeun,KOR,Korea Republic,188,WS,Dames simple,SEN,135391,2026,22,05/25/2026 00:00:00
140,151,-11,Nithya MANI,IND,India,185,WS,Dames simple,SEN,134887,2026,22,05/25/2026 00:00:00
141,141,0,LEE Zion,KOR,Korea Republic,178,WS,Dames simple,SEN,119285,2026,22,05/25/2026 00:00:00
142,170,-28,Taneesha KOTECHA,IND,India,176,WS,Dames simple,SEN,145455,2026,22,05/25/2026 00:00:00
143,143,0,HEO Yerim,KOR,Korea Republic,173,WS,Dames simple,SEN,204138,2026,22,05/25/2026 00:00:00
144,145,-1,CHEN Szu-Yu,TPE,Chinese Taipei,171,WS,Dames simple,SEN,114105,2026,22,05/25/2026 00:00:00
145,148,-3,LOY Ming Ying,SGP,Singapore,170,WS,Dames simple,SEN,201453,2026,22,05/25/2026 00:00:00
146,147,-1,Mao TAKAMORI,JPN,Japan,169,WS,Dames simple,SEN,135937,2026,22,05/25/2026 00:00:00
147,149,-2,LIU Weishan,CHN,China,167,WS,Dames simple,SEN,133894,2026,22,05/25/2026 00:00:00
148,150,-2,Nicole ARLIA,ITA,Italy,167,WS,Dames simple,SEN,131581,2026,22,05/25/2026 00:00:00
149,152,-3,ZHU Chengzhu,HKG,"Hong Kong, China",165,WS,Dames simple,SEN,123505,2026,22,05/25/2026 00:00:00
150,155,-5,ZHANG Xiangyu,CHN,China,159,WS,Dames simple,SEN,133901,2026,22,05/25/2026 00:00:00
151,156,-5,Yuna OJIO,JPN,Japan,159,WS,Dames simple,SEN,145267,2026,22,05/25/2026 00:00:00
152,133,19,TSAI Yun-En,TPE,Chinese Taipei,158,WS,Dames simple,SEN,133835,2026,22,05/25/2026 00:00:00
153,157,-4,Vlada VORONINA,RUS,Russia,156,WS,Dames simple,SEN,137574,2026,22,05/25/2026 00:00:00
154,173,-19,Franziska SCHREINER,GER,Germany,156,WS,Dames simple,SEN,131086,2026,22,05/25/2026 00:00:00
155,121,34,KIM Kum Yong,PRK,Korea DPR,153,WS,Dames simple,SEN,136607,2026,22,05/25/2026 00:00:00
156,162,-6,TEE Ai Xin,MAS,Malaysia,151,WS,Dames simple,SEN,134085,2026,22,05/25/2026 00:00:00
157,158,-1,Adina DIACONU,ROU,Romania,151,WS,Dames simple,SEN,117463,2026,22,05/25/2026 00:00:00
158,163,-5,Enisa SADIKOVIC,LUX,Luxembourg,150,WS,Dames simple,SEN,136401,2026,22,05/25/2026 00:00:00
159,164,-5,CHOI Hyojoo,KOR,Korea Republic,149,WS,Dames simple,SEN,131401,2026,22,05/25/2026 00:00:00
160,139,21,Suthasini SAWETTABUT,THA,Thailand,145,WS,Dames simple,SEN,111833,2026,22,05/25/2026 00:00:00
161,179,-18,Debora VIVARELLI,ITA,Italy,145,WS,Dames simple,SEN,110995,2026,22,05/25/2026 00:00:00
162,160,2,CHANG Li Sian,MAS,Malaysia,144,WS,Dames simple,SEN,132724,2026,22,05/25/2026 00:00:00
163,167,-4,Kotona OKADA,JPN,Japan,141,WS,Dames simple,SEN,211037,2026,22,05/25/2026 00:00:00
164,166,-2,Zuzanna WIELGOS,POL,Poland,141,WS,Dames simple,SEN,135039,2026,22,05/25/2026 00:00:00
165,168,-3,CHA Su Yong,PRK,Korea DPR,140,WS,Dames simple,SEN,132257,2026,22,05/25/2026 00:00:00
166,169,-3,Shuohan MEN,NED,Netherlands,140,WS,Dames simple,SEN,131383,2026,22,05/25/2026 00:00:00
167,183,-16,YAO Ruixuan,CHN,China,140,WS,Dames simple,SEN,209007,2026,22,05/25/2026 00:00:00
168,171,-3,Xia Lian NI,LUX,Luxembourg,139,WS,Dames simple,SEN,106706,2026,22,05/25/2026 00:00:00
169,172,-3,Reina ASO,JPN,Japan,138,WS,Dames simple,SEN,136543,2026,22,05/25/2026 00:00:00
170,176,-6,Ece HARAC,TUR,Türkiye,133,WS,Dames simple,SEN,133340,2026,22,05/25/2026 00:00:00
171,190,-19,Fatimo BELLO,NGR,Nigeria,132,WS,Dames simple,SEN,115379,2026,22,05/25/2026 00:00:00
172,205,-33,Lilou MASSART,BEL,Belgium,131,WS,Dames simple,SEN,136258,2026,22,05/25/2026 00:00:00
173,181,-8,Anastasiya DYMYTRENKO,UKR,Ukraine,130,WS,Dames simple,SEN,133945,2026,22,05/25/2026 00:00:00
174,174,0,Sarvinoz MIRKADIROVA,KAZ,Kazakhstan,129,WS,Dames simple,SEN,133113,2026,22,05/25/2026 00:00:00
175,175,0,Ajoke OJOMU,NGR,Nigeria,128,WS,Dames simple,SEN,122660,2026,22,05/25/2026 00:00:00
176,144,32,PYON Song Gyong,PRK,Korea DPR,127,WS,Dames simple,SEN,132886,2026,22,05/25/2026 00:00:00
177,146,31,Zhiying ZENG,CHI,Chile,126,WS,Dames simple,SEN,205401,2026,22,05/25/2026 00:00:00
178,180,-2,LYNE Karen,MAS,Malaysia,123,WS,Dames simple,SEN,132892,2026,22,05/25/2026 00:00:00
179,177,2,LAM Yee Lok,HKG,"Hong Kong, China",119,WS,Dames simple,SEN,116152,2026,22,05/25/2026 00:00:00
180,182,-2,WU Jia-En,TPE,Chinese Taipei,119,WS,Dames simple,SEN,145035,2026,22,05/25/2026 00:00:00
181,185,-4,Maria PANFILOVA,RUS,Russia,117,WS,Dames simple,SEN,133117,2026,22,05/25/2026 00:00:00
182,186,-4,CHOI Haeeun,KOR,Korea Republic,117,WS,Dames simple,SEN,123972,2026,22,05/25/2026 00:00:00
183,153,30,Ioana SINGEORZAN,ROU,Romania,116,WS,Dames simple,SEN,134369,2026,22,05/25/2026 00:00:00
184,187,-3,Fanny DOUTAZ,SUI,Switzerland,115,WS,Dames simple,SEN,137036,2026,22,05/25/2026 00:00:00
185,154,31,Neda SHAHSAVARI,IRI,Iran,115,WS,Dames simple,SEN,108526,2026,22,05/25/2026 00:00:00
186,178,8,Maylis GIRET,NCL,New Caledonia,115,WS,Dames simple,SEN,209548,2026,22,05/25/2026 00:00:00
187,188,-1,YOO Siwoo,KOR,Korea Republic,115,WS,Dames simple,SEN,132715,2026,22,05/25/2026 00:00:00
188,189,-1,Ema LABOSOVA,SVK,Slovak Republic,113,WS,Dames simple,SEN,121890,2026,22,05/25/2026 00:00:00
189,192,-3,Jiangshan GUO ,USA,USA,110,WS,Dames simple,SEN,135698,2026,22,05/25/2026 00:00:00
190,159,31,Hanitra RAHARIMANANA ,MAD,Madagascar,110,WS,Dames simple,SEN,131141,2026,22,05/25/2026 00:00:00
191,184,7,Arantxa COSSIO,MEX,Mexico,110,WS,Dames simple,SEN,134356,2026,22,05/25/2026 00:00:00
192,195,-3,Sunny ZHANG,CAN,Canada,109,WS,Dames simple,SEN,207052,2026,22,05/25/2026 00:00:00
193,193,0,Isa COK,FRA,France,109,WS,Dames simple,SEN,131846,2026,22,05/25/2026 00:00:00
194,194,0,Yui SAKUMA,JPN,Japan,108,WS,Dames simple,SEN,209319,2026,22,05/25/2026 00:00:00
195,317,-122,Cocona MURAMATSU,JPN,Japan,107,WS,Dames simple,SEN,209670,2026,22,05/25/2026 00:00:00
196,196,0,Anusha KUTUMBALE,IND,India,106,WS,Dames simple,SEN,132909,2026,22,05/25/2026 00:00:00
197,199,-2,Farida BADAWY,EGY,Egypt,105,WS,Dames simple,SEN,132028,2026,22,05/25/2026 00:00:00
198,200,-2,Shima SAFAEI,IRI,Iran,104,WS,Dames simple,SEN,131559,2026,22,05/25/2026 00:00:00
199,191,8,Mateja JEGER,CRO,Croatia,104,WS,Dames simple,SEN,112453,2026,22,05/25/2026 00:00:00
200,198,2,Sayali WANI,IND,India,103,WS,Dames simple,SEN,200317,2026,22,05/25/2026 00:00:00
201,201,0,Leana HOCHART,FRA,France,103,WS,Dames simple,SEN,145544,2026,22,05/25/2026 00:00:00
202,202,0,Clio BARCENAS,MEX,Mexico,102,WS,Dames simple,SEN,131618,2026,22,05/25/2026 00:00:00
203,203,0,Bianca MEI-ROSU,ROU,Romania,102,WS,Dames simple,SEN,136153,2026,22,05/25/2026 00:00:00
204,204,0,Karoline MISCHEK,AUT,Austria,101,WS,Dames simple,SEN,118893,2026,22,05/25/2026 00:00:00
205,165,40,Yousra HELMY,EGY,Egypt,101,WS,Dames simple,SEN,113908,2026,22,05/25/2026 00:00:00
206,206,0,ZHAO Shang,CHN,China,100,WS,Dames simple,SEN,221668,2026,22,05/25/2026 00:00:00
207,207,0,Matilde PINTO,POR,Portugal,100,WS,Dames simple,SEN,135660,2026,22,05/25/2026 00:00:00
208,208,0,Alondra RODRIGUEZ,PUR,Puerto Rico,98,WS,Dames simple,SEN,137647,2026,22,05/25/2026 00:00:00
209,227,-18,Ana TOFANT,SLO,Slovenia,96,WS,Dames simple,SEN,122842,2026,22,05/25/2026 00:00:00
210,209,1,Nina SKERBINZ,AUT,Austria,95,WS,Dames simple,SEN,200271,2026,22,05/25/2026 00:00:00
211,210,1,Divyanshi BHOWMICK,IND,India,94,WS,Dames simple,SEN,202723,2026,22,05/25/2026 00:00:00
212,211,1,Valeriia SHCHERBATYKH,RUS,Russia,93,WS,Dames simple,SEN,118685,2026,22,05/25/2026 00:00:00
213,212,1,Jemimah NAKAWALA,UGA,Uganda,93,WS,Dames simple,SEN,202166,2026,22,05/25/2026 00:00:00
214,213,1,WU Ying Syuan,TPE,Chinese Taipei,93,WS,Dames simple,SEN,201874,2026,22,05/25/2026 00:00:00
215,214,1,Abir HAJ SALAH,TUN,Tunisia,92,WS,Dames simple,SEN,120020,2026,22,05/25/2026 00:00:00
216,215,1,Ayumi MORIYAMA,NZL,New Zealand,90,WS,Dames simple,SEN,200225,2026,22,05/25/2026 00:00:00
217,216,1,Yelena YI,NZL,New Zealand,90,WS,Dames simple,SEN,206508,2026,22,05/25/2026 00:00:00
218,217,1,Josephine CHONG,NZL,New Zealand,90,WS,Dames simple,SEN,210240,2026,22,05/25/2026 00:00:00
219,218,1,Clara SAYEGH,PYF,Tahiti,90,WS,Dames simple,SEN,221467,2026,22,05/25/2026 00:00:00
220,219,1,Jade MORICE,ALG,Algeria,90,WS,Dames simple,SEN,204591,2026,22,05/25/2026 00:00:00
221,220,1,Ela SAIDI,TUN,Tunisia,90,WS,Dames simple,SEN,146173,2026,22,05/25/2026 00:00:00
222,221,1,Zhanerke KOSHKUMBAYEVA,KAZ,Kazakhstan,89,WS,Dames simple,SEN,200323,2026,22,05/25/2026 00:00:00
223,240,-17,CHEN Min-Hsin,TPE,Chinese Taipei,87,WS,Dames simple,SEN,203313,2026,22,05/25/2026 00:00:00
224,230,-6,Sukurat AIYELABEGAN,NGR,Nigeria,86,WS,Dames simple,SEN,133723,2026,22,05/25/2026 00:00:00
225,228,-3,Cynthia KWABI,GHA,Ghana,84,WS,Dames simple,SEN,113565,2026,22,05/25/2026 00:00:00
226,224,2,Claire PICARD,FRA,France,82,WS,Dames simple,SEN,123548,2026,22,05/25/2026 00:00:00
227,225,2,Karina SHIRAY,BRA,Brazil,82,WS,Dames simple,SEN,144239,2026,22,05/25/2026 00:00:00
228,226,2,Sara TOKIC,SLO,Slovenia,82,WS,Dames simple,SEN,133426,2026,22,05/25/2026 00:00:00
229,277,-48,Nina GUO ZHENG,FRA,France,82,WS,Dames simple,SEN,146232,2026,22,05/25/2026 00:00:00
230,229,1,Anna WEGRZYN,POL,Poland,80,WS,Dames simple,SEN,121040,2026,22,05/25/2026 00:00:00
231,232,-1,Irene YEOH,USA,USA,79,WS,Dames simple,SEN,200606,2026,22,05/25/2026 00:00:00
232,254,-22,Phatsaraphon WONGLAKHON,THA,Thailand,78,WS,Dames simple,SEN,202345,2026,22,05/25/2026 00:00:00
233,233,0,Nandeshwaree JALIM,MRI,Mauritius,77,WS,Dames simple,SEN,131818,2026,22,05/25/2026 00:00:00
234,235,-1,Elvira RAD,ESP,Spain,77,WS,Dames simple,SEN,136180,2026,22,05/25/2026 00:00:00
235,236,-1,WONG Hoi Tung,HKG,"Hong Kong, China",76,WS,Dames simple,SEN,135190,2026,22,05/25/2026 00:00:00
236,222,14,Ana CODINA,ARG,Argentina,76,WS,Dames simple,SEN,111053,2026,22,05/25/2026 00:00:00
237,237,0,Ammadine LITOBAKA,COD,Congo Democratic,75,WS,Dames simple,SEN,100503,2026,22,05/25/2026 00:00:00
238,223,15,Danisha PATEL,RSA,South Africa,75,WS,Dames simple,SEN,112086,2026,22,05/25/2026 00:00:00
239,238,1,Hend FATHY,EGY,Egypt,75,WS,Dames simple,SEN,132023,2026,22,05/25/2026 00:00:00
240,239,1,LEE Daeun,KOR,Korea Republic,75,WS,Dames simple,SEN,132702,2026,22,05/25/2026 00:00:00
241,241,0,Anne UESAWA,JPN,Japan,74,WS,Dames simple,SEN,136712,2026,22,05/25/2026 00:00:00
242,244,-2,Matilda HANSSON,SWE,Sweden,74,WS,Dames simple,SEN,131454,2026,22,05/25/2026 00:00:00
243,242,1,Ivy LIAO,CAN,Canada,73,WS,Dames simple,SEN,122419,2026,22,05/25/2026 00:00:00
244,243,1,YAN Yutong,CHN,China,73,WS,Dames simple,SEN,202970,2026,22,05/25/2026 00:00:00
245,245,0,Miku MATSUSHIMA,JPN,Japan,72,WS,Dames simple,SEN,205512,2026,22,05/25/2026 00:00:00
246,276,-30,Suhana SAINI,IND,India,72,WS,Dames simple,SEN,131914,2026,22,05/25/2026 00:00:00
247,246,1,Hend ZAZA,SYR,Syria,71,WS,Dames simple,SEN,135310,2026,22,05/25/2026 00:00:00
248,247,1,LAI Chloe,SGP,Singapore,71,WS,Dames simple,SEN,135571,2026,22,05/25/2026 00:00:00
249,248,1,CHEN Chia-I,TPE,Chinese Taipei,70,WS,Dames simple,SEN,137073,2026,22,05/25/2026 00:00:00
250,231,19,Rochica SONDAY,RSA,South Africa,69,WS,Dames simple,SEN,202645,2026,22,05/25/2026 00:00:00
251,250,1,LEE Hoi Man,HKG,"Hong Kong, China",69,WS,Dames simple,SEN,132320,2026,22,05/25/2026 00:00:00
252,251,1,Charlotte CAREY,WAL,Wales,68,WS,Dames simple,SEN,113587,2026,22,05/25/2026 00:00:00
253,252,1,Yashini SIVASANKAR,IND,India,68,WS,Dames simple,SEN,132760,2026,22,05/25/2026 00:00:00
254,257,-3,Favour OJO,NGR,Nigeria,68,WS,Dames simple,SEN,221708,2026,22,05/25/2026 00:00:00
255,253,2,CHOI Seoyeon,KOR,Korea Republic,68,WS,Dames simple,SEN,145805,2026,22,05/25/2026 00:00:00
256,264,-8,Julia LEAL,POR,Portugal,67,WS,Dames simple,SEN,145615,2026,22,05/25/2026 00:00:00
257,256,1,Cristina GOMEZ,VEN,Venezuela,65,WS,Dames simple,SEN,146284,2026,22,05/25/2026 00:00:00
258,259,-1,Eva BRITO,DOM,Dominican Republic,64,WS,Dames simple,SEN,111517,2026,22,05/25/2026 00:00:00
259,258,1,LEE Seungeun,KOR,Korea Republic,63,WS,Dames simple,SEN,137275,2026,22,05/25/2026 00:00:00
260,197,63,HUANG Yu-Chiao,TPE,Chinese Taipei,61,WS,Dames simple,SEN,119749,2026,22,05/25/2026 00:00:00
261,260,1,Casonya BATES,COK,Cook Islands,60,WS,Dames simple,SEN,145182,2026,22,05/25/2026 00:00:00
262,261,1,Kristal MELENDEZ,PUR,Puerto Rico,60,WS,Dames simple,SEN,137183,2026,22,05/25/2026 00:00:00
263,262,1,Sophia KLEE,GER,Germany,60,WS,Dames simple,SEN,132978,2026,22,05/25/2026 00:00:00
264,263,1,Isabel ALBINO,ANG,Angola,58,WS,Dames simple,SEN,120719,2026,22,05/25/2026 00:00:00
265,288,-23,Alexia NODIN,FRA,France,58,WS,Dames simple,SEN,201083,2026,22,05/25/2026 00:00:00
266,265,1,Andrea PAVLOVIC,CRO,Croatia,58,WS,Dames simple,SEN,122988,2026,22,05/25/2026 00:00:00
267,307,-40,Hanka KODET,CZE,Czechia,58,WS,Dames simple,SEN,200095,2026,22,05/25/2026 00:00:00
268,269,-1,Nathaly PAREDES,ECU,Ecuador,57,WS,Dames simple,SEN,118126,2026,22,05/25/2026 00:00:00
269,266,3,Mariia TAILAKOVA,RUS,Russia,57,WS,Dames simple,SEN,121706,2026,22,05/25/2026 00:00:00
270,267,3,Kahealani MOUSSON,PYF,Tahiti,55,WS,Dames simple,SEN,221465,2026,22,05/25/2026 00:00:00
271,268,3,Lorenza KOULAOUINHI,CMR,Cameroon,55,WS,Dames simple,SEN,209916,2026,22,05/25/2026 00:00:00
272,270,2,Estela CRESPO ,CUB,Cuba,55,WS,Dames simple,SEN,136406,2026,22,05/25/2026 00:00:00
273,255,18,Judith NANGONZI,UGA,Uganda,55,WS,Dames simple,SEN,202164,2026,22,05/25/2026 00:00:00
274,272,2,Maria BERZOSA,ESP,Spain,55,WS,Dames simple,SEN,144098,2026,22,05/25/2026 00:00:00
275,273,2,Aneta MAKSUTI,SRB,Serbia,54,WS,Dames simple,SEN,115891,2026,22,05/25/2026 00:00:00
276,274,2,Sofia VEGA,CHI,Chile,54,WS,Dames simple,SEN,136424,2026,22,05/25/2026 00:00:00
277,275,2,Camila ARGUELLES,ARG,Argentina,54,WS,Dames simple,SEN,119109,2026,22,05/25/2026 00:00:00
278,284,-6,Victoria STRASSBURGER,BRA,Brazil,53,WS,Dames simple,SEN,146091,2026,22,05/25/2026 00:00:00
279,278,1,CHEN Chi-Shiuan,TPE,Chinese Taipei,51,WS,Dames simple,SEN,146280,2026,22,05/25/2026 00:00:00
280,279,1,KIM Seoyun,KOR,Korea Republic,51,WS,Dames simple,SEN,135373,2026,22,05/25/2026 00:00:00
281,298,-17,Hansini MATHAN,IND,India,51,WS,Dames simple,SEN,145804,2026,22,05/25/2026 00:00:00
282,280,2,Dora COSIC,CRO,Croatia,51,WS,Dames simple,SEN,134345,2026,22,05/25/2026 00:00:00
283,281,2,Alaa YEHIA,EGY,Egypt,50,WS,Dames simple,SEN,133475,2026,22,05/25/2026 00:00:00
284,562,-278,Clea DE STOPPELEIRE,FRA,France,50,WS,Dames simple,SEN,136361,2026,22,05/25/2026 00:00:00
285,282,3,Ozge YILMAZ,TUR,Türkiye,50,WS,Dames simple,SEN,133026,2026,22,05/25/2026 00:00:00
286,283,3,YANG Huize,CHN,China,49,WS,Dames simple,SEN,206219,2026,22,05/25/2026 00:00:00
287,347,-60,Aziza SEZUO,NGR,Nigeria,49,WS,Dames simple,SEN,206049,2026,22,05/25/2026 00:00:00
288,285,3,KONG Tsz Lam,HKG,"Hong Kong, China",49,WS,Dames simple,SEN,135187,2026,22,05/25/2026 00:00:00
289,286,3,Rebeka NAGY,HUN,Hungary,48,WS,Dames simple,SEN,200875,2026,22,05/25/2026 00:00:00
290,287,3,Anna BRZYSKA,POL,Poland,48,WS,Dames simple,SEN,133758,2026,22,05/25/2026 00:00:00
291,295,-4,Nomin BAASAN,SWE,Sweden,48,WS,Dames simple,SEN,131455,2026,22,05/25/2026 00:00:00
292,300,-8,Satya ASPATHI,USA,USA,48,WS,Dames simple,SEN,212966,2026,22,05/25/2026 00:00:00
293,289,4,Mariam BRAHIMI,TUN,Tunisia,47,WS,Dames simple,SEN,200331,2026,22,05/25/2026 00:00:00
294,290,4,Fadwa GARCI,TUN,Tunisia,47,WS,Dames simple,SEN,117150,2026,22,05/25/2026 00:00:00
295,291,4,Maram ZOGHLAMI,TUN,Tunisia,47,WS,Dames simple,SEN,131741,2026,22,05/25/2026 00:00:00
296,292,4,Danielle KELLY,WAL,Wales,46,WS,Dames simple,SEN,132283,2026,22,05/25/2026 00:00:00
297,293,4,Vanille MAUAHITI,PYF,Tahiti,45,WS,Dames simple,SEN,221464,2026,22,05/25/2026 00:00:00
298,271,27,Jinnipa SAWETTABUT,THA,Thailand,45,WS,Dames simple,SEN,123894,2026,22,05/25/2026 00:00:00
299,294,5,Nora DOHOCZKI,HUN,Hungary,44,WS,Dames simple,SEN,200268,2026,22,05/25/2026 00:00:00
300,442,-142,CHEN Chi-Yun,TPE,Chinese Taipei,44,WS,Dames simple,SEN,203122,2026,22,05/25/2026 00:00:00
301,297,4,Lizaveta TSIMASHKOVA,BLR,Belarus,43,WS,Dames simple,SEN,136947,2026,22,05/25/2026 00:00:00
302,330,-28,Chloe FRASER,TTO,Trinidad and Tobago,43,WS,Dames simple,SEN,145365,2026,22,05/25/2026 00:00:00
303,299,4,Krittwika ROY,IND,India,43,WS,Dames simple,SEN,117035,2026,22,05/25/2026 00:00:00
304,331,-27,Jade HUYNH,FRA,France,43,WS,Dames simple,SEN,146235,2026,22,05/25/2026 00:00:00
305,302,3,Shriya ANAND,IND,India,43,WS,Dames simple,SEN,145739,2026,22,05/25/2026 00:00:00
306,301,5,Valentina RIOS,CHI,Chile,43,WS,Dames simple,SEN,124506,2026,22,05/25/2026 00:00:00
307,303,4,Veronika POLAKOVA,CZE,Czechia,43,WS,Dames simple,SEN,145746,2026,22,05/25/2026 00:00:00
308,304,4,Aikaterini TOLIOU,GRE,Greece,42,WS,Dames simple,SEN,115850,2026,22,05/25/2026 00:00:00
309,305,4,Poymantee BAISYA,IND,India,42,WS,Dames simple,SEN,134888,2026,22,05/25/2026 00:00:00
310,306,4,Arujan KAMALOVA,UZB,Uzbekistan,42,WS,Dames simple,SEN,146298,2026,22,05/25/2026 00:00:00
311,308,3,BYUN Seoyoung,KOR,Korea Republic,41,WS,Dames simple,SEN,133707,2026,22,05/25/2026 00:00:00
312,346,-34,CHENG Hsien-Tzu,TPE,Chinese Taipei,40,WS,Dames simple,SEN,114706,2026,22,05/25/2026 00:00:00
313,309,4,Koharu ITAGAKI,GER,Germany,40,WS,Dames simple,SEN,200456,2026,22,05/25/2026 00:00:00
314,310,4,Tianer YU,ENG,England,40,WS,Dames simple,SEN,203536,2026,22,05/25/2026 00:00:00
315,337,-22,Kabirat AYOOLA,NGR,Nigeria,39,WS,Dames simple,SEN,206050,2026,22,05/25/2026 00:00:00
316,355,-39,JIANG Yiyi,CHN,China,39,WS,Dames simple,SEN,206217,2026,22,05/25/2026 00:00:00
317,318,-1,Eugenia SASTRE,ESP,Spain,39,WS,Dames simple,SEN,136495,2026,22,05/25/2026 00:00:00
318,419,-101,Kadijat OKANLAWON,NGR,Nigeria,38,WS,Dames simple,SEN,221517,2026,22,05/25/2026 00:00:00
319,313,6,Kulapassr VIJITVIRIYAGUL,THA,Thailand,38,WS,Dames simple,SEN,201438,2026,22,05/25/2026 00:00:00
320,311,9,ZHU Qihui,CHN,China,38,WS,Dames simple,SEN,210320,2026,22,05/25/2026 00:00:00
321,312,9,LEE Haelin,KOR,Korea Republic,38,WS,Dames simple,SEN,204010,2026,22,05/25/2026 00:00:00
322,314,8,Karin GROFOVA,CZE,Czechia,37,WS,Dames simple,SEN,113942,2026,22,05/25/2026 00:00:00
323,315,8,Leah TVEIT,SWE,Sweden,37,WS,Dames simple,SEN,133396,2026,22,05/25/2026 00:00:00
324,316,8,Asel ERKEBAEVA,UZB,Uzbekistan,37,WS,Dames simple,SEN,146301,2026,22,05/25/2026 00:00:00
325,319,6,Julie VAN HAUWAERT,BEL,Belgium,36,WS,Dames simple,SEN,133609,2026,22,05/25/2026 00:00:00
326,320,6,Avani TRIPATHI,IND,India,36,WS,Dames simple,SEN,202443,2026,22,05/25/2026 00:00:00
327,343,-16,JEONG Yein,KOR,Korea Republic,36,WS,Dames simple,SEN,204513,2026,22,05/25/2026 00:00:00
328,321,7,Judith MIREMBE,UGA,Uganda,35,WS,Dames simple,SEN,210777,2026,22,05/25/2026 00:00:00
329,322,7,Tanishka KALBHAIRAV,IND,India,35,WS,Dames simple,SEN,203837,2026,22,05/25/2026 00:00:00
330,323,7,KIM Dahee,KOR,Korea Republic,35,WS,Dames simple,SEN,135076,2026,22,05/25/2026 00:00:00
331,324,7,LEE Dahye,KOR,Korea Republic,35,WS,Dames simple,SEN,202245,2026,22,05/25/2026 00:00:00
332,458,-126,Anuoluwapo AJUWON,NGR,Nigeria,34,WS,Dames simple,SEN,137011,2026,22,05/25/2026 00:00:00
333,325,8,DING Yijie,CHN,China,34,WS,Dames simple,SEN,203618,2026,22,05/25/2026 00:00:00
334,296,38,Kheith CRUZ,PHI,Philippines,34,WS,Dames simple,SEN,136491,2026,22,05/25/2026 00:00:00
335,339,-4,Elise PUJOL,FRA,France,34,WS,Dames simple,SEN,137626,2026,22,05/25/2026 00:00:00
336,326,10,Margo DEGRAEF,BEL,Belgium,33,WS,Dames simple,SEN,118774,2026,22,05/25/2026 00:00:00
337,327,10,LEE Seojin,KOR,Korea Republic,33,WS,Dames simple,SEN,209464,2026,22,05/25/2026 00:00:00
338,328,10,Arina SLAUTINA,RUS,Russia,33,WS,Dames simple,SEN,131274,2026,22,05/25/2026 00:00:00
339,332,7,Edmarie LEON,PUR,Puerto Rico,33,WS,Dames simple,SEN,137185,2026,22,05/25/2026 00:00:00
340,333,7,KIM Eunseo,KOR,Korea Republic,33,WS,Dames simple,SEN,203535,2026,22,05/25/2026 00:00:00
341,345,-4,HU Yi,CHN,China,32,WS,Dames simple,SEN,210319,2026,22,05/25/2026 00:00:00
342,334,8,Selena SELVAKUMAR,IND,India,32,WS,Dames simple,SEN,131171,2026,22,05/25/2026 00:00:00
343,335,8,Elina FUCHS,AUT,Austria,32,WS,Dames simple,SEN,200851,2026,22,05/25/2026 00:00:00
344,336,8,Kailane SOUSA,ANG,Angola,32,WS,Dames simple,SEN,123787,2026,22,05/25/2026 00:00:00
345,234,111,Andrea TODOROVIC,SRB,Serbia,32,WS,Dames simple,SEN,109453,2026,22,05/25/2026 00:00:00
346,384,-38,Joanita BORTEYE,GHA,Ghana,32,WS,Dames simple,SEN,207008,2026,22,05/25/2026 00:00:00
347,400,-53,Hannah SILCOCK,JEY,Jersey,32,WS,Dames simple,SEN,200182,2026,22,05/25/2026 00:00:00
348,340,8,Adelina KHASANOVA,UZB,Uzbekistan,31,WS,Dames simple,SEN,203924,2026,22,05/25/2026 00:00:00
349,341,8,Uzzaniah Grace NOTTE,NRU,Nauru,31,WS,Dames simple,SEN,207747,2026,22,05/25/2026 00:00:00
350,357,-7,Aishat RABIU,NGR,Nigeria,31,WS,Dames simple,SEN,209660,2026,22,05/25/2026 00:00:00
351,342,9,Mandy YU,USA,USA,31,WS,Dames simple,SEN,200584,2026,22,05/25/2026 00:00:00
352,344,8,Tijana JOKIC,SRB,Serbia,31,WS,Dames simple,SEN,121708,2026,22,05/25/2026 00:00:00
353,348,5,Yuan LIU,AUT,Austria,30,WS,Dames simple,SEN,111881,2026,22,05/25/2026 00:00:00
354,349,5,Temehau TERE,PYF,Tahiti,30,WS,Dames simple,SEN,211232,2026,22,05/25/2026 00:00:00
355,350,5,Mahshid ASHTARI,IRI,Iran,30,WS,Dames simple,SEN,121959,2026,22,05/25/2026 00:00:00
356,351,5,Kokomi ISHIDA,JPN,Japan,30,WS,Dames simple,SEN,209320,2026,22,05/25/2026 00:00:00
357,352,5,Elina RAHIMI,IRI,Iran,30,WS,Dames simple,SEN,134295,2026,22,05/25/2026 00:00:00
358,353,5,Ziadath AKADIRI,BEN,Benin,30,WS,Dames simple,SEN,131728,2026,22,05/25/2026 00:00:00
359,354,5,CHOI Yeseo,KOR,Korea Republic,30,WS,Dames simple,SEN,137274,2026,22,05/25/2026 00:00:00
360,358,2,Ke WANG,USA,USA,29,WS,Dames simple,SEN,122956,2026,22,05/25/2026 00:00:00
361,359,2,Vivien SCHOLZ,LUX,Luxembourg,29,WS,Dames simple,SEN,131748,2026,22,05/25/2026 00:00:00
362,356,6,Hardee PATEL,IND,India,29,WS,Dames simple,SEN,137856,2026,22,05/25/2026 00:00:00
363,364,-1,Lorena MORSCH,GER,Germany,29,WS,Dames simple,SEN,145796,2026,22,05/25/2026 00:00:00
364,361,3,Michelle WU,SUI,Switzerland,28,WS,Dames simple,SEN,206951,2026,22,05/25/2026 00:00:00
365,362,3,Mana ASADA,JPN,Japan,28,WS,Dames simple,SEN,220434,2026,22,05/25/2026 00:00:00
366,363,3,Judit NAGY,HUN,Hungary,28,WS,Dames simple,SEN,200876,2026,22,05/25/2026 00:00:00
367,365,2,Josephina NEUMANN,GER,Germany,28,WS,Dames simple,SEN,145807,2026,22,05/25/2026 00:00:00
368,366,2,Neha KUMARI,IND,India,27,WS,Dames simple,SEN,213377,2026,22,05/25/2026 00:00:00
369,367,2,Bimandee BANDARA,SRI,Sri Lanka,27,WS,Dames simple,SEN,136529,2026,22,05/25/2026 00:00:00
370,368,2,CHENG Pusyuan,TPE,Chinese Taipei,27,WS,Dames simple,SEN,135091,2026,22,05/25/2026 00:00:00
371,369,2,Monica MUNOZ,MEX,Mexico,27,WS,Dames simple,SEN,134060,2026,22,05/25/2026 00:00:00
372,370,2,Dominika WILTSCHKOVA,SVK,Slovak Republic,27,WS,Dames simple,SEN,134330,2026,22,05/25/2026 00:00:00
373,371,2,Eseniia SHIROKOVA,RUS,Russia,27,WS,Dames simple,SEN,137770,2026,22,05/25/2026 00:00:00
374,372,2,Jana VASENDOVA,CZE,Czechia,27,WS,Dames simple,SEN,134338,2026,22,05/25/2026 00:00:00
375,373,2,Miriam CARNOVALE,ITA,Italy,27,WS,Dames simple,SEN,131586,2026,22,05/25/2026 00:00:00
376,420,-44,Joy EMMANUEL,NGR,Nigeria,26,WS,Dames simple,SEN,222184,2026,22,05/25/2026 00:00:00
377,423,-46,Ajarat ASAJU,NGR,Nigeria,26,WS,Dames simple,SEN,117954,2026,22,05/25/2026 00:00:00
378,374,4,Sakura AOI,JPN,Japan,26,WS,Dames simple,SEN,220446,2026,22,05/25/2026 00:00:00
379,375,4,Amrutha PUSHPAK,IND,India,25,WS,Dames simple,SEN,117367,2026,22,05/25/2026 00:00:00
380,376,4,Sandhana DESSCANN,MRI,Mauritius,25,WS,Dames simple,SEN,131816,2026,22,05/25/2026 00:00:00
381,377,4,Musfiquh KALAM,RSA,South Africa,25,WS,Dames simple,SEN,133647,2026,22,05/25/2026 00:00:00
382,378,4,Shruti AMRUTE,IND,India,25,WS,Dames simple,SEN,123215,2026,22,05/25/2026 00:00:00
383,379,4,BAI Siwen,CHN,China,25,WS,Dames simple,SEN,222594,2026,22,05/25/2026 00:00:00
384,380,4,Thomie MOSSEMBA,CGO,Congo Brazzaville,25,WS,Dames simple,SEN,112900,2026,22,05/25/2026 00:00:00
385,381,4,Balkis SUISSI,TUN,Tunisia,25,WS,Dames simple,SEN,146150,2026,22,05/25/2026 00:00:00
386,382,4,Julie KAYEMBE,COD,Congo Democratic,25,WS,Dames simple,SEN,136506,2026,22,05/25/2026 00:00:00
387,383,4,Eva ADOM-AMANKWAA,GHA,Ghana,25,WS,Dames simple,SEN,137137,2026,22,05/25/2026 00:00:00
388,475,-87,Lucia CORDERO,GUA,Guatemala,25,WS,Dames simple,SEN,118028,2026,22,05/25/2026 00:00:00
389,385,4,Prisha GOEL,IND,India,25,WS,Dames simple,SEN,200319,2026,22,05/25/2026 00:00:00
390,386,4,Alesia SFERLEA,ROU,Romania,25,WS,Dames simple,SEN,136154,2026,22,05/25/2026 00:00:00
391,249,142,Rosalba AGUIAR,CUB,Cuba,25,WS,Dames simple,SEN,124049,2026,22,05/25/2026 00:00:00
392,387,5,Hildy CHEN,USA,USA,25,WS,Dames simple,SEN,209711,2026,22,05/25/2026 00:00:00
393,388,5,CHOI Nahyun,KOR,Korea Republic,25,WS,Dames simple,SEN,136479,2026,22,05/25/2026 00:00:00
394,390,4,Ainhoa CRISTOBAL,ESP,Spain,25,WS,Dames simple,SEN,133035,2026,22,05/25/2026 00:00:00
395,391,4,Alma ROOSE,SWE,Sweden,24,WS,Dames simple,SEN,131461,2026,22,05/25/2026 00:00:00
396,392,4,Natalia GAJEWSKA,POL,Poland,24,WS,Dames simple,SEN,222625,2026,22,05/25/2026 00:00:00
397,393,4,Ananya MURALIDHARAN,IND,India,24,WS,Dames simple,SEN,200318,2026,22,05/25/2026 00:00:00
398,394,4,Klara HRABICOVA,CZE,Czechia,24,WS,Dames simple,SEN,134339,2026,22,05/25/2026 00:00:00
399,395,4,Elisa NGUYEN,GER,Germany,24,WS,Dames simple,SEN,200444,2026,22,05/25/2026 00:00:00
400,396,4,Natalia BOGDANOWICZ,POL,Poland,24,WS,Dames simple,SEN,136597,2026,22,05/25/2026 00:00:00
401,408,-7,Stuti KASHYAP,ANT,Antigua and Barbuda,24,WS,Dames simple,SEN,201972,2026,22,05/25/2026 00:00:00
402,397,5,FENG Yixuan,CHN,China,23,WS,Dames simple,SEN,209805,2026,22,05/25/2026 00:00:00
403,421,-18,Iyanu Oluwa FALANA,NGR,Nigeria,23,WS,Dames simple,SEN,133739,2026,22,05/25/2026 00:00:00
404,422,-18,Onyinyechi MBAH,NGR,Nigeria,23,WS,Dames simple,SEN,122197,2026,22,05/25/2026 00:00:00
405,329,76,Georgina POTA,HUN,Hungary,23,WS,Dames simple,SEN,107525,2026,22,05/25/2026 00:00:00
406,504,-98,Agathe AVEZOU,FRA,France,23,WS,Dames simple,SEN,146231,2026,22,05/25/2026 00:00:00
407,398,9,Beatriz FIORE ,BRA,Brazil,23,WS,Dames simple,SEN,135760,2026,22,05/25/2026 00:00:00
408,694,-286,Gaetane BLED,FRA,France,23,WS,Dames simple,SEN,146024,2026,22,05/25/2026 00:00:00
409,404,5,KIM Minseo,KOR,Korea Republic,23,WS,Dames simple,SEN,205273,2026,22,05/25/2026 00:00:00
410,399,11,Jennifer VARGHESE,IND,India,23,WS,Dames simple,SEN,201311,2026,22,05/25/2026 00:00:00
411,401,10,Naisha REWASKAR,IND,India,22,WS,Dames simple,SEN,202752,2026,22,05/25/2026 00:00:00
412,402,10,Ananya CHANDE,IND,India,22,WS,Dames simple,SEN,135900,2026,22,05/25/2026 00:00:00
413,403,10,Kornelija RILISKYTE,LTU,Lithuania,22,WS,Dames simple,SEN,131249,2026,22,05/25/2026 00:00:00
414,784,-370,Clemence CHEVALLIER,FRA,France,22,WS,Dames simple,SEN,136357,2026,22,05/25/2026 00:00:00
415,338,77,Aia MOHAMED,QAT,Qatar,22,WS,Dames simple,SEN,113197,2026,22,05/25/2026 00:00:00
416,405,11,DENG Zhen,USA,USA,22,WS,Dames simple,SEN,145860,2026,22,05/25/2026 00:00:00
417,407,10,Lara OPEKA,SLO,Slovenia,22,WS,Dames simple,SEN,131587,2026,22,05/25/2026 00:00:00
418,417,1,Mariana SANTA,POR,Portugal,22,WS,Dames simple,SEN,145634,2026,22,05/25/2026 00:00:00
419,424,-5,Maryam AHMED,NGR,Nigeria,21,WS,Dames simple,SEN,211164,2026,22,05/25/2026 00:00:00
420,360,60,Lucia ZAVALETA,CRC,Costa Rica,21,WS,Dames simple,SEN,200029,2026,22,05/25/2026 00:00:00
421,409,12,Camelia IACOB,ROU,Romania,20,WS,Dames simple,SEN,111151,2026,22,05/25/2026 00:00:00
422,410,12,Chelsea EDGHILL,GUY,Guyana,20,WS,Dames simple,SEN,115498,2026,22,05/25/2026 00:00:00
423,411,12,Amina KESSACI,ALG,Algeria,20,WS,Dames simple,SEN,133464,2026,22,05/25/2026 00:00:00
424,412,12,Olga VOROBEVA,RUS,Russia,20,WS,Dames simple,SEN,111871,2026,22,05/25/2026 00:00:00
425,413,12,Shamalsha HALAWATHAGE,SRI,Sri Lanka,20,WS,Dames simple,SEN,206105,2026,22,05/25/2026 00:00:00
426,414,12,Angelina ROMANOVSKAYA,KAZ,Kazakhstan,20,WS,Dames simple,SEN,133124,2026,22,05/25/2026 00:00:00
427,415,12,Jana RIERA,ESP,Spain,20,WS,Dames simple,SEN,134656,2026,22,05/25/2026 00:00:00
428,416,12,Markhabo MAGDIEVA,UZB,Uzbekistan,20,WS,Dames simple,SEN,145016,2026,22,05/25/2026 00:00:00
429,406,23,Mia GRIESEL,GER,Germany,20,WS,Dames simple,SEN,135498,2026,22,05/25/2026 00:00:00
430,418,12,Malamatenia PAPADIMITRIOU,GRE,Greece,20,WS,Dames simple,SEN,132780,2026,22,05/25/2026 00:00:00
431,553,-122,Hope UDOAKA,NGR,Nigeria,19,WS,Dames simple,SEN,205850,2026,22,05/25/2026 00:00:00
432,457,-25,Abosede ODUSANYA,NGR,Nigeria,19,WS,Dames simple,SEN,122195,2026,22,05/25/2026 00:00:00
433,459,-26,Abosede AKINSETE,NGR,Nigeria,19,WS,Dames simple,SEN,137142,2026,22,05/25/2026 00:00:00
434,460,-26,Halima HUSSAIN,NGR,Nigeria,19,WS,Dames simple,SEN,114776,2026,22,05/25/2026 00:00:00
435,425,10,CHIANG Janelle,SGP,Singapore,19,WS,Dames simple,SEN,201454,2026,22,05/25/2026 00:00:00
436,426,10,Pritha VARTIKAR,IND,India,19,WS,Dames simple,SEN,135511,2026,22,05/25/2026 00:00:00
437,427,10,CHEN Xianchang,CHN,China,19,WS,Dames simple,SEN,203062,2026,22,05/25/2026 00:00:00
438,446,-8,Madinath YESSOUFOU,BEN,Benin,19,WS,Dames simple,SEN,207009,2026,22,05/25/2026 00:00:00
439,428,11,Fabiola DIAZ,PUR,Puerto Rico,19,WS,Dames simple,SEN,132083,2026,22,05/25/2026 00:00:00
440,430,10,Dakota FERRER,VEN,Venezuela,19,WS,Dames simple,SEN,201909,2026,22,05/25/2026 00:00:00
441,429,12,MAK Ming Shum,HKG,"Hong Kong, China",19,WS,Dames simple,SEN,201271,2026,22,05/25/2026 00:00:00
442,431,11,Valeriia KOTSIUR,RUS,Russia,18,WS,Dames simple,SEN,114947,2026,22,05/25/2026 00:00:00
443,,,Anais SALPIN,FRA,France,18,WS,Dames simple,SEN,120064,2026,22,05/25/2026 00:00:00
444,,,Pauline CHASSELIN,FRA,France,18,WS,Dames simple,SEN,116921,2026,22,05/25/2026 00:00:00
445,432,13,Marina DONNER,FIN,Finland,18,WS,Dames simple,SEN,200904,2026,22,05/25/2026 00:00:00
446,433,13,LEE Seungmi,KOR,Korea Republic,18,WS,Dames simple,SEN,204509,2026,22,05/25/2026 00:00:00
447,434,13,Maria RONY,IND,India,18,WS,Dames simple,SEN,119069,2026,22,05/25/2026 00:00:00
448,435,13,Manami IMAEDA,JPN,Japan,18,WS,Dames simple,SEN,205095,2026,22,05/25/2026 00:00:00
449,436,13,Tania PLAIAN,ROU,Romania,18,WS,Dames simple,SEN,123519,2026,22,05/25/2026 00:00:00
450,437,13,Garima GOYAL,IND,India,18,WS,Dames simple,SEN,143785,2026,22,05/25/2026 00:00:00
451,438,13,Rokaia ELBAZ,QAT,Qatar,18,WS,Dames simple,SEN,201305,2026,22,05/25/2026 00:00:00
452,439,13,Zlata TEREKHOVA,RUS,Russia,18,WS,Dames simple,SEN,137752,2026,22,05/25/2026 00:00:00
453,440,13,Amani TAZEROUTI,ALG,Algeria,17,WS,Dames simple,SEN,146183,2026,22,05/25/2026 00:00:00
454,441,13,Yoshini JAYAWARDENA,SRI,Sri Lanka,17,WS,Dames simple,SEN,210486,2026,22,05/25/2026 00:00:00
455,456,-1,Chinenye OKAFOR,NGR,Nigeria,17,WS,Dames simple,SEN,220353,2026,22,05/25/2026 00:00:00
456,443,13,XU Huiyao,CHN,China,17,WS,Dames simple,SEN,202971,2026,22,05/25/2026 00:00:00
457,444,13,Setayesh ILOUKHANI,IRI,Iran,17,WS,Dames simple,SEN,200499,2026,22,05/25/2026 00:00:00
458,445,13,Linda ZADEROVA,CZE,Czechia,17,WS,Dames simple,SEN,131572,2026,22,05/25/2026 00:00:00
459,447,12,Siri BENJEGARD,SWE,Sweden,17,WS,Dames simple,SEN,201097,2026,22,05/25/2026 00:00:00
460,448,12,Elisavet TERPOU,GRE,Greece,17,WS,Dames simple,SEN,123198,2026,22,05/25/2026 00:00:00
461,449,12,Franka MISKIC,CRO,Croatia,16,WS,Dames simple,SEN,200265,2026,22,05/25/2026 00:00:00
462,450,12,Nina DAROVCOVA,SVK,Slovak Republic,16,WS,Dames simple,SEN,137583,2026,22,05/25/2026 00:00:00
463,451,12,Natalia GRIGELOVA,SVK,Slovak Republic,16,WS,Dames simple,SEN,120292,2026,22,05/25/2026 00:00:00
464,452,12,Tsvetelina GEORGIEVA,BUL,Bulgaria,16,WS,Dames simple,SEN,137032,2026,22,05/25/2026 00:00:00
465,453,12,Kalina HRISTOVA,BUL,Bulgaria,16,WS,Dames simple,SEN,132203,2026,22,05/25/2026 00:00:00
466,469,-3,Olivia HUANG,CAN,Canada,16,WS,Dames simple,SEN,203103,2026,22,05/25/2026 00:00:00
467,483,-16,Alice NILSSON,SWE,Sweden,16,WS,Dames simple,SEN,136016,2026,22,05/25/2026 00:00:00
468,454,14,Nikoleta PUCHOVANOVA,SVK,Slovak Republic,16,WS,Dames simple,SEN,121715,2026,22,05/25/2026 00:00:00
469,487,-18,Kavya BHATT,IND,India,16,WS,Dames simple,SEN,200839,2026,22,05/25/2026 00:00:00
470,461,9,KUAN Cheok Lam,MAC,"Macao, China",15,WS,Dames simple,SEN,207486,2026,22,05/25/2026 00:00:00
471,462,9,LEONG On Na,MAC,"Macao, China",15,WS,Dames simple,SEN,120230,2026,22,05/25/2026 00:00:00
472,463,9,Hidalynn ZAPATA,GUA,Guatemala,15,WS,Dames simple,SEN,119625,2026,22,05/25/2026 00:00:00
473,464,9,Muteba Peguy DIALUMONA,COD,Congo Democratic,15,WS,Dames simple,SEN,145999,2026,22,05/25/2026 00:00:00
474,465,9,Harilalao RAHARIJAONA,MAD,Madagascar,15,WS,Dames simple,SEN,123839,2026,22,05/25/2026 00:00:00
475,466,9,Jodie GOLLOP,COK,Cook Islands,15,WS,Dames simple,SEN,221122,2026,22,05/25/2026 00:00:00
476,467,9,Tshepiso REBATENNE,BOT,Botswana,15,WS,Dames simple,SEN,123707,2026,22,05/25/2026 00:00:00
477,468,9,Patience ANYANGO,UGA,Uganda,15,WS,Dames simple,SEN,209793,2026,22,05/25/2026 00:00:00
478,470,8,Yordanos DEJENE,ETH,Ethiopia,15,WS,Dames simple,SEN,145183,2026,22,05/25/2026 00:00:00
479,471,8,Daniela LINARES,GUA,Guatemala,15,WS,Dames simple,SEN,200031,2026,22,05/25/2026 00:00:00
480,472,8,XIANG Junlin,CHN,China,15,WS,Dames simple,SEN,202969,2026,22,05/25/2026 00:00:00
481,473,8,Jenny CUX,GUA,Guatemala,15,WS,Dames simple,SEN,134769,2026,22,05/25/2026 00:00:00
482,474,8,Angelica ARELLANO,ECU,Ecuador,15,WS,Dames simple,SEN,134471,2026,22,05/25/2026 00:00:00
483,476,7,Karla PEREZ GONZALEZ,CUB,Cuba,15,WS,Dames simple,SEN,124041,2026,22,05/25/2026 00:00:00
484,477,7,Marbella ACEVES,MEX,Mexico,15,WS,Dames simple,SEN,134776,2026,22,05/25/2026 00:00:00
485,478,7,Enjema MOUSSA,CMR,Cameroon,15,WS,Dames simple,SEN,221846,2026,22,05/25/2026 00:00:00
486,479,7,Ruth TAVARES,ANG,Angola,15,WS,Dames simple,SEN,120718,2026,22,05/25/2026 00:00:00
487,480,7,Lailaa EDWARDS,RSA,South Africa,15,WS,Dames simple,SEN,144777,2026,22,05/25/2026 00:00:00
488,481,7,Fathimath ALI,MDV,Maldives,15,WS,Dames simple,SEN,134974,2026,22,05/25/2026 00:00:00
489,482,7,Aoba TAKAHASHI,JPN,Japan,15,WS,Dames simple,SEN,202542,2026,22,05/25/2026 00:00:00
490,484,6,Hisa URIU,JPN,Japan,15,WS,Dames simple,SEN,209318,2026,22,05/25/2026 00:00:00
491,485,6,WEI Jingming,CHN,China,15,WS,Dames simple,SEN,223247,2026,22,05/25/2026 00:00:00
492,486,6,Camila OBANDO,VEN,Venezuela,15,WS,Dames simple,SEN,124426,2026,22,05/25/2026 00:00:00
493,389,104,Daniela FONSECA,CUB,Cuba,15,WS,Dames simple,SEN,124042,2026,22,05/25/2026 00:00:00
494,488,6,Karolina HOLDA,POL,Poland,15,WS,Dames simple,SEN,137613,2026,22,05/25/2026 00:00:00
495,489,6,NGUYEN Khanh,VIE,Vietnam,14,WS,Dames simple,SEN,137300,2026,22,05/25/2026 00:00:00
496,490,6,HO Ying,MAS,Malaysia,14,WS,Dames simple,SEN,117499,2026,22,05/25/2026 00:00:00
497,491,6,LI Cheuk Tung,NZL,New Zealand,14,WS,Dames simple,SEN,135189,2026,22,05/25/2026 00:00:00
498,492,6,Marziyya NURMATOVA,AZE,Azerbaijan,14,WS,Dames simple,SEN,201406,2026,22,05/25/2026 00:00:00
499,493,6,Betul Nur KAHRAMAN,TUR,Türkiye,14,WS,Dames simple,SEN,123638,2026,22,05/25/2026 00:00:00
500,494,6,Vanda VANISOVA,SVK,Slovak Republic,14,WS,Dames simple,SEN,200829,2026,22,05/25/2026 00:00:00
501,495,6,LI YING Im,MAS,Malaysia,14,WS,Dames simple,SEN,144473,2026,22,05/25/2026 00:00:00
502,497,5,Ema CINCUROVA,SVK,Slovak Republic,14,WS,Dames simple,SEN,134323,2026,22,05/25/2026 00:00:00
503,509,-6,Abigail YU,USA,USA,14,WS,Dames simple,SEN,200564,2026,22,05/25/2026 00:00:00
504,498,6,Tamadi Kavindya ALAGIYAWADU,SRI,Sri Lanka,13,WS,Dames simple,SEN,144803,2026,22,05/25/2026 00:00:00
505,499,6,Ella PASHLEY,ENG,England,13,WS,Dames simple,SEN,202679,2026,22,05/25/2026 00:00:00
506,500,6,Vania YAVARI,IRI,Iran,13,WS,Dames simple,SEN,201232,2026,22,05/25/2026 00:00:00
507,501,6,Nzangani Nephtalie KINDANDI,COD,Congo Democratic,13,WS,Dames simple,SEN,145975,2026,22,05/25/2026 00:00:00
508,502,6,Mariam YOUNES,EGY,Egypt,13,WS,Dames simple,SEN,137516,2026,22,05/25/2026 00:00:00
509,503,6,Merve DEMIR,TUR,Türkiye,13,WS,Dames simple,SEN,131677,2026,22,05/25/2026 00:00:00
510,505,5,ZHAO Wangqi,CHN,China,13,WS,Dames simple,SEN,206218,2026,22,05/25/2026 00:00:00
511,506,5,Francesca SEU,ITA,Italy,13,WS,Dames simple,SEN,143930,2026,22,05/25/2026 00:00:00
512,507,5,Mille STOFFREGEN,DEN,Denmark,13,WS,Dames simple,SEN,145695,2026,22,05/25/2026 00:00:00
513,508,5,Nathacha Dennys MATA APONTE,VEN,Venezuela,13,WS,Dames simple,SEN,200360,2026,22,05/25/2026 00:00:00
514,587,-73,Lyntia AGUEH,BEN,Benin,13,WS,Dames simple,SEN,202247,2026,22,05/25/2026 00:00:00
515,644,-129,YUEN Sum Lok,HKG,"Hong Kong, China",13,WS,Dames simple,SEN,201799,2026,22,05/25/2026 00:00:00
516,643,-127,Aminat FASHOLA,NGR,Nigeria,13,WS,Dames simple,SEN,123149,2026,22,05/25/2026 00:00:00
517,510,7,Roxy GONZALEZ,VEN,Venezuela,13,WS,Dames simple,SEN,112144,2026,22,05/25/2026 00:00:00
518,511,7,Aleksandra BOKOVA,RUS,Russia,13,WS,Dames simple,SEN,133078,2026,22,05/25/2026 00:00:00
519,536,-17,Yumiko KATORI,JPN,Japan,13,WS,Dames simple,SEN,201790,2026,22,05/25/2026 00:00:00
520,512,8,Gungun SAHU,IND,India,12,WS,Dames simple,SEN,210501,2026,22,05/25/2026 00:00:00
521,513,8,Tetyana BILENKO,UKR,Ukraine,12,WS,Dames simple,SEN,108875,2026,22,05/25/2026 00:00:00
522,514,8,Varuni JAISWAL,IND,India,12,WS,Dames simple,SEN,131880,2026,22,05/25/2026 00:00:00
523,515,8,Kaushani NATH,IND,India,12,WS,Dames simple,SEN,133592,2026,22,05/25/2026 00:00:00
524,516,8,Hannah HOLGERSSON,SWE,Sweden,12,WS,Dames simple,SEN,131464,2026,22,05/25/2026 00:00:00
525,517,8,HUANG Ching-Chia,TPE,Chinese Taipei,12,WS,Dames simple,SEN,201445,2026,22,05/25/2026 00:00:00
526,525,1,CHONG Zi Sian,SGP,Singapore,12,WS,Dames simple,SEN,206411,2026,22,05/25/2026 00:00:00
527,518,9,Pacharaphorn CHANVANITBORIKAN,THA,Thailand,12,WS,Dames simple,SEN,144654,2026,22,05/25/2026 00:00:00
528,519,9,Anna KLEMPEREROVA,CZE,Czechia,12,WS,Dames simple,SEN,134140,2026,22,05/25/2026 00:00:00
529,574,-45,Valentina DAVILA,PUR,Puerto Rico,12,WS,Dames simple,SEN,200355,2026,22,05/25/2026 00:00:00
530,520,10,Lisa WANG,GER,Germany,12,WS,Dames simple,SEN,201055,2026,22,05/25/2026 00:00:00
531,521,10,Niantsa RANDRIANARISOA,MAD,Madagascar,11,WS,Dames simple,SEN,134387,2026,22,05/25/2026 00:00:00
532,522,10,SEAK Hui Li,MAC,"Macao, China",11,WS,Dames simple,SEN,207490,2026,22,05/25/2026 00:00:00
533,523,10,Natalie CHAN,CAN,Canada,11,WS,Dames simple,SEN,136594,2026,22,05/25/2026 00:00:00
534,524,10,LEE Eudora,SGP,Singapore,11,WS,Dames simple,SEN,144498,2026,22,05/25/2026 00:00:00
535,526,9,LIU Ziling,CHN,China,11,WS,Dames simple,SEN,212898,2026,22,05/25/2026 00:00:00
536,527,9,Jessica PRATES,BRA,Brazil,11,WS,Dames simple,SEN,122786,2026,22,05/25/2026 00:00:00
537,528,9,Marianne Hillary DJIKE TCHUINKAM,CMR,Cameroon,11,WS,Dames simple,SEN,200363,2026,22,05/25/2026 00:00:00
538,529,9,Joella AVOMO,GAB,Gabon,11,WS,Dames simple,SEN,132964,2026,22,05/25/2026 00:00:00
539,530,9,Jasmin WONG,ENG,England,11,WS,Dames simple,SEN,133422,2026,22,05/25/2026 00:00:00
540,531,9,MOON Chowon,KOR,Korea Republic,11,WS,Dames simple,SEN,205896,2026,22,05/25/2026 00:00:00
541,532,9,Anel BAKHYT,KAZ,Kazakhstan,11,WS,Dames simple,SEN,133074,2026,22,05/25/2026 00:00:00
542,533,9,MAIARA AGNONE,BRA,Brazil,11,WS,Dames simple,SEN,200647,2026,22,05/25/2026 00:00:00
543,567,-24,Elinor DAVIDOV,ISR,Israel,11,WS,Dames simple,SEN,145083,2026,22,05/25/2026 00:00:00
544,534,10,Evana THAPA,NEP,Nepal,11,WS,Dames simple,SEN,200578,2026,22,05/25/2026 00:00:00
545,537,8,Edena PREVOT,MAD,Madagascar,11,WS,Dames simple,SEN,221509,2026,22,05/25/2026 00:00:00
546,535,11,MOHD Dania,MAS,Malaysia,11,WS,Dames simple,SEN,202817,2026,22,05/25/2026 00:00:00
547,589,-42,Esmerlyn CASTRO,DOM,Dominican Republic,11,WS,Dames simple,SEN,122538,2026,22,05/25/2026 00:00:00
548,538,10,Nihal ALQAHTANI,KSA,Saudi Arabia,10,WS,Dames simple,SEN,206727,2026,22,05/25/2026 00:00:00
549,539,10,JI Eunchae,KOR,Korea Republic,10,WS,Dames simple,SEN,119676,2026,22,05/25/2026 00:00:00
550,540,10,Georgia AVRAAM,CYP,Cyprus,10,WS,Dames simple,SEN,134861,2026,22,05/25/2026 00:00:00
551,543,8,Sonam SOMA,BAN,Bangladesh,10,WS,Dames simple,SEN,116567,2026,22,05/25/2026 00:00:00
552,544,8,Maria PICU,ITA,Italy,10,WS,Dames simple,SEN,146134,2026,22,05/25/2026 00:00:00
553,545,8,Sampada BHIWANDKAR,IND,India,10,WS,Dames simple,SEN,202760,2026,22,05/25/2026 00:00:00
554,546,8,Olga VISHNIAKOVA,RUS,Russia,10,WS,Dames simple,SEN,131229,2026,22,05/25/2026 00:00:00
555,547,8,Nina NEMETHOVA,SVK,Slovak Republic,10,WS,Dames simple,SEN,200115,2026,22,05/25/2026 00:00:00
556,548,8,Lizett FAZEKAS,CRO,Croatia,10,WS,Dames simple,SEN,203424,2026,22,05/25/2026 00:00:00
557,549,8,Isabella XU,USA,USA,10,WS,Dames simple,SEN,135689,2026,22,05/25/2026 00:00:00
558,550,8,LIU Hsing-Yin,TPE,Chinese Taipei,10,WS,Dames simple,SEN,113300,2026,22,05/25/2026 00:00:00
559,551,8,Kayla GOODWIN,USA,USA,10,WS,Dames simple,SEN,135715,2026,22,05/25/2026 00:00:00
560,552,8,Agnes SVENSSON,SWE,Sweden,10,WS,Dames simple,SEN,200186,2026,22,05/25/2026 00:00:00
561,554,7,Lian GEBAUER,NAM,Namibia,10,WS,Dames simple,SEN,210515,2026,22,05/25/2026 00:00:00
562,555,7,Bolor-Erdene BATMUNKH,MGL,Mongolia,10,WS,Dames simple,SEN,132126,2026,22,05/25/2026 00:00:00
563,556,7,Saida KUDUSOVA,KGZ,Kyrgyzstan,10,WS,Dames simple,SEN,104931,2026,22,05/25/2026 00:00:00
564,557,7,Farah ABDELAZIZ,EGY,Egypt,10,WS,Dames simple,SEN,100032,2026,22,05/25/2026 00:00:00
565,558,7,Helga DARI,HUN,Hungary,10,WS,Dames simple,SEN,133004,2026,22,05/25/2026 00:00:00
566,559,7,HUANG Cheong Leng,MAC,"Macao, China",10,WS,Dames simple,SEN,210382,2026,22,05/25/2026 00:00:00
567,560,7,Magdalena SIKORSKA,POL,Poland,10,WS,Dames simple,SEN,108657,2026,22,05/25/2026 00:00:00
568,561,7,Agata ZAKRZEWSKA,POL,Poland,10,WS,Dames simple,SEN,122455,2026,22,05/25/2026 00:00:00
569,563,6,Mari BALDWIN,ENG,England,10,WS,Dames simple,SEN,137709,2026,22,05/25/2026 00:00:00
570,565,5,Khoy SAI,BAN,Bangladesh,10,WS,Dames simple,SEN,205776,2026,22,05/25/2026 00:00:00
571,568,3,Maria YOVKOVA,BUL,Bulgaria,10,WS,Dames simple,SEN,117455,2026,22,05/25/2026 00:00:00
572,569,3,Viktoriya MOCHALKINA,KAZ,Kazakhstan,10,WS,Dames simple,SEN,200324,2026,22,05/25/2026 00:00:00
573,570,3,Maja VANJO,SRB,Serbia,10,WS,Dames simple,SEN,200493,2026,22,05/25/2026 00:00:00
574,571,3,Vaishnavi JAISWAL,IND,India,10,WS,Dames simple,SEN,208901,2026,22,05/25/2026 00:00:00
575,572,3,Katarina STRAZAR,SLO,Slovenia,10,WS,Dames simple,SEN,123666,2026,22,05/25/2026 00:00:00
576,573,3,Rheann CHUNG,TTO,Trinidad and Tobago,10,WS,Dames simple,SEN,101836,2026,22,05/25/2026 00:00:00
577,575,2,Marta GULTI,ETH,Ethiopia,9,WS,Dames simple,SEN,106068,2026,22,05/25/2026 00:00:00
578,566,12,LIM Jing Shuen,MAS,Malaysia,9,WS,Dames simple,SEN,136374,2026,22,05/25/2026 00:00:00
579,576,3,Sophie EARLEY,ENG,England,9,WS,Dames simple,SEN,134575,2026,22,05/25/2026 00:00:00
580,577,3,Sienna JETHA,ENG,England,9,WS,Dames simple,SEN,143735,2026,22,05/25/2026 00:00:00
581,578,3,Alia ELBAZ,QAT,Qatar,9,WS,Dames simple,SEN,220393,2026,22,05/25/2026 00:00:00
582,579,3,Khatansaikhan GANZORIG,MGL,Mongolia,9,WS,Dames simple,SEN,223730,2026,22,05/25/2026 00:00:00
583,580,3,Pranati PARAMESH,IND,India,9,WS,Dames simple,SEN,145456,2026,22,05/25/2026 00:00:00
584,581,3,Sammridhi BANIK,IND,India,9,WS,Dames simple,SEN,223889,2026,22,05/25/2026 00:00:00
585,,,LU Yu-En,TPE,Chinese Taipei,9,WS,Dames simple,SEN,205874,2026,22,05/25/2026 00:00:00
586,582,4,Daria KOVALOVA,UKR,Ukraine,9,WS,Dames simple,SEN,145038,2026,22,05/25/2026 00:00:00
587,583,4,Candela MOLERO,ARG,Argentina,9,WS,Dames simple,SEN,116364,2026,22,05/25/2026 00:00:00
588,584,4,Valentina PAROLA,ARG,Argentina,9,WS,Dames simple,SEN,132792,2026,22,05/25/2026 00:00:00
589,585,4,WANG Yuan,CHN,China,9,WS,Dames simple,SEN,206908,2026,22,05/25/2026 00:00:00
590,586,4,Ulyana MIASHCHANSKAYA,BLR,Belarus,9,WS,Dames simple,SEN,136908,2026,22,05/25/2026 00:00:00
591,610,-19,Beatriz PINTO,POR,Portugal,9,WS,Dames simple,SEN,201171,2026,22,05/25/2026 00:00:00
592,588,4,Alexandra CHIRIACOVA,MDA,Moldova,9,WS,Dames simple,SEN,146263,2026,22,05/25/2026 00:00:00
593,590,3,Anjali ROHILLA,IND,India,8,WS,Dames simple,SEN,134867,2026,22,05/25/2026 00:00:00
594,591,3,Anannya BASAK,IND,India,8,WS,Dames simple,SEN,200226,2026,22,05/25/2026 00:00:00
595,592,3,Oishiki JOARDAR,IND,India,8,WS,Dames simple,SEN,134873,2026,22,05/25/2026 00:00:00
596,593,3,NGUYEN Thi Nga,VIE,Vietnam,8,WS,Dames simple,SEN,122849,2026,22,05/25/2026 00:00:00
597,594,3,Nikita PETROVOVA,CZE,Czechia,8,WS,Dames simple,SEN,121884,2026,22,05/25/2026 00:00:00
598,595,3,Shoira KODIROVA,UZB,Uzbekistan,8,WS,Dames simple,SEN,221270,2026,22,05/25/2026 00:00:00
599,596,3,Guzaloy ABDUKAHHOROVA,UZB,Uzbekistan,8,WS,Dames simple,SEN,206058,2026,22,05/25/2026 00:00:00
600,597,3,Aleksandra MICHALAK,POL,Poland,8,WS,Dames simple,SEN,135022,2026,22,05/25/2026 00:00:00
601,598,3,Palak GHIA,IND,India,8,WS,Dames simple,SEN,223892,2026,22,05/25/2026 00:00:00
602,599,3,Devi DONGARI,IND,India,8,WS,Dames simple,SEN,223695,2026,22,05/25/2026 00:00:00
603,600,3,Lakshita NARANG,IND,India,8,WS,Dames simple,SEN,134121,2026,22,05/25/2026 00:00:00
604,601,3,Moumita PAL,IND,India,8,WS,Dames simple,SEN,223952,2026,22,05/25/2026 00:00:00
605,602,3,Eve NDAH,CIV,Cote d'Ivoire,8,WS,Dames simple,SEN,222020,2026,22,05/25/2026 00:00:00
606,603,3,Oro SAHIRI,CIV,Cote d'Ivoire,8,WS,Dames simple,SEN,222036,2026,22,05/25/2026 00:00:00
607,604,3,Anastasiia IVANOVA,RUS,Russia,8,WS,Dames simple,SEN,136046,2026,22,05/25/2026 00:00:00
608,605,3,Katsiaryna BARAVOK,BLR,Belarus,8,WS,Dames simple,SEN,111144,2026,22,05/25/2026 00:00:00
609,606,3,Andreea JIFCU ,ROU,Romania,8,WS,Dames simple,SEN,143759,2026,22,05/25/2026 00:00:00
610,607,3,LIAO Xiaoqing,CHN,China,8,WS,Dames simple,SEN,204848,2026,22,05/25/2026 00:00:00
611,608,3,Habiba ELBASOUMY,EGY,Egypt,8,WS,Dames simple,SEN,145508,2026,22,05/25/2026 00:00:00
612,699,-87,Sadiat Alimat AKEEM,NGR,Nigeria,8,WS,Dames simple,SEN,137501,2026,22,05/25/2026 00:00:00
613,609,4,Natalie DONG,USA,USA,8,WS,Dames simple,SEN,212377,2026,22,05/25/2026 00:00:00
614,611,3,Yasiris ORTIZ,DOM,Dominican Republic,8,WS,Dames simple,SEN,122482,2026,22,05/25/2026 00:00:00
615,625,-10,LIN Huan Ting,TPE,Chinese Taipei,8,WS,Dames simple,SEN,209403,2026,22,05/25/2026 00:00:00
616,612,4,Irina GIMENO,ESP,Spain,8,WS,Dames simple,SEN,143764,2026,22,05/25/2026 00:00:00
617,613,4,Tashiya PIYADASA,USA,USA,7,WS,Dames simple,SEN,200566,2026,22,05/25/2026 00:00:00
618,614,4,Yara ELBADAWY,EGY,Egypt,7,WS,Dames simple,SEN,201308,2026,22,05/25/2026 00:00:00
619,615,4,Karen SHIMAMURA,JPN,Japan,7,WS,Dames simple,SEN,135938,2026,22,05/25/2026 00:00:00
620,616,4,Yekta LARKIAN,IRI,Iran,7,WS,Dames simple,SEN,201292,2026,22,05/25/2026 00:00:00
621,617,4,WANG Xinya,CHN,China,7,WS,Dames simple,SEN,225384,2026,22,05/25/2026 00:00:00
622,618,4,LIN Wan-Rong,TPE,Chinese Taipei,7,WS,Dames simple,SEN,205794,2026,22,05/25/2026 00:00:00
623,,,Elizabeth EMELIKE,NGR,Nigeria,7,WS,Dames simple,SEN,221577,2026,22,05/25/2026 00:00:00
624,,,Khadijah MUSA,NGR,Nigeria,7,WS,Dames simple,SEN,221423,2026,22,05/25/2026 00:00:00
625,619,6,Baljinnyam UVGUNBURGED,MGL,Mongolia,7,WS,Dames simple,SEN,144596,2026,22,05/25/2026 00:00:00
626,620,6,Alissa TSVIGUN,KAZ,Kazakhstan,7,WS,Dames simple,SEN,200321,2026,22,05/25/2026 00:00:00
627,621,6,Catalina RAMIREZ,CHI,Chile,7,WS,Dames simple,SEN,202070,2026,22,05/25/2026 00:00:00
628,622,6,Sofia KANO,BRA,Brazil,7,WS,Dames simple,SEN,200393,2026,22,05/25/2026 00:00:00
629,623,6,Maftuna GULIMOVA,UZB,Uzbekistan,7,WS,Dames simple,SEN,221183,2026,22,05/25/2026 00:00:00
630,624,6,Bernice BORQUAYE,GHA,Ghana,7,WS,Dames simple,SEN,113568,2026,22,05/25/2026 00:00:00
631,626,5,Albina ZHAXYLYKOVA,KAZ,Kazakhstan,7,WS,Dames simple,SEN,200347,2026,22,05/25/2026 00:00:00
632,627,5,Manon LOTH,ITA,Italy,7,WS,Dames simple,SEN,212263,2026,22,05/25/2026 00:00:00
633,628,5,Viktoria PERSOVA,BUL,Bulgaria,7,WS,Dames simple,SEN,200294,2026,22,05/25/2026 00:00:00
634,689,-55,Ines MATOS,POR,Portugal,7,WS,Dames simple,SEN,133659,2026,22,05/25/2026 00:00:00
635,727,-92,Jeanne ROBBES,FRA,France,7,WS,Dames simple,SEN,137624,2026,22,05/25/2026 00:00:00
636,629,7,Zuzanna PAWELEC,POL,Poland,7,WS,Dames simple,SEN,144873,2026,22,05/25/2026 00:00:00
637,630,7,Mariangel DIAZ,VEN,Venezuela,6,WS,Dames simple,SEN,145408,2026,22,05/25/2026 00:00:00
638,631,7,Bianca RAI,NEP,Nepal,6,WS,Dames simple,SEN,202991,2026,22,05/25/2026 00:00:00
639,632,7,Malika SANDYBAYEVA,KAZ,Kazakhstan,6,WS,Dames simple,SEN,200320,2026,22,05/25/2026 00:00:00
640,633,7,CHOE Jong Im,PRK,Korea DPR,6,WS,Dames simple,SEN,145067,2026,22,05/25/2026 00:00:00
641,634,7,Natzumi AQUIJE,PER,Peru,6,WS,Dames simple,SEN,146068,2026,22,05/25/2026 00:00:00
642,635,7,Nabita SHRESTHA,NEP,Nepal,6,WS,Dames simple,SEN,111260,2026,22,05/25/2026 00:00:00
643,636,7,Solesha YOUNG,JAM,Jamaica,6,WS,Dames simple,SEN,135158,2026,22,05/25/2026 00:00:00
644,637,7,Zanele MOFECHANE,LES,Lesotho,6,WS,Dames simple,SEN,210813,2026,22,05/25/2026 00:00:00
645,638,7,Barbara BETANCOURT,VEN,Venezuela,6,WS,Dames simple,SEN,209139,2026,22,05/25/2026 00:00:00
646,639,7,Dragana VIGNJEVIC,SRB,Serbia,6,WS,Dames simple,SEN,120185,2026,22,05/25/2026 00:00:00
647,640,7,Eloise DUVIVIER,BEL,Belgium,6,WS,Dames simple,SEN,133600,2026,22,05/25/2026 00:00:00
648,641,7,Sidelya MUTLU,BUL,Bulgaria,6,WS,Dames simple,SEN,137031,2026,22,05/25/2026 00:00:00
649,642,7,Emma MOLNAROVA,SVK,Slovak Republic,6,WS,Dames simple,SEN,200067,2026,22,05/25/2026 00:00:00
650,713,-63,LEE Eunyu,KOR,Korea Republic,6,WS,Dames simple,SEN,205271,2026,22,05/25/2026 00:00:00
651,455,196,Malissa NASRI,ALG,Algeria,6,WS,Dames simple,SEN,120750,2026,22,05/25/2026 00:00:00
652,645,7,Julia HATAKEYAMA,BRA,Brazil,5,WS,Dames simple,SEN,204989,2026,22,05/25/2026 00:00:00
653,646,7,Tina ANDRIANTAHINA,MAD,Madagascar,5,WS,Dames simple,SEN,209675,2026,22,05/25/2026 00:00:00
654,647,7,Vanshika MUDGAL,IND,India,5,WS,Dames simple,SEN,203782,2026,22,05/25/2026 00:00:00
655,648,7,Feven KINFU,ETH,Ethiopia,5,WS,Dames simple,SEN,134991,2026,22,05/25/2026 00:00:00
656,649,7,Isabel DUFFOO,PER,Peru,5,WS,Dames simple,SEN,122604,2026,22,05/25/2026 00:00:00
657,650,7,Anastasija VUJOVIC,MNE,Montenegro,5,WS,Dames simple,SEN,203153,2026,22,05/25/2026 00:00:00
658,651,7,Chiara MORRI,SMR,San Marino,5,WS,Dames simple,SEN,123657,2026,22,05/25/2026 00:00:00
659,652,7,Renata STRBIKOVA,CZE,Czechia,5,WS,Dames simple,SEN,109010,2026,22,05/25/2026 00:00:00
660,653,7,Chimei YAN,SMR,San Marino,5,WS,Dames simple,SEN,110294,2026,22,05/25/2026 00:00:00
661,654,7,Gianna LEWIS,JAM,Jamaica,5,WS,Dames simple,SEN,145382,2026,22,05/25/2026 00:00:00
662,655,7,Krystle HARVEY,BAR,Barbados,5,WS,Dames simple,SEN,103461,2026,22,05/25/2026 00:00:00
663,656,7,Kabedi Terfile ILUNGA,COD,Congo Democratic,5,WS,Dames simple,SEN,145741,2026,22,05/25/2026 00:00:00
664,657,7,Audrey DIAMA,CIV,Cote d'Ivoire,5,WS,Dames simple,SEN,222019,2026,22,05/25/2026 00:00:00
665,658,7,Fatou BANGOURA,GUI,Guinea,5,WS,Dames simple,SEN,145239,2026,22,05/25/2026 00:00:00
666,659,7,Berenice HONVO,BEN,Benin,5,WS,Dames simple,SEN,222284,2026,22,05/25/2026 00:00:00
667,660,7,Salome MATLHATSI,BOT,Botswana,5,WS,Dames simple,SEN,221953,2026,22,05/25/2026 00:00:00
668,661,7,Mahayla SARDA,BRA,Brazil,5,WS,Dames simple,SEN,200756,2026,22,05/25/2026 00:00:00
669,662,7,Isabel AMORIM,BRA,Brazil,5,WS,Dames simple,SEN,208301,2026,22,05/25/2026 00:00:00
670,663,7,Maria MENDES,BRA,Brazil,5,WS,Dames simple,SEN,221535,2026,22,05/25/2026 00:00:00
671,664,7,Melisa SADIKOVIC,LUX,Luxembourg,5,WS,Dames simple,SEN,136400,2026,22,05/25/2026 00:00:00
672,665,7,Michelle CHEN,CAM,Cambodia,5,WS,Dames simple,SEN,207793,2026,22,05/25/2026 00:00:00
673,666,7,Gidey ABRHA,ETH,Ethiopia,5,WS,Dames simple,SEN,136761,2026,22,05/25/2026 00:00:00
674,,,CHEN Chih Yen,TPE,Chinese Taipei,5,WS,Dames simple,SEN,203509,2026,22,05/25/2026 00:00:00
675,667,8,Ranto RAKOTONDRAZAKA,MAD,Madagascar,5,WS,Dames simple,SEN,207174,2026,22,05/25/2026 00:00:00
676,668,8,Saredo KAYAD,DJI,Djibouti,5,WS,Dames simple,SEN,200238,2026,22,05/25/2026 00:00:00
677,669,8,Ruth MIHINDOU,GAB,Gabon,5,WS,Dames simple,SEN,124067,2026,22,05/25/2026 00:00:00
678,670,8,Mahenika ANDRIAMANANTENA,MAD,Madagascar,5,WS,Dames simple,SEN,209119,2026,22,05/25/2026 00:00:00
679,671,8,Fana FTWI,ETH,Ethiopia,5,WS,Dames simple,SEN,124066,2026,22,05/25/2026 00:00:00
680,672,8,Kenady KING,BAR,Barbados,5,WS,Dames simple,SEN,123820,2026,22,05/25/2026 00:00:00
681,673,8,Ruth ELENGHAT,CGO,Congo Brazzaville,5,WS,Dames simple,SEN,209128,2026,22,05/25/2026 00:00:00
682,674,8,Cadence FARMER,NAM,Namibia,5,WS,Dames simple,SEN,210849,2026,22,05/25/2026 00:00:00
683,675,8,Constance KUSWANI,BOT,Botswana,5,WS,Dames simple,SEN,202357,2026,22,05/25/2026 00:00:00
684,676,8,Eugenia SIMOES,ANG,Angola,5,WS,Dames simple,SEN,146169,2026,22,05/25/2026 00:00:00
685,677,8,Bonny CHEN,USA,USA,5,WS,Dames simple,SEN,223927,2026,22,05/25/2026 00:00:00
686,678,8,Tiffany KE,USA,USA,5,WS,Dames simple,SEN,124363,2026,22,05/25/2026 00:00:00
687,679,8,Veronika VASYLENKO,UKR,Ukraine,5,WS,Dames simple,SEN,200204,2026,22,05/25/2026 00:00:00
688,680,8,Martine TOFTAKER,NOR,Norway,5,WS,Dames simple,SEN,134318,2026,22,05/25/2026 00:00:00
689,681,8,Lea PAULIN,SLO,Slovenia,5,WS,Dames simple,SEN,123667,2026,22,05/25/2026 00:00:00
690,682,8,Tjasa NOVAK,SLO,Slovenia,5,WS,Dames simple,SEN,134176,2026,22,05/25/2026 00:00:00
691,683,8,Sofia MINURRI,ITA,Italy,5,WS,Dames simple,SEN,143949,2026,22,05/25/2026 00:00:00
692,684,8,Jordan THONG,TTO,Trinidad and Tobago,5,WS,Dames simple,SEN,200718,2026,22,05/25/2026 00:00:00
693,685,8,Anthonette RILEY,BAR,Barbados,5,WS,Dames simple,SEN,115501,2026,22,05/25/2026 00:00:00
694,686,8,Jiayi NIE ,CAN,Canada,5,WS,Dames simple,SEN,134528,2026,22,05/25/2026 00:00:00
695,687,8,Houda TAGUERCIFI,ALG,Algeria,5,WS,Dames simple,SEN,131790,2026,22,05/25/2026 00:00:00
696,688,8,Lessia LEWYCKYJ,BEL,Belgium,5,WS,Dames simple,SEN,201049,2026,22,05/25/2026 00:00:00
697,690,7,Subhankrita DATTA,IND,India,5,WS,Dames simple,SEN,202894,2026,22,05/25/2026 00:00:00
698,691,7,Nguyen LE,AUS,Australia,5,WS,Dames simple,SEN,201384,2026,22,05/25/2026 00:00:00
699,692,7,Camila MOSCOSO,ESP,Spain,5,WS,Dames simple,SEN,200163,2026,22,05/25/2026 00:00:00
700,693,7,Arianna ESTRELLA,DOM,Dominican Republic,5,WS,Dames simple,SEN,200417,2026,22,05/25/2026 00:00:00
701,695,6,Nour BRAHIMI,TUN,Tunisia,4,WS,Dames simple,SEN,200332,2026,22,05/25/2026 00:00:00
702,696,6,Darya GAMOVA,KAZ,Kazakhstan,4,WS,Dames simple,SEN,205871,2026,22,05/25/2026 00:00:00
703,697,6,Sara STOJANOVSKA,MKD,North Macedonia,4,WS,Dames simple,SEN,145463,2026,22,05/25/2026 00:00:00
704,698,6,Mariam ARUNA,NGR,Nigeria,4,WS,Dames simple,SEN,208118,2026,22,05/25/2026 00:00:00
705,700,5,Ivy PAN,CAN,Canada,4,WS,Dames simple,SEN,201017,2026,22,05/25/2026 00:00:00
706,701,5,Sara ONO,JPN,Japan,4,WS,Dames simple,SEN,209517,2026,22,05/25/2026 00:00:00
707,702,5,Sofiia KUDERSKAIA,RUS,Russia,4,WS,Dames simple,SEN,222443,2026,22,05/25/2026 00:00:00
708,703,5,Kristina KURILKINA,RUS,Russia,4,WS,Dames simple,SEN,137764,2026,22,05/25/2026 00:00:00
709,704,5,YUN Jihyeon,KOR,Korea Republic,4,WS,Dames simple,SEN,222782,2026,22,05/25/2026 00:00:00
710,705,5,Tetiana PUKALO,UKR,Ukraine,4,WS,Dames simple,SEN,145666,2026,22,05/25/2026 00:00:00
711,706,5,Karin OMAR,IRQ,Iraq,4,WS,Dames simple,SEN,209882,2026,22,05/25/2026 00:00:00
712,707,5,Barin JAMAL,IRQ,Iraq,4,WS,Dames simple,SEN,201227,2026,22,05/25/2026 00:00:00
713,,,Emmanuella SHAIBU,NGR,Nigeria,4,WS,Dames simple,SEN,221592,2026,22,05/25/2026 00:00:00
714,708,6,Wirakarn TAYAPITAK,THA,Thailand,4,WS,Dames simple,SEN,134834,2026,22,05/25/2026 00:00:00
715,709,6,Aishath NAZIM,MDV,Maldives,4,WS,Dames simple,SEN,132829,2026,22,05/25/2026 00:00:00
716,710,6,Thanuja NAGARAJAN,IND,India,4,WS,Dames simple,SEN,213185,2026,22,05/25/2026 00:00:00
717,711,6,Racha LOGHRAIBI,QAT,Qatar,4,WS,Dames simple,SEN,206304,2026,22,05/25/2026 00:00:00
718,712,6,Martina RIOS,CHI,Chile,4,WS,Dames simple,SEN,143908,2026,22,05/25/2026 00:00:00
719,714,5,Gabriela CAMPO,COL,Colombia,4,WS,Dames simple,SEN,203108,2026,22,05/25/2026 00:00:00
720,715,5,DING Yiyang,CHN,China,4,WS,Dames simple,SEN,207117,2026,22,05/25/2026 00:00:00
721,716,5,Busra DEMIR,TUR,Türkiye,4,WS,Dames simple,SEN,200087,2026,22,05/25/2026 00:00:00
722,717,5,Ela YONTER,TUR,Türkiye,4,WS,Dames simple,SEN,204111,2026,22,05/25/2026 00:00:00
723,718,5,Eireen KALAITZIDOU,GER,Germany,4,WS,Dames simple,SEN,145540,2026,22,05/25/2026 00:00:00
724,719,5,Sanaya BUDDHADASA,AUS,Australia,4,WS,Dames simple,SEN,134972,2026,22,05/25/2026 00:00:00
725,720,5,Zurisadai ESPINOZA,VEN,Venezuela,4,WS,Dames simple,SEN,200735,2026,22,05/25/2026 00:00:00
726,721,5,Lichen CHEN,USA,USA,4,WS,Dames simple,SEN,201896,2026,22,05/25/2026 00:00:00
727,722,5,DING Zige,USA,USA,4,WS,Dames simple,SEN,135053,2026,22,05/25/2026 00:00:00
728,723,5,TANG Yao,USA,USA,4,WS,Dames simple,SEN,207888,2026,22,05/25/2026 00:00:00
729,724,5,Darya FU,KAZ,Kazakhstan,4,WS,Dames simple,SEN,203527,2026,22,05/25/2026 00:00:00
730,725,5,Macarena REYES,CHI,Chile,4,WS,Dames simple,SEN,144751,2026,22,05/25/2026 00:00:00
731,726,5,Chloe CHENG,AUS,Australia,4,WS,Dames simple,SEN,203179,2026,22,05/25/2026 00:00:00
732,728,4,Helena SOMMEROVA,CZE,Czechia,4,WS,Dames simple,SEN,134568,2026,22,05/25/2026 00:00:00
733,798,-65,Deborah FALEYE,NGR,Nigeria,4,WS,Dames simple,SEN,221906,2026,22,05/25/2026 00:00:00
734,799,-65,Fatimoh AHMED,NGR,Nigeria,4,WS,Dames simple,SEN,211165,2026,22,05/25/2026 00:00:00
735,801,-66,Agnes COLEMAN,GHA,Ghana,4,WS,Dames simple,SEN,205816,2026,22,05/25/2026 00:00:00
736,496,240,Maryam ALI,QAT,Qatar,4,WS,Dames simple,SEN,133314,2026,22,05/25/2026 00:00:00
737,729,8,Angela RODRIGUEZ,ESP,Spain,4,WS,Dames simple,SEN,136527,2026,22,05/25/2026 00:00:00
738,730,8,Keimy ANCHUNDIA,ECU,Ecuador,4,WS,Dames simple,SEN,146041,2026,22,05/25/2026 00:00:00
739,731,8,Nursaya NURMAN,KAZ,Kazakhstan,4,WS,Dames simple,SEN,203048,2026,22,05/25/2026 00:00:00
740,732,8,Nazym SERIKBAY,KAZ,Kazakhstan,4,WS,Dames simple,SEN,200342,2026,22,05/25/2026 00:00:00
741,733,8,Yasmina EL HABECH,LBN,Lebanon,4,WS,Dames simple,SEN,137486,2026,22,05/25/2026 00:00:00
742,734,8,Patricia STOICA,ROU,Romania,4,WS,Dames simple,SEN,201349,2026,22,05/25/2026 00:00:00
743,735,8,Adriana ILLASOVA,SVK,Slovak Republic,4,WS,Dames simple,SEN,132987,2026,22,05/25/2026 00:00:00
744,736,8,Katarzyna RAJKOWSKA,POL,Poland,4,WS,Dames simple,SEN,201833,2026,22,05/25/2026 00:00:00
745,737,8,ZHANG Jia Yu,HKG,"Hong Kong, China",4,WS,Dames simple,SEN,201265,2026,22,05/25/2026 00:00:00
746,769,-23,Kehinde OYENIYI,NGR,Nigeria,4,WS,Dames simple,SEN,133740,2026,22,05/25/2026 00:00:00
747,738,9,YU ZHENG Cheah,MAS,Malaysia,4,WS,Dames simple,SEN,206421,2026,22,05/25/2026 00:00:00
748,739,9,Ana GOMEZ,COL,Colombia,3,WS,Dames simple,SEN,202119,2026,22,05/25/2026 00:00:00
749,740,9,Anna Lillian GREEN,ENG,England,3,WS,Dames simple,SEN,145606,2026,22,05/25/2026 00:00:00
750,741,9,Jiyah LAKSHMAN,IND,India,3,WS,Dames simple,SEN,213217,2026,22,05/25/2026 00:00:00
751,742,9,Aybuke SIMSEK,TUR,Türkiye,3,WS,Dames simple,SEN,200137,2026,22,05/25/2026 00:00:00
752,743,9,Maneesha Shalindi GUSTHIGHGHA WADU,SRI,Sri Lanka,3,WS,Dames simple,SEN,145608,2026,22,05/25/2026 00:00:00
753,744,9,Oishe ROHMAN,BAN,Bangladesh,3,WS,Dames simple,SEN,205772,2026,22,05/25/2026 00:00:00
754,745,9,WANG Jin,NZL,New Zealand,3,WS,Dames simple,SEN,204799,2026,22,05/25/2026 00:00:00
755,746,9,Dariah FENG,USA,USA,3,WS,Dames simple,SEN,207276,2026,22,05/25/2026 00:00:00
756,747,9,Disha BHATTACHARYYA,USA,USA,3,WS,Dames simple,SEN,220355,2026,22,05/25/2026 00:00:00
757,748,9,Aafrien MURAD,IND,India,3,WS,Dames simple,SEN,223731,2026,22,05/25/2026 00:00:00
758,749,9,Nikita SARKAR,IND,India,3,WS,Dames simple,SEN,132910,2026,22,05/25/2026 00:00:00
759,750,9,Tamanna SAINI,IND,India,3,WS,Dames simple,SEN,210603,2026,22,05/25/2026 00:00:00
760,751,9,Kiara TAFUR,PER,Peru,3,WS,Dames simple,SEN,201776,2026,22,05/25/2026 00:00:00
761,752,9,Camila CRUZ ROSARIO,PUR,Puerto Rico,3,WS,Dames simple,SEN,200535,2026,22,05/25/2026 00:00:00
762,753,9,Angel HE,USA,USA,3,WS,Dames simple,SEN,206160,2026,22,05/25/2026 00:00:00
763,754,9,Naymaris HERNANDEZ MARTINEZ,PUR,Puerto Rico,3,WS,Dames simple,SEN,200663,2026,22,05/25/2026 00:00:00
764,755,9,Emma JIAO,USA,USA,3,WS,Dames simple,SEN,220361,2026,22,05/25/2026 00:00:00
765,756,9,Andreea BAIASU,ROU,Romania,3,WS,Dames simple,SEN,146072,2026,22,05/25/2026 00:00:00
766,757,9,CHEN Xinrou,HKG,"Hong Kong, China",3,WS,Dames simple,SEN,222004,2026,22,05/25/2026 00:00:00
767,758,9,LAW Sum Yee,HKG,"Hong Kong, China",3,WS,Dames simple,SEN,144827,2026,22,05/25/2026 00:00:00
768,,,Emiko TAGUCHI,JPN,Japan,3,WS,Dames simple,SEN,136641,2026,22,05/25/2026 00:00:00
769,759,10,Tanja HELLE,NED,Netherlands,3,WS,Dames simple,SEN,131765,2026,22,05/25/2026 00:00:00
770,760,10,Raiana MURATALIEVA,KGZ,Kyrgyzstan,3,WS,Dames simple,SEN,211820,2026,22,05/25/2026 00:00:00
771,761,10,Lesanya KULAPPUWAWADU,SRI,Sri Lanka,3,WS,Dames simple,SEN,203058,2026,22,05/25/2026 00:00:00
772,762,10,Egshiglen BAT-ERDENE,MGL,Mongolia,3,WS,Dames simple,SEN,144600,2026,22,05/25/2026 00:00:00
773,763,10,Andrea MOSCOSO,GUA,Guatemala,3,WS,Dames simple,SEN,200033,2026,22,05/25/2026 00:00:00
774,764,10,Samirah MUNOZ,ESA,El Salvador,3,WS,Dames simple,SEN,135244,2026,22,05/25/2026 00:00:00
775,765,10,Lena GOTTSCHLICH,GER,Germany,3,WS,Dames simple,SEN,201478,2026,22,05/25/2026 00:00:00
776,766,10,Reka BEZEG,SRB,Serbia,3,WS,Dames simple,SEN,132809,2026,22,05/25/2026 00:00:00
777,767,10,LIU Ruohan,LAO,Laos,3,WS,Dames simple,SEN,221664,2026,22,05/25/2026 00:00:00
778,768,10,Noila KHANIYAZOVA,KAZ,Kazakhstan,3,WS,Dames simple,SEN,203045,2026,22,05/25/2026 00:00:00
779,770,9,Nina NIKOLOVA,BUL,Bulgaria,3,WS,Dames simple,SEN,204811,2026,22,05/25/2026 00:00:00
780,771,9,Irene MORETTI,ITA,Italy,3,WS,Dames simple,SEN,143947,2026,22,05/25/2026 00:00:00
781,772,9,Yelizaveta LAVROVA,KAZ,Kazakhstan,3,WS,Dames simple,SEN,203052,2026,22,05/25/2026 00:00:00
782,773,9,Luciana FRIAS,ARG,Argentina,3,WS,Dames simple,SEN,202016,2026,22,05/25/2026 00:00:00
783,774,9,Laura RAHOTIN,SLO,Slovenia,3,WS,Dames simple,SEN,200262,2026,22,05/25/2026 00:00:00
784,775,9,Nursema COKLAR,TUR,Türkiye,3,WS,Dames simple,SEN,225184,2026,22,05/25/2026 00:00:00
785,776,9,KUNG Mu-Tzu,TPE,Chinese Taipei,3,WS,Dames simple,SEN,146268,2026,22,05/25/2026 00:00:00
786,777,9,Liliana GUASSARDO,SVK,Slovak Republic,3,WS,Dames simple,SEN,200112,2026,22,05/25/2026 00:00:00
787,864,-77,Ludivine MAURER,SUI,Switzerland,3,WS,Dames simple,SEN,136388,2026,22,05/25/2026 00:00:00
788,778,10,HUANG Wei An,TPE,Chinese Taipei,2,WS,Dames simple,SEN,220560,2026,22,05/25/2026 00:00:00
789,779,10,Kavya BASKAR,IND,India,2,WS,Dames simple,SEN,134124,2026,22,05/25/2026 00:00:00
790,780,10,Senhora DSOUZA,IND,India,2,WS,Dames simple,SEN,114584,2026,22,05/25/2026 00:00:00
791,781,10,Manuela PEREYRA,ARG,Argentina,2,WS,Dames simple,SEN,136284,2026,22,05/25/2026 00:00:00
792,782,10,Mariam SHAHMURADYAN,ARG,Argentina,2,WS,Dames simple,SEN,204995,2026,22,05/25/2026 00:00:00
793,783,10,Mukta DALVI,IND,India,2,WS,Dames simple,SEN,206790,2026,22,05/25/2026 00:00:00
794,785,9,Khadeeja ELHAKIM,EGY,Egypt,2,WS,Dames simple,SEN,202553,2026,22,05/25/2026 00:00:00
795,786,9,Albania ROMERO,VEN,Venezuela,2,WS,Dames simple,SEN,205157,2026,22,05/25/2026 00:00:00
796,787,9,Aray ASHKEYEVA,KAZ,Kazakhstan,2,WS,Dames simple,SEN,200322,2026,22,05/25/2026 00:00:00
797,788,9,Angelou Joyce LAUDE,PHI,Philippines,2,WS,Dames simple,SEN,145434,2026,22,05/25/2026 00:00:00
798,789,9,Karin HANAZAWA,JPN,Japan,2,WS,Dames simple,SEN,205296,2026,22,05/25/2026 00:00:00
799,790,9,Warachaya CHATCHAIUDOMSUK,THA,Thailand,2,WS,Dames simple,SEN,144658,2026,22,05/25/2026 00:00:00
800,791,9,Guzel TORSHAYEVA,KAZ,Kazakhstan,2,WS,Dames simple,SEN,200345,2026,22,05/25/2026 00:00:00
801,792,9,HSIEH Hsin-Jung,TPE,Chinese Taipei,2,WS,Dames simple,SEN,204747,2026,22,05/25/2026 00:00:00
802,793,9,Maryia VAKHLIAYEVA,BLR,Belarus,2,WS,Dames simple,SEN,221156,2026,22,05/25/2026 00:00:00
803,794,9,Monika STAJKOVSKA,MKD,North Macedonia,2,WS,Dames simple,SEN,203654,2026,22,05/25/2026 00:00:00
804,795,9,Fani JOVANOSKA,MKD,North Macedonia,2,WS,Dames simple,SEN,145443,2026,22,05/25/2026 00:00:00
805,796,9,Sofija HASANU,MKD,North Macedonia,2,WS,Dames simple,SEN,145459,2026,22,05/25/2026 00:00:00
806,797,9,LIANG Yu-Hsin,TPE,Chinese Taipei,2,WS,Dames simple,SEN,200016,2026,22,05/25/2026 00:00:00
807,800,7,Rofiat JIMOH,NGR,Nigeria,2,WS,Dames simple,SEN,133722,2026,22,05/25/2026 00:00:00
808,802,6,WONG Tsz Yui,HKG,"Hong Kong, China",2,WS,Dames simple,SEN,201263,2026,22,05/25/2026 00:00:00
809,803,6,Choutiphone SISOMBOUN,LAO,Laos,2,WS,Dames simple,SEN,203009,2026,22,05/25/2026 00:00:00
810,804,6,Chanthida NOMICHITH,LAO,Laos,2,WS,Dames simple,SEN,206647,2026,22,05/25/2026 00:00:00
811,805,6,Phetsamay KIYAVONG,LAO,Laos,2,WS,Dames simple,SEN,206646,2026,22,05/25/2026 00:00:00
812,806,6,Panita KITTIPHAN,LAO,Laos,2,WS,Dames simple,SEN,206637,2026,22,05/25/2026 00:00:00
813,807,6,Isabella LUO,USA,USA,2,WS,Dames simple,SEN,200561,2026,22,05/25/2026 00:00:00
814,808,6,Thipphavanh XAIPHETVONG,LAO,Laos,2,WS,Dames simple,SEN,203008,2026,22,05/25/2026 00:00:00
815,809,6,Riana BHOOTA,IND,India,2,WS,Dames simple,SEN,201369,2026,22,05/25/2026 00:00:00
816,810,6,Leeloo VUKELJA,CRO,Croatia,2,WS,Dames simple,SEN,200450,2026,22,05/25/2026 00:00:00
817,811,6,Victoria LEE,CAN,Canada,2,WS,Dames simple,SEN,201022,2026,22,05/25/2026 00:00:00
818,812,6,Emily LIU,CAN,Canada,2,WS,Dames simple,SEN,201020,2026,22,05/25/2026 00:00:00
819,813,6,Bounleut KEOMANY,LAO,Laos,2,WS,Dames simple,SEN,206639,2026,22,05/25/2026 00:00:00
820,814,6,Daria SPASOVA,BUL,Bulgaria,2,WS,Dames simple,SEN,222391,2026,22,05/25/2026 00:00:00
821,815,6,Kalina PIPEROVA,BUL,Bulgaria,2,WS,Dames simple,SEN,213334,2026,22,05/25/2026 00:00:00
822,816,6,Mika TAMURA,JPN,Japan,2,WS,Dames simple,SEN,222250,2026,22,05/25/2026 00:00:00
823,817,6,Magdalena SCIBRANIOVA,CZE,Czechia,2,WS,Dames simple,SEN,145752,2026,22,05/25/2026 00:00:00
824,818,6,Adela SAZIMOVA,CZE,Czechia,2,WS,Dames simple,SEN,137253,2026,22,05/25/2026 00:00:00
825,819,6,Sally NIELSEN,DEN,Denmark,2,WS,Dames simple,SEN,137686,2026,22,05/25/2026 00:00:00
826,820,6,Zhaniya BEKMUKHAMBETOVA,KAZ,Kazakhstan,2,WS,Dames simple,SEN,205984,2026,22,05/25/2026 00:00:00
827,821,6,Mariya LUKYANOVA,KAZ,Kazakhstan,2,WS,Dames simple,SEN,203526,2026,22,05/25/2026 00:00:00
828,822,6,Ankolika CHAKRABORTY,IND,India,2,WS,Dames simple,SEN,201145,2026,22,05/25/2026 00:00:00
829,823,6,Shakhzoda AKHMADALIYEVA,KAZ,Kazakhstan,2,WS,Dames simple,SEN,200341,2026,22,05/25/2026 00:00:00
830,824,6,Hanna SMIRNOVA,BLR,Belarus,2,WS,Dames simple,SEN,136938,2026,22,05/25/2026 00:00:00
831,825,6,Elisa MEYER,GER,Germany,2,WS,Dames simple,SEN,202710,2026,22,05/25/2026 00:00:00
832,826,6,Amelia NIKOLOV,MKD,North Macedonia,2,WS,Dames simple,SEN,112956,2026,22,05/25/2026 00:00:00
833,827,6,Farida OMAR,EGY,Egypt,2,WS,Dames simple,SEN,201320,2026,22,05/25/2026 00:00:00
834,828,6,Madiha ELMALLAH,EGY,Egypt,2,WS,Dames simple,SEN,145579,2026,22,05/25/2026 00:00:00
835,829,6,Lana HAZEM,EGY,Egypt,2,WS,Dames simple,SEN,145507,2026,22,05/25/2026 00:00:00
836,830,6,Roshna HAMEED,IRQ,Iraq,2,WS,Dames simple,SEN,223020,2026,22,05/25/2026 00:00:00
837,831,6,Sima RADHA,IRQ,Iraq,2,WS,Dames simple,SEN,201226,2026,22,05/25/2026 00:00:00
838,832,6,Debolina DAS,IND,India,2,WS,Dames simple,SEN,208363,2026,22,05/25/2026 00:00:00
839,833,6,Rinad EL-HASANI,JOR,Jordan,2,WS,Dames simple,SEN,135912,2026,22,05/25/2026 00:00:00
840,834,6,ZHANG Yulu,CHN,China,2,WS,Dames simple,SEN,225385,2026,22,05/25/2026 00:00:00
841,835,6,Nela ONDRUSOVA,SVK,Slovak Republic,2,WS,Dames simple,SEN,200113,2026,22,05/25/2026 00:00:00
842,836,6,Noemi NEMETHOVA,SVK,Slovak Republic,2,WS,Dames simple,SEN,136557,2026,22,05/25/2026 00:00:00
843,837,6,Jana TEREZKOVA,SVK,Slovak Republic,2,WS,Dames simple,SEN,123242,2026,22,05/25/2026 00:00:00
844,838,6,Monika MAROUSKOVA,SVK,Slovak Republic,2,WS,Dames simple,SEN,132024,2026,22,05/25/2026 00:00:00
845,,,Leonor GOMES,POR,Portugal,2,WS,Dames simple,SEN,201172,2026,22,05/25/2026 00:00:00
846,839,7,Amber LIU,USA,USA,2,WS,Dames simple,SEN,200586,2026,22,05/25/2026 00:00:00
847,840,7,Elee ABASSI,TUN,Tunisia,2,WS,Dames simple,SEN,201260,2026,22,05/25/2026 00:00:00
848,841,7,Hadjer TAHMI,ALG,Algeria,2,WS,Dames simple,SEN,133463,2026,22,05/25/2026 00:00:00
849,842,7,Valentina GARRO VALVERDE,CRC,Costa Rica,2,WS,Dames simple,SEN,200670,2026,22,05/25/2026 00:00:00
850,843,7,Maria ARAYA,CRC,Costa Rica,2,WS,Dames simple,SEN,202208,2026,22,05/25/2026 00:00:00
851,844,7,Andrea TEGLAS,ROU,Romania,2,WS,Dames simple,SEN,144989,2026,22,05/25/2026 00:00:00
852,845,7,Anastasia CHKHARTISHVILI,GEO,Georgia,2,WS,Dames simple,SEN,200213,2026,22,05/25/2026 00:00:00
853,846,7,Alahia MEDINA,PUR,Puerto Rico,2,WS,Dames simple,SEN,136068,2026,22,05/25/2026 00:00:00
854,847,7,Vendula SICHANOVA,CZE,Czechia,2,WS,Dames simple,SEN,145745,2026,22,05/25/2026 00:00:00
855,848,7,YEUNG Yee Lam,HKG,"Hong Kong, China",2,WS,Dames simple,SEN,205829,2026,22,05/25/2026 00:00:00
856,849,7,Fatemeh KALANTARI,IRI,Iran,2,WS,Dames simple,SEN,221733,2026,22,05/25/2026 00:00:00
857,850,7,KIM Gyurin,KOR,Korea Republic,2,WS,Dames simple,SEN,205709,2026,22,05/25/2026 00:00:00
858,851,7,Martina SANS,ESP,Spain,2,WS,Dames simple,SEN,201848,2026,22,05/25/2026 00:00:00
859,852,7,CHOO Ke Ying,MAS,Malaysia,2,WS,Dames simple,SEN,202816,2026,22,05/25/2026 00:00:00
860,853,7,Joana PINTO,POR,Portugal,2,WS,Dames simple,SEN,200070,2026,22,05/25/2026 00:00:00
861,854,7,Kavyaa MADAAN,AUS,Australia,2,WS,Dames simple,SEN,203188,2026,22,05/25/2026 00:00:00
862,855,7,Malena LOPEZ,ARG,Argentina,2,WS,Dames simple,SEN,202018,2026,22,05/25/2026 00:00:00
863,856,7,Candela SANCHI,ITA,Italy,2,WS,Dames simple,SEN,200977,2026,22,05/25/2026 00:00:00
864,857,7,Anita PETKOVA,BUL,Bulgaria,2,WS,Dames simple,SEN,202742,2026,22,05/25/2026 00:00:00
865,858,7,Kathe DE MEYER,BEL,Belgium,2,WS,Dames simple,SEN,201091,2026,22,05/25/2026 00:00:00
866,859,7,Adela BRHELOVA,CZE,Czechia,2,WS,Dames simple,SEN,201791,2026,22,05/25/2026 00:00:00
867,860,7,Lou-Anne BOCQUET,FRA,France,2,WS,Dames simple,SEN,209038,2026,22,05/25/2026 00:00:00
868,861,7,Maja HANSEN,DEN,Denmark,2,WS,Dames simple,SEN,201135,2026,22,05/25/2026 00:00:00
869,918,-49,Ann-Christine CHRISTENSEN,DEN,Denmark,2,WS,Dames simple,SEN,135866,2026,22,05/25/2026 00:00:00
870,862,8,Ayoko Fanida AMAH,TOG,Togo,2,WS,Dames simple,SEN,136516,2026,22,05/25/2026 00:00:00
871,863,8,Stecy AMADJI,BEN,Benin,2,WS,Dames simple,SEN,204949,2026,22,05/25/2026 00:00:00
872,865,7,Lana BENKO,CRO,Croatia,1,WS,Dames simple,SEN,145498,2026,22,05/25/2026 00:00:00
873,866,7,Masa BOSKOVSKI,SRB,Serbia,1,WS,Dames simple,SEN,200490,2026,22,05/25/2026 00:00:00
874,867,7,Yudi JIN,USA,USA,1,WS,Dames simple,SEN,206139,2026,22,05/25/2026 00:00:00
875,868,7,Sara HABAROVA,SVK,Slovak Republic,1,WS,Dames simple,SEN,200066,2026,22,05/25/2026 00:00:00
876,869,7,Danelys CRUZ ROSARIO,PUR,Puerto Rico,1,WS,Dames simple,SEN,200536,2026,22,05/25/2026 00:00:00
877,870,7,Ioanna GERASIMATOU,GRE,Greece,1,WS,Dames simple,SEN,132778,2026,22,05/25/2026 00:00:00
878,871,7,KIM Haneul,KOR,Korea Republic,1,WS,Dames simple,SEN,204507,2026,22,05/25/2026 00:00:00
879,872,7,Lorena GITELMAN,ARG,Argentina,1,WS,Dames simple,SEN,209671,2026,22,05/25/2026 00:00:00
880,874,6,Aleksandra JERSOVA,LAT,Latvia,1,WS,Dames simple,SEN,200176,2026,22,05/25/2026 00:00:00
881,875,6,LEE Yeseo,KOR,Korea Republic,1,WS,Dames simple,SEN,204130,2026,22,05/25/2026 00:00:00
882,876,6,Angelina BEBAWY,SWE,Sweden,1,WS,Dames simple,SEN,201470,2026,22,05/25/2026 00:00:00
883,877,6,Susana COSTA,POR,Portugal,1,WS,Dames simple,SEN,145616,2026,22,05/25/2026 00:00:00
884,878,6,Lene OSMANI,KOS,Kosovo,1,WS,Dames simple,SEN,205859,2026,22,05/25/2026 00:00:00
885,879,6,Shega HASHANI,KOS,Kosovo,1,WS,Dames simple,SEN,145489,2026,22,05/25/2026 00:00:00
886,880,6,Leoresa IMERI,KOS,Kosovo,1,WS,Dames simple,SEN,205858,2026,22,05/25/2026 00:00:00
887,881,6,Alma MEHMETI,KOS,Kosovo,1,WS,Dames simple,SEN,134001,2026,22,05/25/2026 00:00:00
888,882,6,Khemisarar DERUJIJAROEN,THA,Thailand,1,WS,Dames simple,SEN,144653,2026,22,05/25/2026 00:00:00
889,883,6,Wiranchana SREECHAK,THA,Thailand,1,WS,Dames simple,SEN,202344,2026,22,05/25/2026 00:00:00
890,884,6,Iarina PRECUP,ROU,Romania,1,WS,Dames simple,SEN,201957,2026,22,05/25/2026 00:00:00
891,885,6,Varvara TOLMACHEVA,RUS,Russia,1,WS,Dames simple,SEN,221618,2026,22,05/25/2026 00:00:00
892,886,6,Amina ILIMBETOVA,RUS,Russia,1,WS,Dames simple,SEN,221624,2026,22,05/25/2026 00:00:00
893,887,6,KUM Kangeun,KOR,Korea Republic,1,WS,Dames simple,SEN,205274,2026,22,05/25/2026 00:00:00
894,888,6,Jolie DAYOUB,SYR,Syria,1,WS,Dames simple,SEN,201344,2026,22,05/25/2026 00:00:00
895,889,6,Demi Yu Ting CAI,CAN,Canada,1,WS,Dames simple,SEN,145047,2026,22,05/25/2026 00:00:00
896,890,6,Laurynne CABARDO,SWE,Sweden,1,WS,Dames simple,SEN,201096,2026,22,05/25/2026 00:00:00
897,891,6,Kashvi KALRA,IND,India,1,WS,Dames simple,SEN,206077,2026,22,05/25/2026 00:00:00
898,892,6,Rawi MILINTASUT,THA,Thailand,1,WS,Dames simple,SEN,213500,2026,22,05/25/2026 00:00:00
899,893,6,Yaghmur MAMMADLI,AZE,Azerbaijan,1,WS,Dames simple,SEN,201389,2026,22,05/25/2026 00:00:00
900,894,6,Aanya GUPTA,IND,India,1,WS,Dames simple,SEN,221570,2026,22,05/25/2026 00:00:00
901,895,6,Nesmah HAMEED,IRQ,Iraq,1,WS,Dames simple,SEN,201228,2026,22,05/25/2026 00:00:00
902,896,6,Yehudit BRUNSHTEIN,ISR,Israel,1,WS,Dames simple,SEN,200917,2026,22,05/25/2026 00:00:00
903,897,6,Iryna MIADZVETSKAYA,BLR,Belarus,1,WS,Dames simple,SEN,222599,2026,22,05/25/2026 00:00:00
904,898,6,Qinle XIA,AUS,Australia,1,WS,Dames simple,SEN,203030,2026,22,05/25/2026 00:00:00
905,899,6,Nabila FIKRIYAH,INA,Indonesia,1,WS,Dames simple,SEN,205780,2026,22,05/25/2026 00:00:00
906,900,6,LAM Tiffany,AUS,Australia,1,WS,Dames simple,SEN,210431,2026,22,05/25/2026 00:00:00
907,901,6,LI Xiang,AUS,Australia,1,WS,Dames simple,SEN,222689,2026,22,05/25/2026 00:00:00
908,902,6,Laman ABDULHAMIDOVA,AZE,Azerbaijan,1,WS,Dames simple,SEN,137046,2026,22,05/25/2026 00:00:00
909,903,6,Sophia PICHLER,AUT,Austria,1,WS,Dames simple,SEN,201420,2026,22,05/25/2026 00:00:00
910,904,6,Polina TERNOVYKH,ISR,Israel,1,WS,Dames simple,SEN,200935,2026,22,05/25/2026 00:00:00
911,905,6,Irina SILVA,POR,Portugal,1,WS,Dames simple,SEN,201175,2026,22,05/25/2026 00:00:00
912,906,6,Diana KOLIENNIKOVA,UKR,Ukraine,1,WS,Dames simple,SEN,145642,2026,22,05/25/2026 00:00:00
913,907,6,Vivien TAMAS,ROU,Romania,1,WS,Dames simple,SEN,201375,2026,22,05/25/2026 00:00:00
914,908,6,Taimmaa ABO-YAMAN,JOR,Jordan,1,WS,Dames simple,SEN,118087,2026,22,05/25/2026 00:00:00
915,909,6,Nada ELBADAWY,EGY,Egypt,1,WS,Dames simple,SEN,201309,2026,22,05/25/2026 00:00:00
916,910,6,Tekla LIPARTELIANI,GEO,Georgia,1,WS,Dames simple,SEN,201358,2026,22,05/25/2026 00:00:00
917,911,6,Archismita MAHATO,IND,India,1,WS,Dames simple,SEN,213180,2026,22,05/25/2026 00:00:00
918,912,6,Prachi GHOSH,IND,India,1,WS,Dames simple,SEN,220721,2026,22,05/25/2026 00:00:00
919,913,6,Sukrati SHARMA,IND,India,1,WS,Dames simple,SEN,223607,2026,22,05/25/2026 00:00:00
920,914,6,Marion AUBERT,FRA,France,1,WS,Dames simple,SEN,204594,2026,22,05/25/2026 00:00:00
921,915,6,Ditsa ROY,IND,India,1,WS,Dames simple,SEN,203070,2026,22,05/25/2026 00:00:00
922,916,6,Nayonika CHATTERJEE,IND,India,1,WS,Dames simple,SEN,223680,2026,22,05/25/2026 00:00:00
923,917,6,Manisha SEAL,IND,India,1,WS,Dames simple,SEN,220550,2026,22,05/25/2026 00:00:00
924,919,5,Ghazaleh MOLATALAB,IRI,Iran,1,WS,Dames simple,SEN,121415,2026,22,05/25/2026 00:00:00
925,920,5,Mariia MAKSIMOVA,RUS,Russia,1,WS,Dames simple,SEN,221645,2026,22,05/25/2026 00:00:00
926,921,5,Margaux ROUET,FRA,France,1,WS,Dames simple,SEN,223683,2026,22,05/25/2026 00:00:00
927,922,5,Sofia COUCE,ESP,Spain,1,WS,Dames simple,SEN,135647,2026,22,05/25/2026 00:00:00
928,923,5,Paloma RIVAROLA,PAR,Paraguay,1,WS,Dames simple,SEN,202044,2026,22,05/25/2026 00:00:00
929,924,5,Maja LECH,POL,Poland,1,WS,Dames simple,SEN,203615,2026,22,05/25/2026 00:00:00
930,925,5,Matylda HADRYS,POL,Poland,1,WS,Dames simple,SEN,204191,2026,22,05/25/2026 00:00:00
931,926,5,Wendy LIU,CAN,Canada,1,WS,Dames simple,SEN,207533,2026,22,05/25/2026 00:00:00
932,927,5,Wanessa KULCZYCKA,POL,Poland,1,WS,Dames simple,SEN,200764,2026,22,05/25/2026 00:00:00
933,928,5,Zarahys RIVADENEIRA,ECU,Ecuador,1,WS,Dames simple,SEN,200701,2026,22,05/25/2026 00:00:00
934,929,5,Leilanisbet VEGA,PUR,Puerto Rico,1,WS,Dames simple,SEN,213340,2026,22,05/25/2026 00:00:00
935,930,5,Oceanis GONZALEZ,PUR,Puerto Rico,1,WS,Dames simple,SEN,202998,2026,22,05/25/2026 00:00:00
936,931,5,Yuliia PELYKH,UKR,Ukraine,1,WS,Dames simple,SEN,145667,2026,22,05/25/2026 00:00:00
937,932,5,Jitte DE KLERK,NED,Netherlands,1,WS,Dames simple,SEN,205815,2026,22,05/25/2026 00:00:00
938,933,5,Mariia LYTVYN,AUT,Austria,1,WS,Dames simple,SEN,200270,2026,22,05/25/2026 00:00:00
939,934,5,Silvia COLL,ESP,Spain,1,WS,Dames simple,SEN,134982,2026,22,05/25/2026 00:00:00
940,935,5,Bianka DIKOVA,SVK,Slovak Republic,1,WS,Dames simple,SEN,200143,2026,22,05/25/2026 00:00:00
941,936,5,Monika URIKOVA,SVK,Slovak Republic,1,WS,Dames simple,SEN,118699,2026,22,05/25/2026 00:00:00
942,937,5,Simona JASS,SVK,Slovak Republic,1,WS,Dames simple,SEN,118694,2026,22,05/25/2026 00:00:00
943,938,5,Ana SLADOJE,BIH,Bosnia-Herzegovina,1,WS,Dames simple,SEN,202704,2026,22,05/25/2026 00:00:00
944,939,5,Lotte NUYTTENS,BEL,Belgium,1,WS,Dames simple,SEN,201050,2026,22,05/25/2026 00:00:00
945,940,5,Emina CERIC,BIH,Bosnia-Herzegovina,1,WS,Dames simple,SEN,202703,2026,22,05/25/2026 00:00:00
946,941,5,Aylin ASGAROVA,AZE,Azerbaijan,1,WS,Dames simple,SEN,201408,2026,22,05/25/2026 00:00:00
947,942,5,Emma VENDELBO,DEN,Denmark,1,WS,Dames simple,SEN,201797,2026,22,05/25/2026 00:00:00
948,943,5,Lena PUZIO,POL,Poland,1,WS,Dames simple,SEN,209140,2026,22,05/25/2026 00:00:00
949,944,5,Akhyata PATRA,SUI,Switzerland,1,WS,Dames simple,SEN,200179,2026,22,05/25/2026 00:00:00
950,945,5,Julia MARTIN,ESP,Spain,1,WS,Dames simple,SEN,200787,2026,22,05/25/2026 00:00:00
951,946,5,Sayanika MAJI,IND,India,1,WS,Dames simple,SEN,202797,2026,22,05/25/2026 00:00:00
952,947,5,Uliana TIMASHEVA,RUS,Russia,1,WS,Dames simple,SEN,223638,2026,22,05/25/2026 00:00:00
953,,,Tiana PIYADASA,USA,USA,1,WS,Dames simple,SEN,200562,2026,22,05/25/2026 00:00:00
954,,,CHOI Seowon,KOR,Korea Republic,1,WS,Dames simple,SEN,204496,2026,22,05/25/2026 00:00:00
955,,,Karin ANDO,JPN,Japan,1,WS,Dames simple,SEN,225056,2026,22,05/25/2026 00:00:00
956,,,Amy ZHAO,CAN,Canada,1,WS,Dames simple,SEN,207050,2026,22,05/25/2026 00:00:00
957,,,YANG Ruoyan,CAN,Canada,1,WS,Dames simple,SEN,206327,2026,22,05/25/2026 00:00:00
958,,,Shiki KUSAKABE,JPN,Japan,1,WS,Dames simple,SEN,205325,2026,22,05/25/2026 00:00:00
959,,,Lea GAUDIMIER,CAN,Canada,1,WS,Dames simple,SEN,222116,2026,22,05/25/2026 00:00:00
960,,,Christine KALVATN,NOR,Norway,1,WS,Dames simple,SEN,135962,2026,22,05/25/2026 00:00:00
961,948,13,Camelia MERENCO,MDA,Moldova,1,WS,Dames simple,SEN,200147,2026,22,05/25/2026 00:00:00
962,949,13,Patricia SANTOS,POR,Portugal,1,WS,Dames simple,SEN,132216,2026,22,05/25/2026 00:00:00
963,950,13,Mariam EL HABECH,LBN,Lebanon,1,WS,Dames simple,SEN,134049,2026,22,05/25/2026 00:00:00
964,951,13,Emine ERNST,NED,Netherlands,1,WS,Dames simple,SEN,133335,2026,22,05/25/2026 00:00:00
965,952,13,Dobrila JORGUSESKA,NED,Netherlands,1,WS,Dames simple,SEN,134444,2026,22,05/25/2026 00:00:00
966,953,13,Maya ROJAS,URU,Uruguay,1,WS,Dames simple,SEN,208924,2026,22,05/25/2026 00:00:00
967,954,13,Zemfira MIKAYILOVA,AZE,Azerbaijan,1,WS,Dames simple,SEN,201866,2026,22,05/25/2026 00:00:00
