club_nom,pays,url,latitude,longitude
 FTT COMPERTRIX,France,https://www.google.com/maps/search/?api=1&query=%22+FTT+COMPERTRIX%22+tennis+de+table+France,48.936249,4.350666
1. FC Köln 01/07 e.V.,Allemagne,https://www.google.com/maps/search/?api=1&query=%221.+FC+K%C3%B6ln+01%2F07+e.V.%22+Tischtennis+Deutschland,50.557117,7.136606
1. FC Saarbrücken-TT,Allemagne,https://www.google.com/maps/search/?api=1&query=%221.+FC+Saarbr%C3%BCcken-TT%22+Tischtennis+Deutschland,49.210168,7.114146
1. FSV Mainz 05 e. V.,Allemagne,https://www.google.com/maps/search/?api=1&query=%221.+FSV+Mainz+05+e.+V.%22+Tischtennis+Deutschland,49.984513,8.223995
150 AÑOS - DON BENITO,Espagne,https://www.google.com/maps/search/?api=1&query=%22150+A%C3%91OS+-+DON+BENITO%22+tenis+de+mesa+Espa%C3%B1a,38.954027,-5.861947
4S TOURS T.T.,France,https://www.google.com/maps/search/?api=1&query=%224S+TOURS+T.T.%22+tennis+de+table+France,47.381638,0.666396
7 ILES TT,France,https://www.google.com/maps/search/?api=1&query=%227+ILES+TT%22+tennis+de+table+France,48.810976,-3.444724
A AMICALE COURONNAISE,France,https://www.google.com/maps/search/?api=1&query=%22A+AMICALE+COURONNAISE%22+tennis+de+table+France,49.391336,1.028490
A L ST MARTIN LE VINOUX,France,https://www.google.com/maps/search/?api=1&query=%22A+L+ST+MARTIN+LE+VINOUX%22+tennis+de+table+France,45.211732,5.699923
A M S L FREJUS,France,https://www.google.com/maps/search/?api=1&query=%22A+M+S+L+FREJUS%22+tennis+de+table+France,43.428693,6.729974
A S  THYMERAIS CHATEAUNEUF,France,https://www.google.com/maps/search/?api=1&query=%22A+S++THYMERAIS+CHATEAUNEUF%22+tennis+de+table+France,48.583344,1.244390
A S BRETEUIL,France,https://www.google.com/maps/search/?api=1&query=%22A+S+BRETEUIL%22+tennis+de+table+France,44.099732,4.108425
A S C LAGNIEU,France,https://www.google.com/maps/search/?api=1&query=%22A+S+C+LAGNIEU%22+tennis+de+table+France,45.891345,5.333904
A S P O CHATEAUROUX,France,https://www.google.com/maps/search/?api=1&query=%22A+S+P+O+CHATEAUROUX%22+tennis+de+table+France,46.807432,1.697352
A S SAINT RAPHAEL,France,https://www.google.com/maps/search/?api=1&query=%22A+S+SAINT+RAPHAEL%22+tennis+de+table+France,43.428983,6.802813
A S T T VALLAURIS-GOLFE JUAN,France,https://www.google.com/maps/search/?api=1&query=%22A+S+T+T+VALLAURIS-GOLFE+JUAN%22+tennis+de+table+France,43.579966,7.054320
A S VIETNAM,France,https://www.google.com/maps/search/?api=1&query=%22A+S+VIETNAM%22+tennis+de+table+France,48.829115,2.358200
A S VILLENAVE T T,France,https://www.google.com/maps/search/?api=1&query=%22A+S+VILLENAVE+T+T%22+tennis+de+table+France,46.808870,1.700300
A U O PONT DE ROIDE,France,https://www.google.com/maps/search/?api=1&query=%22A+U+O+PONT+DE+ROIDE%22+tennis+de+table+France,47.382414,6.768107
A. LESCARIENNE TT,France,https://www.google.com/maps/search/?api=1&query=%22A.+LESCARIENNE+TT%22+tennis+de+table+France,43.330933,-0.441975
A. MIREFLEURS TT,France,https://www.google.com/maps/search/?api=1&query=%22A.+MIREFLEURS+TT%22+tennis+de+table+France,45.696663,3.229564
A. P. BARPAISE,France,https://www.google.com/maps/search/?api=1&query=%22A.+P.+BARPAISE%22+tennis+de+table+France,46.808870,1.700300
A.C. AMBOISE TENNIS DE TABLE,France,https://www.google.com/maps/search/?api=1&query=%22A.C.+AMBOISE+TENNIS+DE+TABLE%22+tennis+de+table+France,47.400463,1.014973
A.C.O.S.TILLIERES/AVRE,France,https://www.google.com/maps/search/?api=1&query=%22A.C.O.S.TILLIERES%2FAVRE%22+tennis+de+table+France,48.758679,1.055585
A.J.K. VANNES,France,https://www.google.com/maps/search/?api=1&query=%22A.J.K.+VANNES%22+tennis+de+table+France,47.643804,-2.771116
A.L. LUSSAT tennis de table,France,https://www.google.com/maps/search/?api=1&query=%22A.L.+LUSSAT+tennis+de+table%22+tennis+de+table+France,45.835911,3.217759
A.P. PLUNERET/MERIADEC,France,https://www.google.com/maps/search/?api=1&query=%22A.P.+PLUNERET%2FMERIADEC%22+tennis+de+table+France,47.676697,-2.957510
A.P. ST SENOCH,France,https://www.google.com/maps/search/?api=1&query=%22A.P.+ST+SENOCH%22+tennis+de+table+France,47.046435,0.968366
A.S MONTLOUIS-SUR-LOIRE,France,https://www.google.com/maps/search/?api=1&query=%22A.S+MONTLOUIS-SUR-LOIRE%22+tennis+de+table+France,47.387688,0.830115
A.S. ALCATEL LUCENT ILLKIRCH,France,https://www.google.com/maps/search/?api=1&query=%22A.S.+ALCATEL+LUCENT+ILLKIRCH%22+tennis+de+table+France,48.519302,7.741163
A.S. FONDETTES,France,https://www.google.com/maps/search/?api=1&query=%22A.S.+FONDETTES%22+tennis+de+table+France,47.402283,0.599937
A.S. INTERCOM. GUAINVILLE,France,https://www.google.com/maps/search/?api=1&query=%22A.S.+INTERCOM.+GUAINVILLE%22+tennis+de+table+France,48.914194,1.491229
A.S. LUYNES T.T.,France,https://www.google.com/maps/search/?api=1&query=%22A.S.+LUYNES+T.T.%22+tennis+de+table+France,47.392899,0.548585
A.S. MAXIME T.T.,France,https://www.google.com/maps/search/?api=1&query=%22A.S.+MAXIME+T.T.%22+tennis+de+table+France,43.315946,6.634577
A.S. MINIHY-TREGUIER TT,France,https://www.google.com/maps/search/?api=1&query=%22A.S.+MINIHY-TREGUIER+TT%22+tennis+de+table+France,48.783396,-3.238359
A.S. MONACO,France,https://www.google.com/maps/search/?api=1&query=%22A.S.+MONACO%22+tennis+de+table+France,46.808870,1.700300
A.S. SAVONNIERES,France,https://www.google.com/maps/search/?api=1&query=%22A.S.+SAVONNIERES%22+tennis+de+table+France,47.334536,0.562818
A.S. VERETZ TT,France,https://www.google.com/maps/search/?api=1&query=%22A.S.+VERETZ+TT%22+tennis+de+table+France,47.357658,0.804778
A.S.C. MONTAUDRAN,France,https://www.google.com/maps/search/?api=1&query=%22A.S.C.+MONTAUDRAN%22+tennis+de+table+France,46.808870,1.700300
A.S.C.AUREILHAN,France,https://www.google.com/maps/search/?api=1&query=%22A.S.C.AUREILHAN%22+tennis+de+table+France,43.234417,0.104656
A.S.J.NOGENT LE ROTROU,France,https://www.google.com/maps/search/?api=1&query=%22A.S.J.NOGENT+LE+ROTROU%22+tennis+de+table+France,48.315760,0.813213
A.S.L. OUVILLE LA RIVIER,France,https://www.google.com/maps/search/?api=1&query=%22A.S.L.+OUVILLE+LA+RIVIER%22+tennis+de+table+France,46.796764,1.723791
A.S.P.T.T. VANNES,France,https://www.google.com/maps/search/?api=1&query=%22A.S.P.T.T.+VANNES%22+tennis+de+table+France,47.657605,-2.807014
A.S.T.T. de CASTELVALERIE,France,https://www.google.com/maps/search/?api=1&query=%22A.S.T.T.+de+CASTELVALERIE%22+tennis+de+table+France,47.544754,0.322475
A.S.T.T. ESVRES,France,https://www.google.com/maps/search/?api=1&query=%22A.S.T.T.+ESVRES%22+tennis+de+table+France,47.294488,0.791592
A.S.T.T. L'ISLOIS,France,https://www.google.com/maps/search/?api=1&query=%22A.S.T.T.+L%27ISLOIS%22+tennis+de+table+France,43.624501,1.103717
A.S.T.T. M.A. MONTBEUGNY,France,https://www.google.com/maps/search/?api=1&query=%22A.S.T.T.+M.A.+MONTBEUGNY%22+tennis+de+table+France,46.536137,3.381109
A.S.T.T.ORGERES,France,https://www.google.com/maps/search/?api=1&query=%22A.S.T.T.ORGERES%22+tennis+de+table+France,46.808870,1.700300
A.T.T. AZAY-SUR-CHER,France,https://www.google.com/maps/search/?api=1&query=%22A.T.T.+AZAY-SUR-CHER%22+tennis+de+table+France,47.350420,0.841015
A.T.T. CHABRIS,France,https://www.google.com/maps/search/?api=1&query=%22A.T.T.+CHABRIS%22+tennis+de+table+France,47.257620,1.650765
A.T.T. DROME PROVENCALE,France,https://www.google.com/maps/search/?api=1&query=%22A.T.T.+DROME+PROVENCALE%22+tennis+de+table+France,44.369350,4.711547
A.T.T. LANGEAIS-CINQ-MARS,France,https://www.google.com/maps/search/?api=1&query=%22A.T.T.+LANGEAIS-CINQ-MARS%22+tennis+de+table+France,47.331847,0.408719
A.T.T. LUANT,France,https://www.google.com/maps/search/?api=1&query=%22A.T.T.+LUANT%22+tennis+de+table+France,46.735526,1.556541
A.T.T.ST ANTOINE DU ROCHER,France,https://www.google.com/maps/search/?api=1&query=%22A.T.T.ST+ANTOINE+DU+ROCHER%22+tennis+de+table+France,47.502190,0.628203
AAS FRESNES TENNIS DE TABLE,France,https://www.google.com/maps/search/?api=1&query=%22AAS+FRESNES+TENNIS+DE+TABLE%22+tennis+de+table+France,47.178092,2.160656
ABADIÑO,Espagne,https://www.google.com/maps/search/?api=1&query=%22ABADI%C3%91O%22+tenis+de+mesa+Espa%C3%B1a,43.152360,-2.607952
ABBEVILLE ACTT,France,https://www.google.com/maps/search/?api=1&query=%22ABBEVILLE+ACTT%22+tennis+de+table+France,50.100849,1.833667
ABLIS ATT,France,https://www.google.com/maps/search/?api=1&query=%22ABLIS+ATT%22+tennis+de+table+France,48.517186,1.829488
AC.MUS.E REC. 8 DE JAN.,Portugal,https://www.google.com/maps/search/?api=1&query=%22AC.MUS.E+REC.+8+DE+JAN.%22+t%C3%A9nis+de+mesa+Portugal,38.205247,-8.770876
ACD São João,Portugal,https://www.google.com/maps/search/?api=1&query=%22ACD+S%C3%A3o+Jo%C3%A3o%22+t%C3%A9nis+de+mesa+Portugal,39.549742,-8.004209
ACDR D.CARLOS I-TOP SPIN,Portugal,https://www.google.com/maps/search/?api=1&query=%22ACDR+D.CARLOS+I-TOP+SPIN%22+t%C3%A9nis+de+mesa+Portugal,38.707658,-9.196788
ACHERES CLOC,France,https://www.google.com/maps/search/?api=1&query=%22ACHERES+CLOC%22+tennis+de+table+France,48.970302,2.072329
ACLRE RECHESY,France,https://www.google.com/maps/search/?api=1&query=%22ACLRE+RECHESY%22+tennis+de+table+France,47.507024,7.108491
ACM Madeira,Portugal,https://www.google.com/maps/search/?api=1&query=%22ACM+Madeira%22+t%C3%A9nis+de+mesa+Portugal,40.214767,-8.415255
ACR .SAAVEDRA GUEDES,Portugal,https://www.google.com/maps/search/?api=1&query=%22ACR+.SAAVEDRA+GUEDES%22+t%C3%A9nis+de+mesa+Portugal,40.795302,-8.619940
ACR VALDAGUA,Portugal,https://www.google.com/maps/search/?api=1&query=%22ACR+VALDAGUA%22+t%C3%A9nis+de+mesa+Portugal,40.214767,-8.415255
ACsIOM,France,https://www.google.com/maps/search/?api=1&query=%22ACsIOM%22+tennis+de+table+France,47.178092,2.160656
AD Caramanchão,Portugal,https://www.google.com/maps/search/?api=1&query=%22AD+Caramanch%C3%A3o%22+t%C3%A9nis+de+mesa+Portugal,32.726920,-16.789717
AD Galomar,Portugal,https://www.google.com/maps/search/?api=1&query=%22AD+Galomar%22+t%C3%A9nis+de+mesa+Portugal,40.969118,-7.259984
AD JORGE ANTUNES,Portugal,https://www.google.com/maps/search/?api=1&query=%22AD+JORGE+ANTUNES%22+t%C3%A9nis+de+mesa+Portugal,38.731884,-9.137989
ADC LAPENSE,Portugal,https://www.google.com/maps/search/?api=1&query=%22ADC+LAPENSE%22+t%C3%A9nis+de+mesa+Portugal,40.495492,-7.897207
ADC Ponta Pargo,Portugal,https://www.google.com/maps/search/?api=1&query=%22ADC+Ponta+Pargo%22+t%C3%A9nis+de+mesa+Portugal,32.813927,-17.263069
ADX MILAGROSA,Espagne,https://www.google.com/maps/search/?api=1&query=%22ADX+MILAGROSA%22+tenis+de+mesa+Espa%C3%B1a,42.805053,-1.638816
AEC SORBIERS,France,https://www.google.com/maps/search/?api=1&query=%22AEC+SORBIERS%22+tennis+de+table+France,45.489142,4.435895
AEC UNIEUX,France,https://www.google.com/maps/search/?api=1&query=%22AEC+UNIEUX%22+tennis+de+table+France,45.406314,4.261147
AEL GUERET,France,https://www.google.com/maps/search/?api=1&query=%22AEL+GUERET%22+tennis+de+table+France,46.186366,1.875425
AEP ETOILE,France,https://www.google.com/maps/search/?api=1&query=%22AEP+ETOILE%22+tennis+de+table+France,47.252257,5.934709
AEP NOHANENT,France,https://www.google.com/maps/search/?api=1&query=%22AEP+NOHANENT%22+tennis+de+table+France,45.808766,3.057461
AF CRAPONNE,France,https://www.google.com/maps/search/?api=1&query=%22AF+CRAPONNE%22+tennis+de+table+France,,
AG Caen,France,https://www.google.com/maps/search/?api=1&query=%22AG+Caen%22+tennis+de+table+France,49.213139,-0.374286
AGDE TENNIS DE TABLE,France,https://www.google.com/maps/search/?api=1&query=%22AGDE+TENNIS+DE+TABLE%22+tennis+de+table+France,43.315497,3.474189
AGGLO DREUX VERNOUILLET TT,France,https://www.google.com/maps/search/?api=1&query=%22AGGLO+DREUX+VERNOUILLET+TT%22+tennis+de+table+France,48.735150,1.344860
AGNETZ ASTT,France,https://www.google.com/maps/search/?api=1&query=%22AGNETZ+ASTT%22+tennis+de+table+France,49.380074,2.388404
Aiffres TTC,France,https://www.google.com/maps/search/?api=1&query=%22Aiffres+TTC%22+tennis+de+table+France,46.295894,-0.428005
AIGLONS D ORIENT,France,https://www.google.com/maps/search/?api=1&query=%22AIGLONS+D+ORIENT%22+tennis+de+table+France,-20.880943,55.454530
Aigre Club Pongiste du Pays,France,https://www.google.com/maps/search/?api=1&query=%22Aigre+Club+Pongiste+du+Pays%22+tennis+de+table+France,45.888764,0.007206
AIGREFEUILLAIS C.P.,France,https://www.google.com/maps/search/?api=1&query=%22AIGREFEUILLAIS+C.P.%22+tennis+de+table+France,46.808870,1.700300
Aigrefeuille CP,France,https://www.google.com/maps/search/?api=1&query=%22Aigrefeuille+CP%22+tennis+de+table+France,46.119845,-0.942072
AIGURANDE TT,France,https://www.google.com/maps/search/?api=1&query=%22AIGURANDE+TT%22+tennis+de+table+France,46.436162,1.826060
AIL ROUSSET,France,https://www.google.com/maps/search/?api=1&query=%22AIL+ROUSSET%22+tennis+de+table+France,47.827751,0.077522
AIRE PING,France,https://www.google.com/maps/search/?api=1&query=%22AIRE+PING%22+tennis+de+table+France,44.702939,4.800304
Airvault PPC,France,https://www.google.com/maps/search/?api=1&query=%22Airvault+PPC%22+tennis+de+table+France,46.824469,-0.135726
AIX EN OTHE SDTDT,France,https://www.google.com/maps/search/?api=1&query=%22AIX+EN+OTHE+SDTDT%22+tennis+de+table+France,48.221356,3.741684
AIX ESPACE EN PEVELE,France,https://www.google.com/maps/search/?api=1&query=%22AIX+ESPACE+EN+PEVELE%22+tennis+de+table+France,43.649239,5.100294
AIX LES MILLES TT,France,https://www.google.com/maps/search/?api=1&query=%22AIX+LES+MILLES+TT%22+tennis+de+table+France,43.649239,5.100294
AIZENAY CPF,France,https://www.google.com/maps/search/?api=1&query=%22AIZENAY+CPF%22+tennis+de+table+France,46.751592,-1.619584
AJ LA BOISSE,France,https://www.google.com/maps/search/?api=1&query=%22AJ+LA+BOISSE%22+tennis+de+table+France,45.846098,5.036798
AJ TAILLAN,France,https://www.google.com/maps/search/?api=1&query=%22AJ+TAILLAN%22+tennis+de+table+France,44.914222,-0.686068
AJLSC CANTON DAMVILLE,France,https://www.google.com/maps/search/?api=1&query=%22AJLSC+CANTON+DAMVILLE%22+tennis+de+table+France,48.864298,1.064596
AJONCS D OR ST-NOLFF,France,https://www.google.com/maps/search/?api=1&query=%22AJONCS+D+OR+ST-NOLFF%22+tennis+de+table+France,47.703292,-2.652379
AL  EYSINES,France,https://www.google.com/maps/search/?api=1&query=%22AL++EYSINES%22+tennis+de+table+France,44.883536,-0.651650
AL BOEN,France,https://www.google.com/maps/search/?api=1&query=%22AL+BOEN%22+tennis+de+table+France,45.743429,4.017010
AL CHAMPEIX TT,France,https://www.google.com/maps/search/?api=1&query=%22AL+CHAMPEIX+TT%22+tennis+de+table+France,45.586742,3.122380
AL CHARREARD VENISSIEUX,France,https://www.google.com/maps/search/?api=1&query=%22AL+CHARREARD+VENISSIEUX%22+tennis+de+table+France,45.695026,4.895704
AL CONCARNEAU,France,https://www.google.com/maps/search/?api=1&query=%22AL+CONCARNEAU%22+tennis+de+table+France,47.862429,-3.902634
AL COULOUNIEIX T T,France,https://www.google.com/maps/search/?api=1&query=%22AL+COULOUNIEIX+T+T%22+tennis+de+table+France,45.178352,0.694315
AL COURS LA VILLE,France,https://www.google.com/maps/search/?api=1&query=%22AL+COURS+LA+VILLE%22+tennis+de+table+France,46.796764,1.723791
AL CROIX ROUSSE,France,https://www.google.com/maps/search/?api=1&query=%22AL+CROIX+ROUSSE%22+tennis+de+table+France,45.778976,4.837213
AL DARNETAL,France,https://www.google.com/maps/search/?api=1&query=%22AL+DARNETAL%22+tennis+de+table+France,49.440873,1.141016
AL ECHIROLLES-EYBENS TT,France,https://www.google.com/maps/search/?api=1&query=%22AL+ECHIROLLES-EYBENS+TT%22+tennis+de+table+France,45.148433,5.747704
AL FRAISSES TT,France,https://www.google.com/maps/search/?api=1&query=%22AL+FRAISSES+TT%22+tennis+de+table+France,45.391711,4.266874
AL GAVRAY,France,https://www.google.com/maps/search/?api=1&query=%22AL+GAVRAY%22+tennis+de+table+France,48.909448,-1.352016
AL GERZAT,France,https://www.google.com/maps/search/?api=1&query=%22AL+GERZAT%22+tennis+de+table+France,45.819897,3.146757
AL GRAY,France,https://www.google.com/maps/search/?api=1&query=%22AL+GRAY%22+tennis+de+table+France,111.000000,222.000000
AL GUILERS,France,https://www.google.com/maps/search/?api=1&query=%22AL+GUILERS%22+tennis+de+table+France,48.426488,-4.551490
AL IRIGNY TT,France,https://www.google.com/maps/search/?api=1&query=%22AL+IRIGNY+TT%22+tennis+de+table+France,45.671874,4.814521
AL KERNEVEL,France,https://www.google.com/maps/search/?api=1&query=%22AL+KERNEVEL%22+tennis+de+table+France,47.870751,-3.811540
AL LONS LE SAUNIER,France,https://www.google.com/maps/search/?api=1&query=%22AL+LONS+LE+SAUNIER%22+tennis+de+table+France,46.670469,5.561349
AL PLOUZANE TT,France,https://www.google.com/maps/search/?api=1&query=%22AL+PLOUZANE+TT%22+tennis+de+table+France,48.380575,-4.598656
AL PLUGUFFAN,France,https://www.google.com/maps/search/?api=1&query=%22AL+PLUGUFFAN%22+tennis+de+table+France,47.982791,-4.181149
AL TT CHARLIEU,France,https://www.google.com/maps/search/?api=1&query=%22AL+TT+CHARLIEU%22+tennis+de+table+France,46.161988,4.170850
AL VAISE SERIN,France,https://www.google.com/maps/search/?api=1&query=%22AL+VAISE+SERIN%22+tennis+de+table+France,45.777529,4.802347
AL VILLECRESNES TENNIS DE TABLE,France,https://www.google.com/maps/search/?api=1&query=%22AL+VILLECRESNES+TENNIS+DE+TABLE%22+tennis+de+table+France,47.178092,2.160656
ALA GONDOMAR,Portugal,https://www.google.com/maps/search/?api=1&query=%22ALA+GONDOMAR%22+t%C3%A9nis+de+mesa+Portugal,41.134276,-8.534048
ALBACETE,Espagne,https://www.google.com/maps/search/?api=1&query=%22ALBACETE%22+tenis+de+mesa+Espa%C3%B1a,38.995092,-1.855915
ALBERT U.S.O.A TT,France,https://www.google.com/maps/search/?api=1&query=%22ALBERT+U.S.O.A+TT%22+tennis+de+table+France,49.999335,2.661298
ALBIGNY TENNIS DE TABLE,France,https://www.google.com/maps/search/?api=1&query=%22ALBIGNY+TENNIS+DE+TABLE%22+tennis+de+table+France,45.860868,4.831711
ALC LONGVIC,France,https://www.google.com/maps/search/?api=1&query=%22ALC+LONGVIC%22+tennis+de+table+France,47.296379,5.060289
ALCATEL ATLANTIQUE,France,https://www.google.com/maps/search/?api=1&query=%22ALCATEL+ATLANTIQUE%22+tennis+de+table+France,47.302321,-1.560549
ALCL TT GRAND QUEVILLY,France,https://www.google.com/maps/search/?api=1&query=%22ALCL+TT+GRAND+QUEVILLY%22+tennis+de+table+France,49.405210,1.052620
ALCOBENDAS,Espagne,https://www.google.com/maps/search/?api=1&query=%22ALCOBENDAS%22+tenis+de+mesa+Espa%C3%B1a,40.540008,-3.635849
ALCUDIA,Espagne,https://www.google.com/maps/search/?api=1&query=%22ALCUDIA%22+tenis+de+mesa+Espa%C3%B1a,39.853247,3.121250
ALE PELOUSEY,France,https://www.google.com/maps/search/?api=1&query=%22ALE+PELOUSEY%22+tennis+de+table+France,47.273706,5.917069
ALENCON ALC,France,https://www.google.com/maps/search/?api=1&query=%22ALENCON+ALC%22+tennis+de+table+France,48.434245,0.109428
ALENCON ETOILE,France,https://www.google.com/maps/search/?api=1&query=%22ALENCON+ETOILE%22+tennis+de+table+France,48.434404,0.100071
ALES CEVENNES TENNIS DE TABLE,France,https://www.google.com/maps/search/?api=1&query=%22ALES+CEVENNES+TENNIS+DE+TABLE%22+tennis+de+table+France,44.129973,4.077700
ALFORTVILLE US,France,https://www.google.com/maps/search/?api=1&query=%22ALFORTVILLE+US%22+tennis+de+table+France,48.810631,2.414197
ALICANTE TM,Espagne,https://www.google.com/maps/search/?api=1&query=%22ALICANTE+TM%22+tenis+de+mesa+Espa%C3%B1a,37.932810,-0.727273
ALIZAY TT,France,https://www.google.com/maps/search/?api=1&query=%22ALIZAY+TT%22+tennis+de+table+France,49.319122,1.176615
ALLERY TT,France,https://www.google.com/maps/search/?api=1&query=%22ALLERY+TT%22+tennis+de+table+France,49.965972,1.904652
ALLIANCE NIMES-MONTPELLIER TT,France,https://www.google.com/maps/search/?api=1&query=%22ALLIANCE+NIMES-MONTPELLIER+TT%22+tennis+de+table+France,43.619507,3.869171
ALLIANCE SAINT CLAUDIENNE T.T.,France,https://www.google.com/maps/search/?api=1&query=%22ALLIANCE+SAINT+CLAUDIENNE+T.T.%22+tennis+de+table+France,16.017014,-61.714161
ALLIANZ ASC,France,https://www.google.com/maps/search/?api=1&query=%22ALLIANZ+ASC%22+tennis+de+table+France,48.858200,2.259786
ALLONNES VILLEBERNIER,France,https://www.google.com/maps/search/?api=1&query=%22ALLONNES+VILLEBERNIER%22+tennis+de+table+France,47.295043,0.030803
ALLOUAGNE AL,France,https://www.google.com/maps/search/?api=1&query=%22ALLOUAGNE+AL%22+tennis+de+table+France,50.527156,2.504674
ALMENDRALEJO,Espagne,https://www.google.com/maps/search/?api=1&query=%22ALMENDRALEJO%22+tenis+de+mesa+Espa%C3%B1a,38.684679,-6.406780
ALPILLES TT EYGUIERES,France,https://www.google.com/maps/search/?api=1&query=%22ALPILLES+TT+EYGUIERES%22+tennis+de+table+France,43.685891,5.029410
ALTTAN AUBIGNY/NESMY T.T. (A.L.),France,https://www.google.com/maps/search/?api=1&query=%22ALTTAN+AUBIGNY%2FNESMY+T.T.+%28A.L.%29%22+tennis+de+table+France,46.597560,-1.456431
ALUCHE,Espagne,https://www.google.com/maps/search/?api=1&query=%22ALUCHE%22+tenis+de+mesa+Espa%C3%B1a,40.392356,-3.757110
AM PONG. CHEVRIARDS,France,https://www.google.com/maps/search/?api=1&query=%22AM+PONG.+CHEVRIARDS%22+tennis+de+table+France,48.727090,2.657190
AMAS PAYRAC TT,France,https://www.google.com/maps/search/?api=1&query=%22AMAS+PAYRAC+TT%22+tennis+de+table+France,44.801946,1.475410
AMBRIERES TTC,France,https://www.google.com/maps/search/?api=1&query=%22AMBRIERES+TTC%22+tennis+de+table+France,48.401661,-0.633782
AMFTT,France,https://www.google.com/maps/search/?api=1&query=%22AMFTT%22+tennis+de+table+France,49.548152,1.072961
AMIC SPORTIVE ROUTOTOISE,France,https://www.google.com/maps/search/?api=1&query=%22AMIC+SPORTIVE+ROUTOTOISE%22+tennis+de+table+France,49.379221,0.728802
AMICALE BOISSEENNE DE TT,France,https://www.google.com/maps/search/?api=1&query=%22AMICALE+BOISSEENNE+DE+TT%22+tennis+de+table+France,48.751483,2.518344
AMICALE CH.BLOIS,France,https://www.google.com/maps/search/?api=1&query=%22AMICALE+CH.BLOIS%22+tennis+de+table+France,47.576584,1.308234
AMICALE EPERNON,France,https://www.google.com/maps/search/?api=1&query=%22AMICALE+EPERNON%22+tennis+de+table+France,48.602602,1.673858
AMICALE PONG PACY MENILLES,France,https://www.google.com/maps/search/?api=1&query=%22AMICALE+PONG+PACY+MENILLES%22+tennis+de+table+France,49.017570,1.384654
AMICALE PONGISTE BOUCLANS,France,https://www.google.com/maps/search/?api=1&query=%22AMICALE+PONGISTE+BOUCLANS%22+tennis+de+table+France,47.246130,6.229008
AMICALE PONGISTE D ANDREST,France,https://www.google.com/maps/search/?api=1&query=%22AMICALE+PONGISTE+D+ANDREST%22+tennis+de+table+France,43.316256,0.063847
Amicale Pongiste de Ouistreham,France,https://www.google.com/maps/search/?api=1&query=%22Amicale+Pongiste+de+Ouistreham%22+tennis+de+table+France,49.282833,-0.253803
Amicale Pongiste Ennezat,France,https://www.google.com/maps/search/?api=1&query=%22Amicale+Pongiste+Ennezat%22+tennis+de+table+France,45.898998,3.225408
AMICALE PONGISTE OZOIR,France,https://www.google.com/maps/search/?api=1&query=%22AMICALE+PONGISTE+OZOIR%22+tennis+de+table+France,48.760987,2.692681
AMICALE PONGISTE WOLXHEIM,France,https://www.google.com/maps/search/?api=1&query=%22AMICALE+PONGISTE+WOLXHEIM%22+tennis+de+table+France,48.759108,2.692720
AMIENS LL,France,https://www.google.com/maps/search/?api=1&query=%22AMIENS+LL%22+tennis+de+table+France,49.890705,2.265675
AMIENS STT,France,https://www.google.com/maps/search/?api=1&query=%22AMIENS+STT%22+tennis+de+table+France,49.880121,2.290847
AMIS PONGISTES CRECY LA CHAPELLE,France,https://www.google.com/maps/search/?api=1&query=%22AMIS+PONGISTES+CRECY+LA+CHAPELLE%22+tennis+de+table+France,48.858565,2.921121
AMITIE LINGOLSHEIM,France,https://www.google.com/maps/search/?api=1&query=%22AMITIE+LINGOLSHEIM%22+tennis+de+table+France,48.555951,7.681794
AML CHAMPLITTE,France,https://www.google.com/maps/search/?api=1&query=%22AML+CHAMPLITTE%22+tennis+de+table+France,47.616999,5.511418
AMNEVILLE Tennis de Table,France,https://www.google.com/maps/search/?api=1&query=%22AMNEVILLE+Tennis+de+Table%22+tennis+de+table+France,49.254715,6.140158
AMO.MER TT.,France,https://www.google.com/maps/search/?api=1&query=%22AMO.MER+TT.%22+tennis+de+table+France,47.698299,1.498832
AMPLEPUIS TTC,France,https://www.google.com/maps/search/?api=1&query=%22AMPLEPUIS+TTC%22+tennis+de+table+France,45.971991,4.335041
AMS PONGISTE SAINTE MARGUERITE,France,https://www.google.com/maps/search/?api=1&query=%22AMS+PONGISTE+SAINTE+MARGUERITE%22+tennis+de+table+France,49.511570,0.844297
AMTT MEZE,France,https://www.google.com/maps/search/?api=1&query=%22AMTT+MEZE%22+tennis+de+table+France,43.421791,3.602303
ANCENIS ST GEREON TT,France,https://www.google.com/maps/search/?api=1&query=%22ANCENIS+ST+GEREON+TT%22+tennis+de+table+France,47.368246,-1.184430
ANCERVILLE M.J.C.,France,https://www.google.com/maps/search/?api=1&query=%22ANCERVILLE+M.J.C.%22+tennis+de+table+France,48.636845,5.026125
ANDARD BRAIN Entente Sp.,France,https://www.google.com/maps/search/?api=1&query=%22ANDARD+BRAIN+Entente+Sp.%22+tennis+de+table+France,47.453555,-0.408509
ANDEVILLE PPC,France,https://www.google.com/maps/search/?api=1&query=%22ANDEVILLE+PPC%22+tennis+de+table+France,49.258738,2.165348
ANDOLSHEIM Tennis de Table,France,https://www.google.com/maps/search/?api=1&query=%22ANDOLSHEIM+Tennis+de+Table%22+tennis+de+table+France,48.064647,7.417671
ANDRESY-MAURECOURT TT,France,https://www.google.com/maps/search/?api=1&query=%22ANDRESY-MAURECOURT+TT%22+tennis+de+table+France,48.975047,2.044235
ANDREZE-BEAUPREAU TT,France,https://www.google.com/maps/search/?api=1&query=%22ANDREZE-BEAUPREAU+TT%22+tennis+de+table+France,47.168500,-0.952004
ANGERS ST LEONARD,France,https://www.google.com/maps/search/?api=1&query=%22ANGERS+ST+LEONARD%22+tennis+de+table+France,47.462543,-0.526099
ANGERVILLE PUSSAY TENNIS TABLE ,France,https://www.google.com/maps/search/?api=1&query=%22ANGERVILLE+PUSSAY+TENNIS+TABLE+%22+tennis+de+table+France,48.350571,1.995334
ANGLES PPC,France,https://www.google.com/maps/search/?api=1&query=%22ANGLES+PPC%22+tennis+de+table+France,46.406863,-1.395451
Angouleme  TTGF,France,https://www.google.com/maps/search/?api=1&query=%22Angouleme++TTGF%22+tennis+de+table+France,45.633589,0.149727
Angoulins TT,France,https://www.google.com/maps/search/?api=1&query=%22Angoulins+TT%22+tennis+de+table+France,46.103589,-1.113684
ANGY-BURY TT,France,https://www.google.com/maps/search/?api=1&query=%22ANGY-BURY+TT%22+tennis+de+table+France,49.330755,2.326387
ANIANE TENNIS DE TABLE,France,https://www.google.com/maps/search/?api=1&query=%22ANIANE+TENNIS+DE+TABLE%22+tennis+de+table+France,43.685767,3.585675
ANICHE TT,France,https://www.google.com/maps/search/?api=1&query=%22ANICHE+TT%22+tennis+de+table+France,50.330917,3.250989
ANILLE BRAYE ABTT,France,https://www.google.com/maps/search/?api=1&query=%22ANILLE+BRAYE+ABTT%22+tennis+de+table+France,,
ANNECY LE VIEUX - SILLINGY TT,France,https://www.google.com/maps/search/?api=1&query=%22ANNECY+LE+VIEUX+-+SILLINGY+TT%22+tennis+de+table+France,45.944623,6.059808
ANNECY TENNIS DE TABLE,France,https://www.google.com/maps/search/?api=1&query=%22ANNECY+TENNIS+DE+TABLE%22+tennis+de+table+France,45.908389,6.129702
ANNEQUIN  TT,France,https://www.google.com/maps/search/?api=1&query=%22ANNEQUIN++TT%22+tennis+de+table+France,50.508623,2.727305
ANNOEULLIN TT,France,https://www.google.com/maps/search/?api=1&query=%22ANNOEULLIN+TT%22+tennis+de+table+France,50.519503,2.935082
ANOR PPC,France,https://www.google.com/maps/search/?api=1&query=%22ANOR+PPC%22+tennis+de+table+France,49.991258,4.101719
ANOULD Cercle Pongiste,France,https://www.google.com/maps/search/?api=1&query=%22ANOULD+Cercle+Pongiste%22+tennis+de+table+France,48.185615,6.947562
ANSAUVILLERS TT,France,https://www.google.com/maps/search/?api=1&query=%22ANSAUVILLERS+TT%22+tennis+de+table+France,49.563138,2.383588
ANTONIO MENDOZA,Espagne,https://www.google.com/maps/search/?api=1&query=%22ANTONIO+MENDOZA%22+tenis+de+mesa+Espa%C3%B1a,37.400134,-5.955724
ANTONY SP TENNIS DE TABLE,France,https://www.google.com/maps/search/?api=1&query=%22ANTONY+SP+TENNIS+DE+TABLE%22+tennis+de+table+France,47.178092,2.160656
ANVIN TT,France,https://www.google.com/maps/search/?api=1&query=%22ANVIN+TT%22+tennis+de+table+France,50.446616,2.252589
AO TOURRETTE LEVENS,France,https://www.google.com/maps/search/?api=1&query=%22AO+TOURRETTE+LEVENS%22+tennis+de+table+France,43.767361,7.280854
AP 17,France,https://www.google.com/maps/search/?api=1&query=%22AP+17%22+tennis+de+table+France,48.889492,2.308414
AP Severinoise,France,https://www.google.com/maps/search/?api=1&query=%22AP+Severinoise%22+tennis+de+table+France,45.312904,0.255471
AP VARENNOIS,France,https://www.google.com/maps/search/?api=1&query=%22AP+VARENNOIS%22+tennis+de+table+France,47.859910,2.655340
AP.LA CHAPELLE VENDOMOISE,France,https://www.google.com/maps/search/?api=1&query=%22AP.LA+CHAPELLE+VENDOMOISE%22+tennis+de+table+France,47.673612,1.241688
APAE MUNDAO,Portugal,https://www.google.com/maps/search/?api=1&query=%22APAE+MUNDAO%22+t%C3%A9nis+de+mesa+Portugal,40.694619,-7.866127
APSAP PARIS,France,https://www.google.com/maps/search/?api=1&query=%22APSAP+PARIS%22+tennis+de+table+France,48.831137,2.358696
AR Canidelense,Portugal,https://www.google.com/maps/search/?api=1&query=%22AR+Canidelense%22+t%C3%A9nis+de+mesa+Portugal,41.124188,-8.648524
AR CANIDELO,Portugal,https://www.google.com/maps/search/?api=1&query=%22AR+CANIDELO%22+t%C3%A9nis+de+mesa+Portugal,41.115194,-8.662933
AR NOVELENSE,Portugal,https://www.google.com/maps/search/?api=1&query=%22AR+NOVELENSE%22+t%C3%A9nis+de+mesa+Portugal,41.223997,-8.292169
ARAVIS TENNIS DE TABLE,France,https://www.google.com/maps/search/?api=1&query=%22ARAVIS+TENNIS+DE+TABLE%22+tennis+de+table+France,45.907677,6.366725
ARC SOBRÃO,Portugal,https://www.google.com/maps/search/?api=1&query=%22ARC+SOBR%C3%83O%22+t%C3%A9nis+de+mesa+Portugal,41.273037,-8.396301
ARCIS ASATT,France,https://www.google.com/maps/search/?api=1&query=%22ARCIS+ASATT%22+tennis+de+table+France,48.536037,4.142685
ARCONNAY TT,France,https://www.google.com/maps/search/?api=1&query=%22ARCONNAY+TT%22+tennis+de+table+France,48.400886,0.085838
ARCUEIL ELAN,France,https://www.google.com/maps/search/?api=1&query=%22ARCUEIL+ELAN%22+tennis+de+table+France,48.805086,2.335761
Argantel Club PLERIN,France,https://www.google.com/maps/search/?api=1&query=%22Argantel+Club+PLERIN%22+tennis+de+table+France,48.540278,-2.776124
ARGELES TENNIS DE TABLE,France,https://www.google.com/maps/search/?api=1&query=%22ARGELES+TENNIS+DE+TABLE%22+tennis+de+table+France,42.567691,3.002945
ARGENTAN BAYARD,France,https://www.google.com/maps/search/?api=1&query=%22ARGENTAN+BAYARD%22+tennis+de+table+France,48.743309,-0.012461
ARGENTAN OL,France,https://www.google.com/maps/search/?api=1&query=%22ARGENTAN+OL%22+tennis+de+table+France,48.738685,-0.024776
ARGENTEUIL TT,France,https://www.google.com/maps/search/?api=1&query=%22ARGENTEUIL+TT%22+tennis+de+table+France,48.939460,2.210855
ARGOET STT ELVEN-MONTERBLANC,France,https://www.google.com/maps/search/?api=1&query=%22ARGOET+STT+ELVEN-MONTERBLANC%22+tennis+de+table+France,47.738187,-2.580532
ARLEUX EN GOHELLE ASDL,France,https://www.google.com/maps/search/?api=1&query=%22ARLEUX+EN+GOHELLE+ASDL%22+tennis+de+table+France,50.361487,2.874120
ARMENTIERES  FJEP,France,https://www.google.com/maps/search/?api=1&query=%22ARMENTIERES++FJEP%22+tennis+de+table+France,50.695188,2.895277
ARMOR PING PLOUFRAGAN,France,https://www.google.com/maps/search/?api=1&query=%22ARMOR+PING+PLOUFRAGAN%22+tennis+de+table+France,48.482857,-2.809983
ARMORICAINE DE PEAULE TT,France,https://www.google.com/maps/search/?api=1&query=%22ARMORICAINE+DE+PEAULE+TT%22+tennis+de+table+France,47.580797,-2.352788
ARNAGE US,France,https://www.google.com/maps/search/?api=1&query=%22ARNAGE+US%22+tennis+de+table+France,47.933765,0.185454
ARON Sports Loisirs,France,https://www.google.com/maps/search/?api=1&query=%22ARON+Sports+Loisirs%22+tennis+de+table+France,,
ARPAJON ESR,France,https://www.google.com/maps/search/?api=1&query=%22ARPAJON+ESR%22+tennis+de+table+France,48.589685,2.243414
ARQUES ES,France,https://www.google.com/maps/search/?api=1&query=%22ARQUES+ES%22+tennis+de+table+France,50.738681,2.299709
ARRAS TENNIS DE TABLE,France,https://www.google.com/maps/search/?api=1&query=%22ARRAS+TENNIS+DE+TABLE%22+tennis+de+table+France,50.284602,2.788542
ARTEAL TM,Espagne,https://www.google.com/maps/search/?api=1&query=%22ARTEAL+TM%22+tenis+de+mesa+Espa%C3%B1a,42.876053,-8.530610
ARTHON TENNIS DE TABLE,France,https://www.google.com/maps/search/?api=1&query=%22ARTHON+TENNIS+DE+TABLE%22+tennis+de+table+France,46.693771,1.705905
AS AMBARES,France,https://www.google.com/maps/search/?api=1&query=%22AS+AMBARES%22+tennis+de+table+France,44.929231,-0.482378
AS AVOUDREY T T,France,https://www.google.com/maps/search/?api=1&query=%22AS+AVOUDREY+T+T%22+tennis+de+table+France,47.138444,6.434575
AS BANQUE DE FRANCE,France,https://www.google.com/maps/search/?api=1&query=%22AS+BANQUE+DE+FRANCE%22+tennis+de+table+France,48.862775,2.332238
AS BLEUETS LABATUTOIS TT,France,https://www.google.com/maps/search/?api=1&query=%22AS+BLEUETS+LABATUTOIS+TT%22+tennis+de+table+France,43.550813,-0.982248
AS BOSC ROGER EN ROUMOIS,France,https://www.google.com/maps/search/?api=1&query=%22AS+BOSC+ROGER+EN+ROUMOIS%22+tennis+de+table+France,49.292693,0.928336
AS BOURSAY Tennis de Table,France,https://www.google.com/maps/search/?api=1&query=%22AS+BOURSAY+Tennis+de+Table%22+tennis+de+table+France,48.017582,0.968837
AS BRESSANE TT,France,https://www.google.com/maps/search/?api=1&query=%22AS+BRESSANE+TT%22+tennis+de+table+France,46.204346,5.208757
AS CALUIRE ET CUIRE,France,https://www.google.com/maps/search/?api=1&query=%22AS+CALUIRE+ET+CUIRE%22+tennis+de+table+France,45.803196,4.869935
AS CORBEIL-ESSONNES TT,France,https://www.google.com/maps/search/?api=1&query=%22AS+CORBEIL-ESSONNES+TT%22+tennis+de+table+France,48.595784,2.460606
AS CROSSEY Tennis de Table,France,https://www.google.com/maps/search/?api=1&query=%22AS+CROSSEY+Tennis+de+Table%22+tennis+de+table+France,45.379926,5.640117
AS DOMATS SENS TT,France,https://www.google.com/maps/search/?api=1&query=%22AS+DOMATS+SENS+TT%22+tennis+de+table+France,48.174291,3.094102
AS ENT SP ET LOISIRS GEVRY,France,https://www.google.com/maps/search/?api=1&query=%22AS+ENT+SP+ET+LOISIRS+GEVRY%22+tennis+de+table+France,47.040512,5.446929
AS ESCRAGNOLLES,France,https://www.google.com/maps/search/?api=1&query=%22AS+ESCRAGNOLLES%22+tennis+de+table+France,,
AS FFTT,France,https://www.google.com/maps/search/?api=1&query=%22AS+FFTT%22+tennis+de+table+France,48.825749,2.362043
AS FONTAINE,France,https://www.google.com/maps/search/?api=1&query=%22AS+FONTAINE%22+tennis+de+table+France,45.185361,5.690252
AS GALLARGUOISE TENNIS DE TABLE,France,https://www.google.com/maps/search/?api=1&query=%22AS+GALLARGUOISE+TENNIS+DE+TABLE%22+tennis+de+table+France,43.717242,4.175577
AS GAZELEC AUXERRE,France,https://www.google.com/maps/search/?api=1&query=%22AS+GAZELEC+AUXERRE%22+tennis+de+table+France,47.812507,3.576157
AS GEAUNE TT,France,https://www.google.com/maps/search/?api=1&query=%22AS+GEAUNE+TT%22+tennis+de+table+France,43.637076,-0.381170
AS GMF,France,https://www.google.com/maps/search/?api=1&query=%22AS+GMF%22+tennis+de+table+France,47.950202,1.892619
AS GREZIEU TT,France,https://www.google.com/maps/search/?api=1&query=%22AS+GREZIEU+TT%22+tennis+de+table+France,45.748161,4.676423
AS HAYE MALHERBE TT,France,https://www.google.com/maps/search/?api=1&query=%22AS+HAYE+MALHERBE+TT%22+tennis+de+table+France,49.223159,1.064986
AS HONGUEMARE-LE LANDIN,France,https://www.google.com/maps/search/?api=1&query=%22AS+HONGUEMARE-LE+LANDIN%22+tennis+de+table+France,49.379221,0.728802
AS HOSSEGOR T.T,France,https://www.google.com/maps/search/?api=1&query=%22AS+HOSSEGOR+T.T%22+tennis+de+table+France,43.669640,-1.384774
AS ITTEVILLE TENNIS DE TABLE,France,https://www.google.com/maps/search/?api=1&query=%22AS+ITTEVILLE+TENNIS+DE+TABLE%22+tennis+de+table+France,48.524855,2.351849
AS LA VALLA EN GIER,France,https://www.google.com/maps/search/?api=1&query=%22AS+LA+VALLA+EN+GIER%22+tennis+de+table+France,45.414295,4.516930
AS LE BROC TT,France,https://www.google.com/maps/search/?api=1&query=%22AS+LE+BROC+TT%22+tennis+de+table+France,43.813696,7.165430
AS LIBOURNE,France,https://www.google.com/maps/search/?api=1&query=%22AS+LIBOURNE%22+tennis+de+table+France,44.949460,-0.242345
AS MARCY CHARBONNIERES,France,https://www.google.com/maps/search/?api=1&query=%22AS+MARCY+CHARBONNIERES%22+tennis+de+table+France,45.779795,4.740588
AS MAUREPAS TT,France,https://www.google.com/maps/search/?api=1&query=%22AS+MAUREPAS+TT%22+tennis+de+table+France,48.762815,1.934445
AS MIRAMAS,France,https://www.google.com/maps/search/?api=1&query=%22AS+MIRAMAS%22+tennis+de+table+France,43.591231,5.002168
AS MONTECH TT,France,https://www.google.com/maps/search/?api=1&query=%22AS+MONTECH+TT%22+tennis+de+table+France,43.961524,1.248641
AS MORNANT TT,France,https://www.google.com/maps/search/?api=1&query=%22AS+MORNANT+TT%22+tennis+de+table+France,45.605860,4.678986
AS Motteville Tennis de Table,France,https://www.google.com/maps/search/?api=1&query=%22AS+Motteville+Tennis+de+Table%22+tennis+de+table+France,49.637174,0.849768
AS MOUCHARD TENNIS DE TABLE,France,https://www.google.com/maps/search/?api=1&query=%22AS+MOUCHARD+TENNIS+DE+TABLE%22+tennis+de+table+France,46.969287,5.794735
AS NANDY TT,France,https://www.google.com/maps/search/?api=1&query=%22AS+NANDY+TT%22+tennis+de+table+France,48.582808,2.561013
AS ORIVAL,France,https://www.google.com/maps/search/?api=1&query=%22AS+ORIVAL%22+tennis+de+table+France,49.313760,0.994860
AS POMEYS TT,France,https://www.google.com/maps/search/?api=1&query=%22AS+POMEYS+TT%22+tennis+de+table+France,45.647037,4.445450
AS PONGISTES 8eme,France,https://www.google.com/maps/search/?api=1&query=%22AS+PONGISTES+8eme%22+tennis+de+table+France,48.868212,2.311591
AS POUILLY LES NONAINS TT,France,https://www.google.com/maps/search/?api=1&query=%22AS+POUILLY+LES+NONAINS+TT%22+tennis+de+table+France,46.033114,3.982959
AS RUSSE,France,https://www.google.com/maps/search/?api=1&query=%22AS+RUSSE%22+tennis+de+table+France,48.861199,2.262360
AS SAFFRÉ PIERRE BLEUE TT,France,https://www.google.com/maps/search/?api=1&query=%22AS+SAFFR%C3%89+PIERRE+BLEUE+TT%22+tennis+de+table+France,47.502034,-1.579792
AS SPORT. CORMELLES TENNIS TABLE,France,https://www.google.com/maps/search/?api=1&query=%22AS+SPORT.+CORMELLES+TENNIS+TABLE%22+tennis+de+table+France,49.161898,-0.334994
AS ST VINCENT-BRAGNY,France,https://www.google.com/maps/search/?api=1&query=%22AS+ST+VINCENT-BRAGNY%22+tennis+de+table+France,46.432224,4.269454
AS STE LYON BANQUE,France,https://www.google.com/maps/search/?api=1&query=%22AS+STE+LYON+BANQUE%22+tennis+de+table+France,45.721753,4.826686
AS TENNIS DE TABLE LYON 6eme,France,https://www.google.com/maps/search/?api=1&query=%22AS+TENNIS+DE+TABLE+LYON+6eme%22+tennis+de+table+France,45.770636,4.847943
AS TT BREAL,France,https://www.google.com/maps/search/?api=1&query=%22AS+TT+BREAL%22+tennis+de+table+France,48.051357,-1.867686
AS VALENTIGNEY TENNIS DE TABLE,France,https://www.google.com/maps/search/?api=1&query=%22AS+VALENTIGNEY+TENNIS+DE+TABLE%22+tennis+de+table+France,47.461613,6.823894
AS VARZY,France,https://www.google.com/maps/search/?api=1&query=%22AS+VARZY%22+tennis+de+table+France,47.355676,3.385956
AS VAUDREUIL TENNIS TABLE,France,https://www.google.com/maps/search/?api=1&query=%22AS+VAUDREUIL+TENNIS+TABLE%22+tennis+de+table+France,49.259587,1.206014
AS VENCE T.T.,France,https://www.google.com/maps/search/?api=1&query=%22AS+VENCE+T.T.%22+tennis+de+table+France,43.722699,7.082355
AS VILLENEUVE-LA-GUYARD,France,https://www.google.com/maps/search/?api=1&query=%22AS+VILLENEUVE-LA-GUYARD%22+tennis+de+table+France,48.340360,3.068288
AS VILLEREST TENNIS DE TABLE,France,https://www.google.com/maps/search/?api=1&query=%22AS+VILLEREST+TENNIS+DE+TABLE%22+tennis+de+table+France,46.010746,4.042280
AS WISSOUS TT,France,https://www.google.com/maps/search/?api=1&query=%22AS+WISSOUS+TT%22+tennis+de+table+France,48.732916,2.332904
AS. TENNIS DE TABLE PIERREVERT,France,https://www.google.com/maps/search/?api=1&query=%22AS.+TENNIS+DE+TABLE+PIERREVERT%22+tennis+de+table+France,43.810856,5.749514
AS.CHAILLES TT.,France,https://www.google.com/maps/search/?api=1&query=%22AS.CHAILLES+TT.%22+tennis+de+table+France,47.529531,1.312482
AS.Sarreguemines Tennis de Table,France,https://www.google.com/maps/search/?api=1&query=%22AS.Sarreguemines+Tennis+de+Table%22+tennis+de+table+France,49.109564,7.051593
ASA PING VELAUX,France,https://www.google.com/maps/search/?api=1&query=%22ASA+PING+VELAUX%22+tennis+de+table+France,43.534992,5.244827
ASA VAUZELLES,France,https://www.google.com/maps/search/?api=1&query=%22ASA+VAUZELLES%22+tennis+de+table+France,47.012730,3.136205
ASAGTT HAIE FOUASSIERE (LA),France,https://www.google.com/maps/search/?api=1&query=%22ASAGTT+HAIE+FOUASSIERE+%28LA%29%22+tennis+de+table+France,47.164745,-1.419057
ASAND MARSEILLE,France,https://www.google.com/maps/search/?api=1&query=%22ASAND+MARSEILLE%22+tennis+de+table+France,43.339105,5.428047
ASBR,France,https://www.google.com/maps/search/?api=1&query=%22ASBR%22+tennis+de+table+France,47.190803,-1.553193
ASC 33 TT,France,https://www.google.com/maps/search/?api=1&query=%22ASC+33+TT%22+tennis+de+table+France,44.837765,-0.682703
ASC AMBERIEU T.T.,France,https://www.google.com/maps/search/?api=1&query=%22ASC+AMBERIEU+T.T.%22+tennis+de+table+France,45.955201,5.336385
ASC BNP PARIBAS,France,https://www.google.com/maps/search/?api=1&query=%22ASC+BNP+PARIBAS%22+tennis+de+table+France,48.874264,2.337714
ASC BONSECOURS,France,https://www.google.com/maps/search/?api=1&query=%22ASC+BONSECOURS%22+tennis+de+table+France,49.427241,1.129956
ASC DES AUXONS TT,France,https://www.google.com/maps/search/?api=1&query=%22ASC+DES+AUXONS+TT%22+tennis+de+table+France,47.304472,5.946517
ASC DU CANTON DE LOUDES,France,https://www.google.com/maps/search/?api=1&query=%22ASC+DU+CANTON+DE+LOUDES%22+tennis+de+table+France,45.089539,3.751018
ASC DU TERTRE,France,https://www.google.com/maps/search/?api=1&query=%22ASC+DU+TERTRE%22+tennis+de+table+France,48.677318,-1.024454
ASC FRENEUSE,France,https://www.google.com/maps/search/?api=1&query=%22ASC+FRENEUSE%22+tennis+de+table+France,49.309952,1.077947
ASC Grünwettersbach,Allemagne,https://www.google.com/maps/search/?api=1&query=%22ASC+Gr%C3%BCnwettersbach%22+Tischtennis+Deutschland,48.953044,8.478041
ASC GUICLAN TT,France,https://www.google.com/maps/search/?api=1&query=%22ASC+GUICLAN+TT%22+tennis+de+table+France,48.554122,-3.977051
ASC LANBERNAC,France,https://www.google.com/maps/search/?api=1&query=%22ASC+LANBERNAC%22+tennis+de+table+France,43.481642,5.172736
ASC LAVERNAY,France,https://www.google.com/maps/search/?api=1&query=%22ASC+LAVERNAY%22+tennis+de+table+France,47.246814,5.818390
ASC LONGCHAUMOIS,France,https://www.google.com/maps/search/?api=1&query=%22ASC+LONGCHAUMOIS%22+tennis+de+table+France,46.462236,5.934006
ASC MATHAY,France,https://www.google.com/maps/search/?api=1&query=%22ASC+MATHAY%22+tennis+de+table+France,47.436989,6.786695
ASC SAINT APOLLINAIRE,France,https://www.google.com/maps/search/?api=1&query=%22ASC+SAINT+APOLLINAIRE%22+tennis+de+table+France,47.331487,5.091451
ASC SAINT GERMAIN TT ,France,https://www.google.com/maps/search/?api=1&query=%22ASC+SAINT+GERMAIN+TT+%22+tennis+de+table+France,46.204356,3.442014
ASC TOUSSAINT TT,France,https://www.google.com/maps/search/?api=1&query=%22ASC+TOUSSAINT+TT%22+tennis+de+table+France,49.738970,0.425493
ASC VILLAGES REUNIS,France,https://www.google.com/maps/search/?api=1&query=%22ASC+VILLAGES+REUNIS%22+tennis+de+table+France,49.523599,1.248552
ASCAP SOCHAUX TT,France,https://www.google.com/maps/search/?api=1&query=%22ASCAP+SOCHAUX+TT%22+tennis+de+table+France,47.498672,6.792018
ASCE Tennis de Table Murois,France,https://www.google.com/maps/search/?api=1&query=%22ASCE+Tennis+de+Table+Murois%22+tennis+de+table+France,45.688653,5.036553
ASCEE,France,https://www.google.com/maps/search/?api=1&query=%22ASCEE%22+tennis+de+table+France,47.184431,-1.591461
ASFT TT FONTENAY TRESIGNY,France,https://www.google.com/maps/search/?api=1&query=%22ASFT+TT+FONTENAY+TRESIGNY%22+tennis+de+table+France,48.703113,2.879986
ASI ILLACAISE,France,https://www.google.com/maps/search/?api=1&query=%22ASI+ILLACAISE%22+tennis+de+table+France,44.794802,-0.775699
ASJ LA CHAUSSEE-ST-VICTOR,France,https://www.google.com/maps/search/?api=1&query=%22ASJ+LA+CHAUSSEE-ST-VICTOR%22+tennis+de+table+France,47.344200,1.213600
ASL BERNEVAL,France,https://www.google.com/maps/search/?api=1&query=%22ASL+BERNEVAL%22+tennis+de+table+France,49.961173,1.187759
ASL CHATENOY LE ROYAL TT,France,https://www.google.com/maps/search/?api=1&query=%22ASL+CHATENOY+LE+ROYAL+TT%22+tennis+de+table+France,46.791736,4.825446
ASL CHUO TT,France,https://www.google.com/maps/search/?api=1&query=%22ASL+CHUO+TT%22+tennis+de+table+France,47.831158,1.966730
ASL LA ROBERTSAU STRASBOURG,France,https://www.google.com/maps/search/?api=1&query=%22ASL+LA+ROBERTSAU+STRASBOURG%22+tennis+de+table+France,48.617879,7.789432
ASLO TT  TOURVILLE VERSON,France,https://www.google.com/maps/search/?api=1&query=%22ASLO+TT++TOURVILLE+VERSON%22+tennis+de+table+France,49.140177,-0.501281
ASLTT VAR ARGENS,France,https://www.google.com/maps/search/?api=1&query=%22ASLTT+VAR+ARGENS%22+tennis+de+table+France,43.456334,6.683368
ASM AMFREVILLE TT,France,https://www.google.com/maps/search/?api=1&query=%22ASM+AMFREVILLE+TT%22+tennis+de+table+France,49.410901,1.120172
ASM BELFORT TENNIS DE TABLE,France,https://www.google.com/maps/search/?api=1&query=%22ASM+BELFORT+TENNIS+DE+TABLE%22+tennis+de+table+France,47.600000,7.532000
ASN INSA CVL,France,https://www.google.com/maps/search/?api=1&query=%22ASN+INSA+CVL%22+tennis+de+table+France,47.104932,2.483616
ASNANS BEAUVOISIN TT,France,https://www.google.com/maps/search/?api=1&query=%22ASNANS+BEAUVOISIN+TT%22+tennis+de+table+France,46.949878,5.412021
ASNIERES TT,France,https://www.google.com/maps/search/?api=1&query=%22ASNIERES+TT%22+tennis+de+table+France,49.194990,0.397230
ASORTF,France,https://www.google.com/maps/search/?api=1&query=%22ASORTF%22+tennis+de+table+France,48.862475,2.258052
ASP SAVIGNY,France,https://www.google.com/maps/search/?api=1&query=%22ASP+SAVIGNY%22+tennis+de+table+France,48.604364,2.575285
ASPO BRIVE,France,https://www.google.com/maps/search/?api=1&query=%22ASPO+BRIVE%22+tennis+de+table+France,45.145836,1.499796
ASPTT  MONTLUCON,France,https://www.google.com/maps/search/?api=1&query=%22ASPTT++MONTLUCON%22+tennis+de+table+France,46.354297,2.604237
ASPTT ALBI tennis de table,France,https://www.google.com/maps/search/?api=1&query=%22ASPTT+ALBI+tennis+de+table%22+tennis+de+table+France,43.933443,2.171660
ASPTT BAR LE DUC Meuse GS TT,France,https://www.google.com/maps/search/?api=1&query=%22ASPTT+BAR+LE+DUC+Meuse+GS+TT%22+tennis+de+table+France,48.765321,5.187122
ASPTT BREST,France,https://www.google.com/maps/search/?api=1&query=%22ASPTT+BREST%22+tennis+de+table+France,48.375175,-4.542810
ASPTT CARPENTRAS COVE,France,https://www.google.com/maps/search/?api=1&query=%22ASPTT+CARPENTRAS+COVE%22+tennis+de+table+France,44.049594,5.049741
ASPTT DE TULLE,France,https://www.google.com/maps/search/?api=1&query=%22ASPTT+DE+TULLE%22+tennis+de+table+France,45.260159,1.754744
ASPTT DOLE FOUCHERANS,France,https://www.google.com/maps/search/?api=1&query=%22ASPTT+DOLE+FOUCHERANS%22+tennis+de+table+France,47.083261,5.493366
ASPTT GRAND PARIS,France,https://www.google.com/maps/search/?api=1&query=%22ASPTT+GRAND+PARIS%22+tennis+de+table+France,48.842447,2.389585
ASPTT MARSEILLE,France,https://www.google.com/maps/search/?api=1&query=%22ASPTT+MARSEILLE%22+tennis+de+table+France,43.314686,5.375525
ASPTT MARTINIQUE,France,https://www.google.com/maps/search/?api=1&query=%22ASPTT+MARTINIQUE%22+tennis+de+table+France,14.599987,-61.045521
ASPTT MAYOTTE MTSANGAMOUJI,France,https://www.google.com/maps/search/?api=1&query=%22ASPTT+MAYOTTE+MTSANGAMOUJI%22+tennis+de+table+France,,
ASPTT ROMANS,France,https://www.google.com/maps/search/?api=1&query=%22ASPTT+ROMANS%22+tennis+de+table+France,45.054440,5.064948
ASPTT SETE TENNIS DE TABLE,France,https://www.google.com/maps/search/?api=1&query=%22ASPTT+SETE+TENNIS+DE+TABLE%22+tennis+de+table+France,43.409033,3.691554
ASPTT TOULOUSE T.T.,France,https://www.google.com/maps/search/?api=1&query=%22ASPTT+TOULOUSE+T.T.%22+tennis+de+table+France,48.017752,0.168601
ASS. VARENGEVILLAISE S.R.,France,https://www.google.com/maps/search/?api=1&query=%22ASS.+VARENGEVILLAISE+S.R.%22+tennis+de+table+France,49.489105,0.887429
ASS.TT AMBRAULT,France,https://www.google.com/maps/search/?api=1&query=%22ASS.TT+AMBRAULT%22+tennis+de+table+France,46.785661,1.961734
ASSE LE BOISNE TT,France,https://www.google.com/maps/search/?api=1&query=%22ASSE+LE+BOISNE+TT%22+tennis+de+table+France,48.324545,-0.004299
ASSEVENT PPC,France,https://www.google.com/maps/search/?api=1&query=%22ASSEVENT+PPC%22+tennis+de+table+France,50.288322,4.018455
ASSO OMNISP THUIT SIGNOL,France,https://www.google.com/maps/search/?api=1&query=%22ASSO+OMNISP+THUIT+SIGNOL%22+tennis+de+table+France,49.252160,0.959506
Asso Sportive Environ culturelle,France,https://www.google.com/maps/search/?api=1&query=%22Asso+Sportive+Environ+culturelle%22+tennis+de+table+France,,
Asso TT SANTEC-ROSCOFF,France,https://www.google.com/maps/search/?api=1&query=%22Asso+TT+SANTEC-ROSCOFF%22+tennis+de+table+France,48.717567,-3.986690
ASSOC DU TT AUBENAS-VALS,France,https://www.google.com/maps/search/?api=1&query=%22ASSOC+DU+TT+AUBENAS-VALS%22+tennis+de+table+France,44.615162,4.380865
Assoc. des Loisirs de Guiseniers,France,https://www.google.com/maps/search/?api=1&query=%22Assoc.+des+Loisirs+de+Guiseniers%22+tennis+de+table+France,49.213688,1.479080
Assoc. Patronage Sainte Melanie,France,https://www.google.com/maps/search/?api=1&query=%22Assoc.+Patronage+Sainte+Melanie%22+tennis+de+table+France,48.831658,2.360693
ASSOC. PONGISTE VUACHE,France,https://www.google.com/maps/search/?api=1&query=%22ASSOC.+PONGISTE+VUACHE%22+tennis+de+table+France,46.105046,5.958032
ASSOC. SPORTIVE FONTENAISIENNE,France,https://www.google.com/maps/search/?api=1&query=%22ASSOC.+SPORTIVE+FONTENAISIENNE%22+tennis+de+table+France,48.790082,2.274627
ASSOC. TENNIS DE TABLE DU HAVRE,France,https://www.google.com/maps/search/?api=1&query=%22ASSOC.+TENNIS+DE+TABLE+DU+HAVRE%22+tennis+de+table+France,49.519500,0.108129
ASSOC.TENNIS DE TABLE PARIS XVe,France,https://www.google.com/maps/search/?api=1&query=%22ASSOC.TENNIS+DE+TABLE+PARIS+XVe%22+tennis+de+table+France,48.839722,2.296244
ASSOCIATION LES BELLEDONNES,France,https://www.google.com/maps/search/?api=1&query=%22ASSOCIATION+LES+BELLEDONNES%22+tennis+de+table+France,45.551319,5.968130
ASSOCIATION LIN NAM,France,https://www.google.com/maps/search/?api=1&query=%22ASSOCIATION+LIN+NAM%22+tennis+de+table+France,48.873329,2.318279
ASSOCIATION MARIGNANE TT,France,https://www.google.com/maps/search/?api=1&query=%22ASSOCIATION+MARIGNANE+TT%22+tennis+de+table+France,43.408975,5.206128
Association Multisports SMASH,France,https://www.google.com/maps/search/?api=1&query=%22Association+Multisports+SMASH%22+tennis+de+table+France,46.173520,-1.140690
ASSOCIATION PONGISTE ABILLY,France,https://www.google.com/maps/search/?api=1&query=%22ASSOCIATION+PONGISTE+ABILLY%22+tennis+de+table+France,46.938653,0.725629
ASSOCIATION SANTENOISE DE TENNIS,France,https://www.google.com/maps/search/?api=1&query=%22ASSOCIATION+SANTENOISE+DE+TENNIS%22+tennis+de+table+France,48.729562,2.575048
Association Sportive New SFR,France,https://www.google.com/maps/search/?api=1&query=%22Association+Sportive+New+SFR%22+tennis+de+table+France,48.817543,2.265064
Association Sportive Parodienne,France,https://www.google.com/maps/search/?api=1&query=%22Association+Sportive+Parodienne%22+tennis+de+table+France,46.290719,3.363621
ASSP SAINT PHILIBERT,France,https://www.google.com/maps/search/?api=1&query=%22ASSP+SAINT+PHILIBERT%22+tennis+de+table+France,47.587618,-2.999402
ASSUP FOS SUR MER,France,https://www.google.com/maps/search/?api=1&query=%22ASSUP+FOS+SUR+MER%22+tennis+de+table+France,43.444742,4.942613
AST CLUB TM,Espagne,https://www.google.com/maps/search/?api=1&query=%22AST+CLUB+TM%22+tenis+de+mesa+Espa%C3%B1a,35.887679,-5.312770
AST LA TESTE TENNIS DE TABLE,France,https://www.google.com/maps/search/?api=1&query=%22AST+LA+TESTE+TENNIS+DE+TABLE%22+tennis+de+table+France,44.628230,-1.142540
ASTA-PING,France,https://www.google.com/maps/search/?api=1&query=%22ASTA-PING%22+tennis+de+table+France,44.061898,0.650133
ASTILLEEN Tennis de Table,France,https://www.google.com/maps/search/?api=1&query=%22ASTILLEEN+Tennis+de+Table%22+tennis+de+table+France,47.963310,-0.854265
ASTT BAILLEAU LE PIN,France,https://www.google.com/maps/search/?api=1&query=%22ASTT+BAILLEAU+LE+PIN%22+tennis+de+table+France,48.367963,1.332925
ASTT Boissy Saint Léger,France,https://www.google.com/maps/search/?api=1&query=%22ASTT+Boissy+Saint+L%C3%A9ger%22+tennis+de+table+France,48.751483,2.518344
ASTT BREZOLLES,France,https://www.google.com/maps/search/?api=1&query=%22ASTT+BREZOLLES%22+tennis+de+table+France,48.694433,1.077711
ASTT BRIE,France,https://www.google.com/maps/search/?api=1&query=%22ASTT+BRIE%22+tennis+de+table+France,48.699952,2.597825
ASTT BUCEY LES GY,France,https://www.google.com/maps/search/?api=1&query=%22ASTT+BUCEY+LES+GY%22+tennis+de+table+France,47.424174,5.838931
ASTT CHAINGY,France,https://www.google.com/maps/search/?api=1&query=%22ASTT+CHAINGY%22+tennis+de+table+France,47.883854,1.775873
ASTT CHAMPS/MARNE,France,https://www.google.com/maps/search/?api=1&query=%22ASTT+CHAMPS%2FMARNE%22+tennis+de+table+France,48.843009,2.585202
ASTT Chatellerault,France,https://www.google.com/maps/search/?api=1&query=%22ASTT+Chatellerault%22+tennis+de+table+France,46.813067,0.535754
ASTT CHEMILLE SUR DEME,France,https://www.google.com/maps/search/?api=1&query=%22ASTT+CHEMILLE+SUR+DEME%22+tennis+de+table+France,47.660437,0.647275
ASTT CRECHY,France,https://www.google.com/maps/search/?api=1&query=%22ASTT+CRECHY%22+tennis+de+table+France,46.302301,3.410667
ASTT Dange / Les Ormes,France,https://www.google.com/maps/search/?api=1&query=%22ASTT+Dange+%2F+Les+Ormes%22+tennis+de+table+France,46.932599,0.612183
ASTT de LAROQUEBROU,France,https://www.google.com/maps/search/?api=1&query=%22ASTT+de+LAROQUEBROU%22+tennis+de+table+France,44.968216,2.195286
ASTT de RACAN,France,https://www.google.com/maps/search/?api=1&query=%22ASTT+de+RACAN%22+tennis+de+table+France,47.606280,0.597410
ASTT DE SORIGNY,France,https://www.google.com/maps/search/?api=1&query=%22ASTT+DE+SORIGNY%22+tennis+de+table+France,47.244942,0.700431
ASTT DU NAIS,France,https://www.google.com/maps/search/?api=1&query=%22ASTT+DU+NAIS%22+tennis+de+table+France,47.619595,0.468320
ASTT FONTENAY LE PESNEL,France,https://www.google.com/maps/search/?api=1&query=%22ASTT+FONTENAY+LE+PESNEL%22+tennis+de+table+France,49.169523,-0.579065
ASTT LALANDE DE FRONSAC,France,https://www.google.com/maps/search/?api=1&query=%22ASTT+LALANDE+DE+FRONSAC%22+tennis+de+table+France,44.981892,-0.382316
ASTT MACAU,France,https://www.google.com/maps/search/?api=1&query=%22ASTT+MACAU%22+tennis+de+table+France,45.006681,-0.625741
ASTT MORRE / ETALANS,France,https://www.google.com/maps/search/?api=1&query=%22ASTT+MORRE+%2F+ETALANS%22+tennis+de+table+France,47.223717,6.062757
ASTT PRUNIERS,France,https://www.google.com/maps/search/?api=1&query=%22ASTT+PRUNIERS%22+tennis+de+table+France,46.473000,2.411000
ASTT PUISEUX DU GRAND ROISSY ,France,https://www.google.com/maps/search/?api=1&query=%22ASTT+PUISEUX+DU+GRAND+ROISSY+%22+tennis+de+table+France,46.655938,-0.913598
ASTT ST PERE EN RETZ,France,https://www.google.com/maps/search/?api=1&query=%22ASTT+ST+PERE+EN+RETZ%22+tennis+de+table+France,47.206644,-2.044475
ASTT TERRASSON,France,https://www.google.com/maps/search/?api=1&query=%22ASTT+TERRASSON%22+tennis+de+table+France,44.760022,-0.683149
ASTT VIENNE ST ROMAIN EN GAL,France,https://www.google.com/maps/search/?api=1&query=%22ASTT+VIENNE+ST+ROMAIN+EN+GAL%22+tennis+de+table+France,45.526988,4.878602
ASTT76,France,https://www.google.com/maps/search/?api=1&query=%22ASTT76%22+tennis+de+table+France,49.398566,1.076581
ASTTRE RIOM,France,https://www.google.com/maps/search/?api=1&query=%22ASTTRE+RIOM%22+tennis+de+table+France,45.882549,3.116471
ASUL Lyon 8 Tennis de Table,France,https://www.google.com/maps/search/?api=1&query=%22ASUL+Lyon+8+Tennis+de+Table%22+tennis+de+table+France,45.730652,4.867596
ATENEU 1.882,Espagne,https://www.google.com/maps/search/?api=1&query=%22ATENEU+1.882%22+tenis+de+mesa+Espa%C3%B1a,41.969577,2.622305
ATHIS CTT,France,https://www.google.com/maps/search/?api=1&query=%22ATHIS+CTT%22+tennis+de+table+France,48.810462,-0.495716
ATHIS MONS USO,France,https://www.google.com/maps/search/?api=1&query=%22ATHIS+MONS+USO%22+tennis+de+table+France,43.650116,5.096488
ATL SAN SEBASTIAN,Espagne,https://www.google.com/maps/search/?api=1&query=%22ATL+SAN+SEBASTIAN%22+tenis+de+mesa+Espa%C3%B1a,43.322422,-1.983889
Atlanta Blazers,USA,https://www.google.com/maps/search/?api=1&query=%22Atlanta+Blazers%22+table+tennis+USA,33.749000,-84.388000
Atlantique Tennis de Table 17,France,https://www.google.com/maps/search/?api=1&query=%22Atlantique+Tennis+de+Table+17%22+tennis+de+table+France,45.649989,-1.078223
ATM POUSADA,Portugal,https://www.google.com/maps/search/?api=1&query=%22ATM+POUSADA%22+t%C3%A9nis+de+mesa+Portugal,40.871339,-8.647808
ATSCAF CLERMONT-FD,France,https://www.google.com/maps/search/?api=1&query=%22ATSCAF+CLERMONT-FD%22+tennis+de+table+France,45.765905,3.093281
ATSCAF LOIRE ATLANTIQUE,France,https://www.google.com/maps/search/?api=1&query=%22ATSCAF+LOIRE+ATLANTIQUE%22+tennis+de+table+France,47.205302,-1.546068
ATT AULNAT,France,https://www.google.com/maps/search/?api=1&query=%22ATT+AULNAT%22+tennis+de+table+France,45.794778,3.165924
ATT DRACENIE,France,https://www.google.com/maps/search/?api=1&query=%22ATT+DRACENIE%22+tennis+de+table+France,43.528790,6.484371
ATT DU BREUIL,France,https://www.google.com/maps/search/?api=1&query=%22ATT+DU+BREUIL%22+tennis+de+table+France,46.806787,4.466302
ATT GRANDVILLARS,France,https://www.google.com/maps/search/?api=1&query=%22ATT+GRANDVILLARS%22+tennis+de+table+France,47.538905,6.962414
ATT MONTOIS,France,https://www.google.com/maps/search/?api=1&query=%22ATT+MONTOIS%22+tennis+de+table+France,48.476893,3.139934
ATT PAYS D OLMES,France,https://www.google.com/maps/search/?api=1&query=%22ATT+PAYS+D+OLMES%22+tennis+de+table+France,42.940938,1.855061
ATT POUILLY SUR LOIRE,France,https://www.google.com/maps/search/?api=1&query=%22ATT+POUILLY+SUR+LOIRE%22+tennis+de+table+France,47.281656,2.965426
ATT PUY-GUILLAUME,France,https://www.google.com/maps/search/?api=1&query=%22ATT+PUY-GUILLAUME%22+tennis+de+table+France,45.964057,3.478225
ATT QUINCY,France,https://www.google.com/maps/search/?api=1&query=%22ATT+QUINCY%22+tennis+de+table+France,48.899669,2.866733
ATT SAINT BABEL,France,https://www.google.com/maps/search/?api=1&query=%22ATT+SAINT+BABEL%22+tennis+de+table+France,45.595982,3.299349
ATTICHES ASTT,France,https://www.google.com/maps/search/?api=1&query=%22ATTICHES+ASTT%22+tennis+de+table+France,50.523513,3.058186
ATTON FR TT,France,https://www.google.com/maps/search/?api=1&query=%22ATTON+FR+TT%22+tennis+de+table+France,48.890329,6.089034
AUBAGNE TT,France,https://www.google.com/maps/search/?api=1&query=%22AUBAGNE+TT%22+tennis+de+table+France,43.306634,5.551625
AUBE/CRULAI/L'AIGLE TT,France,https://www.google.com/maps/search/?api=1&query=%22AUBE%2FCRULAI%2FL%27AIGLE+TT%22+tennis+de+table+France,48.740906,0.538858
AUBERGENVILLE CTT,France,https://www.google.com/maps/search/?api=1&query=%22AUBERGENVILLE+CTT%22+tennis+de+table+France,48.956275,1.858535
AUBERS RAQUETTE ,France,https://www.google.com/maps/search/?api=1&query=%22AUBERS+RAQUETTE+%22+tennis+de+table+France,50.594224,2.828141
AUBERVILLIERS CMTT,France,https://www.google.com/maps/search/?api=1&query=%22AUBERVILLIERS+CMTT%22+tennis+de+table+France,48.914300,2.383700
AUBIGNY EN ARTOIS SC,France,https://www.google.com/maps/search/?api=1&query=%22AUBIGNY+EN+ARTOIS+SC%22+tennis+de+table+France,50.352877,2.589759
AUBUSSON ASCF,France,https://www.google.com/maps/search/?api=1&query=%22AUBUSSON+ASCF%22+tennis+de+table+France,48.777403,-0.551843
AUBY ETT,France,https://www.google.com/maps/search/?api=1&query=%22AUBY+ETT%22+tennis+de+table+France,50.410687,3.052820
AUDONIENNE USMA TT,France,https://www.google.com/maps/search/?api=1&query=%22AUDONIENNE+USMA+TT%22+tennis+de+table+France,48.905100,2.333800
AUDUN LE ROMAN ASTT,France,https://www.google.com/maps/search/?api=1&query=%22AUDUN+LE+ROMAN+ASTT%22+tennis+de+table+France,49.365947,5.889139
AUDUN LE TICHE JSA,France,https://www.google.com/maps/search/?api=1&query=%22AUDUN+LE+TICHE+JSA%22+tennis+de+table+France,49.474483,5.940195
AULNAYSIENS AP,France,https://www.google.com/maps/search/?api=1&query=%22AULNAYSIENS+AP%22+tennis+de+table+France,48.759108,2.692720
AULNOY SPORT TENNIS DE TABLE,France,https://www.google.com/maps/search/?api=1&query=%22AULNOY+SPORT+TENNIS+DE+TABLE%22+tennis+de+table+France,50.331756,3.518849
AUNEUIL + 3P,France,https://www.google.com/maps/search/?api=1&query=%22AUNEUIL+%2B+3P%22+tennis+de+table+France,49.369529,1.996126
AURORE DE VITRE TT,France,https://www.google.com/maps/search/?api=1&query=%22AURORE+DE+VITRE+TT%22+tennis+de+table+France,48.090539,-1.184481
Austria,Allemagne,https://www.google.com/maps/search/?api=1&query=%22Austria%22+Tischtennis+Deutschland,47.516200,14.550100
AUTHIE TENNIS DE TABLE,France,https://www.google.com/maps/search/?api=1&query=%22AUTHIE+TENNIS+DE+TABLE%22+tennis+de+table+France,49.210174,-0.428329
AUVERS ATT,France,https://www.google.com/maps/search/?api=1&query=%22AUVERS+ATT%22+tennis+de+table+France,49.076033,2.160438
AUVILLERS-ETEIGNIERES TT,France,https://www.google.com/maps/search/?api=1&query=%22AUVILLERS-ETEIGNIERES+TT%22+tennis+de+table+France,49.886339,4.394498
AV DE  LAMEGO - TM,Portugal,https://www.google.com/maps/search/?api=1&query=%22AV+DE++LAMEGO+-+TM%22+t%C3%A9nis+de+mesa+Portugal,40.214767,-8.415255
AVANNE AVENEY TT,France,https://www.google.com/maps/search/?api=1&query=%22AVANNE+AVENEY+TT%22+tennis+de+table+France,47.195400,5.960590
AVANT-GARDE-DEAUVILLAISE,France,https://www.google.com/maps/search/?api=1&query=%22AVANT-GARDE-DEAUVILLAISE%22+tennis+de+table+France,49.357701,0.081620
AVENIR DE LIGNIERES TT,France,https://www.google.com/maps/search/?api=1&query=%22AVENIR+DE+LIGNIERES+TT%22+tennis+de+table+France,46.752331,2.174894
AVENIR DE MANDEURE,France,https://www.google.com/maps/search/?api=1&query=%22AVENIR+DE+MANDEURE%22+tennis+de+table+France,47.453164,6.807036
AVENIR DE PARON TT,France,https://www.google.com/maps/search/?api=1&query=%22AVENIR+DE+PARON+TT%22+tennis+de+table+France,48.187026,3.250580
AVENIR DE THISE,France,https://www.google.com/maps/search/?api=1&query=%22AVENIR+DE+THISE%22+tennis+de+table+France,47.284798,6.078699
Avenir KOCHERSBERG TT,France,https://www.google.com/maps/search/?api=1&query=%22Avenir+KOCHERSBERG+TT%22+tennis+de+table+France,48.670703,7.511949
AVENIR MONTBETONAIS TT,France,https://www.google.com/maps/search/?api=1&query=%22AVENIR+MONTBETONAIS+TT%22+tennis+de+table+France,44.015649,1.303199
AVENIR PONGISTE MONTELAIS,France,https://www.google.com/maps/search/?api=1&query=%22AVENIR+PONGISTE+MONTELAIS%22+tennis+de+table+France,44.034226,4.995296
AVENIR SPORTIF DE ST ELOI,France,https://www.google.com/maps/search/?api=1&query=%22AVENIR+SPORTIF+DE+ST+ELOI%22+tennis+de+table+France,46.972820,3.217252
Avenir TT DUCEY AVRANCHES,France,https://www.google.com/maps/search/?api=1&query=%22Avenir+TT+DUCEY+AVRANCHES%22+tennis+de+table+France,48.616277,-1.295542
AVION TT,France,https://www.google.com/maps/search/?api=1&query=%22AVION+TT%22+tennis+de+table+France,50.409008,2.840973
AVORD TT,France,https://www.google.com/maps/search/?api=1&query=%22AVORD+TT%22+tennis+de+table+France,47.041994,2.630544
AVRILLE AS 85,France,https://www.google.com/maps/search/?api=1&query=%22AVRILLE+AS+85%22+tennis+de+table+France,46.470182,-1.493779
AVRILLE Ass. Sportive,France,https://www.google.com/maps/search/?api=1&query=%22AVRILLE+Ass.+Sportive%22+tennis+de+table+France,47.500572,-0.590313
Azay-Le-Rideau ESRTT,France,https://www.google.com/maps/search/?api=1&query=%22Azay-Le-Rideau+ESRTT%22+tennis+de+table+France,47.265110,0.472060
AZE TENNIS DE TABLE ,France,https://www.google.com/maps/search/?api=1&query=%22AZE+TENNIS+DE+TABLE+%22+tennis+de+table+France,47.851378,0.994771
B.O. QUESTEMBERT,France,https://www.google.com/maps/search/?api=1&query=%22B.O.+QUESTEMBERT%22+tennis+de+table+France,47.661471,-2.459849
BACCARAT ABTT,France,https://www.google.com/maps/search/?api=1&query=%22BACCARAT+ABTT%22+tennis+de+table+France,48.443757,6.738946
BACONNIERE (La) Tennis de Table,France,https://www.google.com/maps/search/?api=1&query=%22BACONNIERE+%28La%29+Tennis+de+Table%22+tennis+de+table+France,48.182400,-0.899200
BAD PING LE GRAU DU ROI,France,https://www.google.com/maps/search/?api=1&query=%22BAD+PING+LE+GRAU+DU+ROI%22+tennis+de+table+France,43.536441,4.140700
BAGNOLS MARCOULE SABRAN TT,France,https://www.google.com/maps/search/?api=1&query=%22BAGNOLS+MARCOULE+SABRAN+TT%22+tennis+de+table+France,44.161590,4.614120
BAILLEUL Asso Tennis de Table,France,https://www.google.com/maps/search/?api=1&query=%22BAILLEUL+Asso+Tennis+de+Table%22+tennis+de+table+France,48.809649,-0.018951
BAILLEUL SUR THERAIN TT,France,https://www.google.com/maps/search/?api=1&query=%22BAILLEUL+SUR+THERAIN+TT%22+tennis+de+table+France,49.381196,2.231564
BAILLEUL TT,France,https://www.google.com/maps/search/?api=1&query=%22BAILLEUL+TT%22+tennis+de+table+France,50.739822,2.724813
BAILLY NOISY ASTT,France,https://www.google.com/maps/search/?api=1&query=%22BAILLY+NOISY+ASTT%22+tennis+de+table+France,48.839275,2.077866
BAIN DE BRETAGNE U.S.,France,https://www.google.com/maps/search/?api=1&query=%22BAIN+DE+BRETAGNE+U.S.%22+tennis+de+table+France,47.836618,-1.682423
BAINS LES BAINS AM.PONG.,France,https://www.google.com/maps/search/?api=1&query=%22BAINS+LES+BAINS+AM.PONG.%22+tennis+de+table+France,48.003291,6.248676
BAINVILLE AUX MIROIRS F.R.,France,https://www.google.com/maps/search/?api=1&query=%22BAINVILLE+AUX+MIROIRS+F.R.%22+tennis+de+table+France,48.439048,6.274499
BAIRON Tennis de Table,France,https://www.google.com/maps/search/?api=1&query=%22BAIRON+Tennis+de+Table%22+tennis+de+table+France,49.520930,4.766496
BAIS T.T,France,https://www.google.com/maps/search/?api=1&query=%22BAIS+T.T%22+tennis+de+table+France,48.277330,-0.295280
BAISIEUX TT,France,https://www.google.com/maps/search/?api=1&query=%22BAISIEUX+TT%22+tennis+de+table+France,50.615413,3.236195
BALINGHEM ALFJP,France,https://www.google.com/maps/search/?api=1&query=%22BALINGHEM+ALFJP%22+tennis+de+table+France,50.863885,1.945205
BALLAINVILLIERS TT,France,https://www.google.com/maps/search/?api=1&query=%22BALLAINVILLIERS+TT%22+tennis+de+table+France,48.664836,2.281636
BALLANCOURT STT,France,https://www.google.com/maps/search/?api=1&query=%22BALLANCOURT+STT%22+tennis+de+table+France,48.530241,2.371305
BALLATAK,France,https://www.google.com/maps/search/?api=1&query=%22BALLATAK%22+tennis+de+table+France,43.755728,4.013424
BANNALEC TT,France,https://www.google.com/maps/search/?api=1&query=%22BANNALEC+TT%22+tennis+de+table+France,47.930509,-3.691606
BAR SUR AUBE Tennis de Table,France,https://www.google.com/maps/search/?api=1&query=%22BAR+SUR+AUBE+Tennis+de+Table%22+tennis+de+table+France,48.226625,4.701750
BAR SUR SEINE FJ,France,https://www.google.com/maps/search/?api=1&query=%22BAR+SUR+SEINE+FJ%22+tennis+de+table+France,48.112701,4.378859
BARBONNE TENNIS DE TABLE,France,https://www.google.com/maps/search/?api=1&query=%22BARBONNE+TENNIS+DE+TABLE%22+tennis+de+table+France,48.657688,3.696158
BARJOLS ST JULIEN TT,France,https://www.google.com/maps/search/?api=1&query=%22BARJOLS+ST+JULIEN+TT%22+tennis+de+table+France,43.564203,6.006582
BARJOUVILLE SCL.,France,https://www.google.com/maps/search/?api=1&query=%22BARJOUVILLE+SCL.%22+tennis+de+table+France,48.413570,1.479120
BARR Tennis de Table,France,https://www.google.com/maps/search/?api=1&query=%22BARR+Tennis+de+Table%22+tennis+de+table+France,48.410613,7.454914
BASSE HAM  BHTT,France,https://www.google.com/maps/search/?api=1&query=%22BASSE+HAM++BHTT%22+tennis+de+table+France,49.381459,6.234158
BATILLY Tennis de Table,France,https://www.google.com/maps/search/?api=1&query=%22BATILLY+Tennis+de+Table%22+tennis+de+table+France,49.165923,5.971407
BAUD TENNIS DE TABLE,France,https://www.google.com/maps/search/?api=1&query=%22BAUD+TENNIS+DE+TABLE%22+tennis+de+table+France,47.869998,-3.012990
BAUGE Olympique,France,https://www.google.com/maps/search/?api=1&query=%22BAUGE+Olympique%22+tennis+de+table+France,47.534057,-0.092566
BAUGY TENNIS DE TABLE,France,https://www.google.com/maps/search/?api=1&query=%22BAUGY+TENNIS+DE+TABLE%22+tennis+de+table+France,47.082731,2.729895
BAUNE ESVB TT,France,https://www.google.com/maps/search/?api=1&query=%22BAUNE+ESVB+TT%22+tennis+de+table+France,47.502825,-0.315309
BAVAY TT,France,https://www.google.com/maps/search/?api=1&query=%22BAVAY+TT%22+tennis+de+table+France,50.282519,3.842831
Bay Area Blasters,USA,https://www.google.com/maps/search/?api=1&query=%22Bay+Area+Blasters%22+table+tennis+USA,35.101420,-80.941765
BAYEUX TT,France,https://www.google.com/maps/search/?api=1&query=%22BAYEUX+TT%22+tennis+de+table+France,49.283168,-0.707035
BAYON Tennis de Table,France,https://www.google.com/maps/search/?api=1&query=%22BAYON+Tennis+de+Table%22+tennis+de+table+France,48.473304,6.318189
BAZEILLES PPC,France,https://www.google.com/maps/search/?api=1&query=%22BAZEILLES+PPC%22+tennis+de+table+France,49.678528,4.978311
BAZOGE-MONTPINCON (la) T.T,France,https://www.google.com/maps/search/?api=1&query=%22BAZOGE-MONTPINCON+%28la%29+T.T%22+tennis+de+table+France,48.278725,-0.572724
BAZOUGERS/BAZOUGE DE CHEMERE,France,https://www.google.com/maps/search/?api=1&query=%22BAZOUGERS%2FBAZOUGE+DE+CHEMERE%22+tennis+de+table+France,48.019945,-0.583599
BEAUCHAMP CTT,France,https://www.google.com/maps/search/?api=1&query=%22BEAUCHAMP+CTT%22+tennis+de+table+France,49.015031,2.186343
BEAUCOUZE Sporting club,France,https://www.google.com/maps/search/?api=1&query=%22BEAUCOUZE+Sporting+club%22+tennis+de+table+France,47.475146,-0.624712
BEAUFORT TT,France,https://www.google.com/maps/search/?api=1&query=%22BEAUFORT+TT%22+tennis+de+table+France,50.215593,3.966507
BEAUFOU VENDEE (ASL),France,https://www.google.com/maps/search/?api=1&query=%22BEAUFOU+VENDEE+%28ASL%29%22+tennis+de+table+France,46.824057,-1.528262
Beaumont  FEPS,France,https://www.google.com/maps/search/?api=1&query=%22Beaumont++FEPS%22+tennis+de+table+France,46.738112,0.432052
BEAUMONT UMO,France,https://www.google.com/maps/search/?api=1&query=%22BEAUMONT+UMO%22+tennis+de+table+France,49.144761,2.291998
BEAUPUY-VERDUN TT,France,https://www.google.com/maps/search/?api=1&query=%22BEAUPUY-VERDUN+TT%22+tennis+de+table+France,43.843163,1.236779
BEAURAINS AL,France,https://www.google.com/maps/search/?api=1&query=%22BEAURAINS+AL%22+tennis+de+table+France,50.264505,2.779560
BEAUTOR GS,France,https://www.google.com/maps/search/?api=1&query=%22BEAUTOR+GS%22+tennis+de+table+France,49.652100,3.341300
BEAUVAIS TT,France,https://www.google.com/maps/search/?api=1&query=%22BEAUVAIS+TT%22+tennis+de+table+France,49.418899,2.081253
BEAUVAL TT,France,https://www.google.com/maps/search/?api=1&query=%22BEAUVAL+TT%22+tennis+de+table+France,50.105794,2.326639
BEDUER FAYCELLES PING,France,https://www.google.com/maps/search/?api=1&query=%22BEDUER+FAYCELLES+PING%22+tennis+de+table+France,44.581080,1.945960
BEGARD TT,France,https://www.google.com/maps/search/?api=1&query=%22BEGARD+TT%22+tennis+de+table+France,48.632398,-3.301753
BEGNECOURT F Rural MADON ILLON,France,https://www.google.com/maps/search/?api=1&query=%22BEGNECOURT+F+Rural+MADON+ILLON%22+tennis+de+table+France,48.207067,6.159015
BEGROLLES EN MAUGES Regina,France,https://www.google.com/maps/search/?api=1&query=%22BEGROLLES+EN+MAUGES+Regina%22+tennis+de+table+France,47.141295,-0.940071
BEHREN LES FORBACH TT,France,https://www.google.com/maps/search/?api=1&query=%22BEHREN+LES+FORBACH+TT%22+tennis+de+table+France,49.175830,6.933569
BEIGNON BASSET TTA,France,https://www.google.com/maps/search/?api=1&query=%22BEIGNON+BASSET+TTA%22+tennis+de+table+France,46.727594,-1.426307
BEINHEIM C.T.T.B.,France,https://www.google.com/maps/search/?api=1&query=%22BEINHEIM+C.T.T.B.%22+tennis+de+table+France,46.345778,5.346235
BELLAC CTT (87),France,https://www.google.com/maps/search/?api=1&query=%22BELLAC+CTT+%2887%29%22+tennis+de+table+France,46.125529,1.049000
BELLEVIGNE LES CHTX TT,France,https://www.google.com/maps/search/?api=1&query=%22BELLEVIGNE+LES+CHTX+TT%22+tennis+de+table+France,47.195968,-0.058977
BELLEVIGNY ESBV,France,https://www.google.com/maps/search/?api=1&query=%22BELLEVIGNY+ESBV%22+tennis+de+table+France,46.778169,-1.422889
BENFELD LAURENTIA S.S.C.,France,https://www.google.com/maps/search/?api=1&query=%22BENFELD+LAURENTIA+S.S.C.%22+tennis+de+table+France,48.370908,7.602315
BERCK TT,France,https://www.google.com/maps/search/?api=1&query=%22BERCK+TT%22+tennis+de+table+France,50.403114,1.572382
BERGHEIM CSS,France,https://www.google.com/maps/search/?api=1&query=%22BERGHEIM+CSS%22+tennis+de+table+France,48.205071,7.355478
BERNADETS TENNIS DE TABLE,France,https://www.google.com/maps/search/?api=1&query=%22BERNADETS+TENNIS+DE+TABLE%22+tennis+de+table+France,44.445009,4.843258
BERNERIE (LA),France,https://www.google.com/maps/search/?api=1&query=%22BERNERIE+%28LA%29%22+tennis+de+table+France,47.067742,-2.010401
BERRICHONNE-CHATEAUROUX,France,https://www.google.com/maps/search/?api=1&query=%22BERRICHONNE-CHATEAUROUX%22+tennis+de+table+France,46.797003,1.723726
BERSTETT T.T.,France,https://www.google.com/maps/search/?api=1&query=%22BERSTETT+T.T.%22+tennis+de+table+France,48.685578,7.651709
BERTRANGE-DISTROFF TT,France,https://www.google.com/maps/search/?api=1&query=%22BERTRANGE-DISTROFF+TT%22+tennis+de+table+France,49.311990,6.193900
BESNE TENNIS DE TABLE,France,https://www.google.com/maps/search/?api=1&query=%22BESNE+TENNIS+DE+TABLE%22+tennis+de+table+France,47.400157,-2.089963
BESSANCOURT TTB,France,https://www.google.com/maps/search/?api=1&query=%22BESSANCOURT+TTB%22+tennis+de+table+France,49.042201,2.203718
BESSEGES/GAGNIERES CPM,France,https://www.google.com/maps/search/?api=1&query=%22BESSEGES%2FGAGNIERES+CPM%22+tennis+de+table+France,44.293096,4.094494
BETHENCOURT US,France,https://www.google.com/maps/search/?api=1&query=%22BETHENCOURT+US%22+tennis+de+table+France,50.077626,1.503934
BETHUNE-BEUVRY ASTT,France,https://www.google.com/maps/search/?api=1&query=%22BETHUNE-BEUVRY+ASTT%22+tennis+de+table+France,50.520627,2.658483
BETSCHDORF TT,France,https://www.google.com/maps/search/?api=1&query=%22BETSCHDORF+TT%22+tennis+de+table+France,48.894064,7.918575
BETTONNAIS C.S.,France,https://www.google.com/maps/search/?api=1&query=%22BETTONNAIS+C.S.%22+tennis+de+table+France,48.178437,-1.647956
BEUVRY LA FORET TT,France,https://www.google.com/maps/search/?api=1&query=%22BEUVRY+LA+FORET+TT%22+tennis+de+table+France,50.457871,3.284695
BEUZEVILLE ATHLETIC CLUB,France,https://www.google.com/maps/search/?api=1&query=%22BEUZEVILLE+ATHLETIC+CLUB%22+tennis+de+table+France,49.339373,0.339630
BEYNES TTC,France,https://www.google.com/maps/search/?api=1&query=%22BEYNES+TTC%22+tennis+de+table+France,48.858748,1.910253
BEZIERS TENNIS DE TABLE,France,https://www.google.com/maps/search/?api=1&query=%22BEZIERS+TENNIS+DE+TABLE%22+tennis+de+table+France,43.352342,3.232427
BIACHE TENNIS DE TABLE,France,https://www.google.com/maps/search/?api=1&query=%22BIACHE+TENNIS+DE+TABLE%22+tennis+de+table+France,50.313738,2.935355
BIENVILLERS-AU-BOIS AMICALE PONG,France,https://www.google.com/maps/search/?api=1&query=%22BIENVILLERS-AU-BOIS+AMICALE+PONG%22+tennis+de+table+France,50.177647,2.618605
BIGOTTIERE (La) USTT,France,https://www.google.com/maps/search/?api=1&query=%22BIGOTTIERE+%28La%29+USTT%22+tennis+de+table+France,48.218267,-0.797579
BINEFAR 77,Espagne,https://www.google.com/maps/search/?api=1&query=%22BINEFAR+77%22+tenis+de+mesa+Espa%C3%B1a,41.849155,0.296399
BIOZAT TENNIS DE TABLE,France,https://www.google.com/maps/search/?api=1&query=%22BIOZAT+TENNIS+DE+TABLE%22+tennis+de+table+France,46.093998,3.281016
BISCARROSSE OLYMPIQUE TT,France,https://www.google.com/maps/search/?api=1&query=%22BISCARROSSE+OLYMPIQUE+TT%22+tennis+de+table+France,44.392552,-1.158812
BLACK TIGER TABLE TENNIS CLUB,France,https://www.google.com/maps/search/?api=1&query=%22BLACK+TIGER+TABLE+TENNIS+CLUB%22+tennis+de+table+France,0.000000,0.000000
BLAINVILLE CREVON,France,https://www.google.com/maps/search/?api=1&query=%22BLAINVILLE+CREVON%22+tennis+de+table+France,49.502383,1.301923
BLAINVILLE DAMELEVIERES AC,France,https://www.google.com/maps/search/?api=1&query=%22BLAINVILLE+DAMELEVIERES+AC%22+tennis+de+table+France,48.558355,6.387902
BLANGY-BOUTTENCOURT SEP,France,https://www.google.com/maps/search/?api=1&query=%22BLANGY-BOUTTENCOURT+SEP%22+tennis+de+table+France,49.332291,2.461258
BLENOD MONTAUVILLE TT,France,https://www.google.com/maps/search/?api=1&query=%22BLENOD+MONTAUVILLE+TT%22+tennis+de+table+France,48.883009,6.051080
BLOIS PING 41,France,https://www.google.com/maps/search/?api=1&query=%22BLOIS+PING+41%22+tennis+de+table+France,47.591901,1.300473
BOA HORA FC,Portugal,https://www.google.com/maps/search/?api=1&query=%22BOA+HORA+FC%22+t%C3%A9nis+de+mesa+Portugal,38.704241,-9.189615
BOBIGNY AC,France,https://www.google.com/maps/search/?api=1&query=%22BOBIGNY+AC%22+tennis+de+table+France,48.911758,2.446499
BODILIS PLOUGAR TT,France,https://www.google.com/maps/search/?api=1&query=%22BODILIS+PLOUGAR+TT%22+tennis+de+table+France,48.530221,-4.117793
BOINVILLE TT,France,https://www.google.com/maps/search/?api=1&query=%22BOINVILLE+TT%22+tennis+de+table+France,48.495215,1.869928
BOIS COLOMBES SPORTS,France,https://www.google.com/maps/search/?api=1&query=%22BOIS+COLOMBES+SPORTS%22+tennis+de+table+France,48.911881,2.268879
BOIS D ARCY AS,France,https://www.google.com/maps/search/?api=1&query=%22BOIS+D+ARCY+AS%22+tennis+de+table+France,48.803770,2.033951
BOIS-BERNARD AL,France,https://www.google.com/maps/search/?api=1&query=%22BOIS-BERNARD+AL%22+tennis+de+table+France,50.382592,2.911933
BOISSET PING,France,https://www.google.com/maps/search/?api=1&query=%22BOISSET+PING%22+tennis+de+table+France,44.049381,4.026228
BOISSEUIL TT (87),France,https://www.google.com/maps/search/?api=1&query=%22BOISSEUIL+TT+%2887%29%22+tennis+de+table+France,45.769528,1.330495
BOISSEY PING,France,https://www.google.com/maps/search/?api=1&query=%22BOISSEY+PING%22+tennis+de+table+France,49.271525,0.778699
BOISSIERE-BOUZILLE MARILLAIS TT,France,https://www.google.com/maps/search/?api=1&query=%22BOISSIERE-BOUZILLE+MARILLAIS+TT%22+tennis+de+table+France,47.337677,-1.109330
BONCHAMP Entente Sportive,France,https://www.google.com/maps/search/?api=1&query=%22BONCHAMP+Entente+Sportive%22+tennis+de+table+France,48.077605,-0.702026
BONNETABLE P,France,https://www.google.com/maps/search/?api=1&query=%22BONNETABLE+P%22+tennis+de+table+France,48.184805,0.426816
BONNIERES STTB,France,https://www.google.com/maps/search/?api=1&query=%22BONNIERES+STTB%22+tennis+de+table+France,49.029514,1.565064
BORAN SUR OISE MAISON POUR TOUS,France,https://www.google.com/maps/search/?api=1&query=%22BORAN+SUR+OISE+MAISON+POUR+TOUS%22+tennis+de+table+France,49.170168,2.356416
BORDEAUX CENTRE LFTT,France,https://www.google.com/maps/search/?api=1&query=%22BORDEAUX+CENTRE+LFTT%22+tennis+de+table+France,44.837637,-0.587953
BORDS DE VIRE AS,France,https://www.google.com/maps/search/?api=1&query=%22BORDS+DE+VIRE+AS%22+tennis+de+table+France,49.170750,-1.171524
Bords TT,France,https://www.google.com/maps/search/?api=1&query=%22Bords+TT%22+tennis+de+table+France,45.896436,-0.779059
BORGO TENNIS DE TABLE,France,https://www.google.com/maps/search/?api=1&query=%22BORGO+TENNIS+DE+TABLE%22+tennis+de+table+France,42.566040,9.451030
Borussia Düsseldorf,Allemagne,https://www.google.com/maps/search/?api=1&query=%22Borussia+D%C3%BCsseldorf%22+Tischtennis+Deutschland,51.244546,6.828625
BOUAYE A.L.,France,https://www.google.com/maps/search/?api=1&query=%22BOUAYE+A.L.%22+tennis+de+table+France,47.148737,-1.695369
BOUCHEMAINE TT ANJOU,France,https://www.google.com/maps/search/?api=1&query=%22BOUCHEMAINE+TT+ANJOU%22+tennis+de+table+France,47.449420,-0.609800
BOUEE Tennis de Table,France,https://www.google.com/maps/search/?api=1&query=%22BOUEE+Tennis+de+Table%22+tennis+de+table+France,47.318507,-1.918760
BOUIN E,France,https://www.google.com/maps/search/?api=1&query=%22BOUIN+E%22+tennis+de+table+France,46.971515,-2.024172
BOULOGNE BILLANCOURT AC,France,https://www.google.com/maps/search/?api=1&query=%22BOULOGNE+BILLANCOURT+AC%22+tennis+de+table+France,48.831132,2.241307
BOULOGNE SUR MER ABCP,France,https://www.google.com/maps/search/?api=1&query=%22BOULOGNE+SUR+MER+ABCP%22+tennis+de+table+France,50.724096,1.620547
BOULOGNE SUR MER EURVIN,France,https://www.google.com/maps/search/?api=1&query=%22BOULOGNE+SUR+MER+EURVIN%22+tennis+de+table+France,50.728721,1.620826
BOURBOURG SCTT,France,https://www.google.com/maps/search/?api=1&query=%22BOURBOURG+SCTT%22+tennis+de+table+France,50.944312,2.192536
BOURG  LA REINE AS,France,https://www.google.com/maps/search/?api=1&query=%22BOURG++LA+REINE+AS%22+tennis+de+table+France,48.778447,2.317653
BOURG MADAME TT,France,https://www.google.com/maps/search/?api=1&query=%22BOURG+MADAME+TT%22+tennis+de+table+France,,
BOURGETIN CTT,France,https://www.google.com/maps/search/?api=1&query=%22BOURGETIN+CTT%22+tennis+de+table+France,48.936518,2.432965
BOURGNEUF/ST OUEN TTIC,France,https://www.google.com/maps/search/?api=1&query=%22BOURGNEUF%2FST+OUEN+TTIC%22+tennis+de+table+France,48.160119,-0.986739
Bourgneuf/St-Rogatien TT,France,https://www.google.com/maps/search/?api=1&query=%22Bourgneuf%2FSt-Rogatien+TT%22+tennis+de+table+France,46.152369,-1.072276
BOURGUIGNON,France,https://www.google.com/maps/search/?api=1&query=%22BOURGUIGNON%22+tennis+de+table+France,47.415685,6.783145
BOURNEZEAU ESBTT,France,https://www.google.com/maps/search/?api=1&query=%22BOURNEZEAU+ESBTT%22+tennis+de+table+France,46.640366,-1.163659
BOUSBECQUE TT/WERVICQ SUD,France,https://www.google.com/maps/search/?api=1&query=%22BOUSBECQUE+TT%2FWERVICQ+SUD%22+tennis+de+table+France,50.767113,3.078721
BOUSSAY T.T.C.,France,https://www.google.com/maps/search/?api=1&query=%22BOUSSAY+T.T.C.%22+tennis+de+table+France,47.044156,-1.189391
BOUTIGNY-VAYRES TT,France,https://www.google.com/maps/search/?api=1&query=%22BOUTIGNY-VAYRES+TT%22+tennis+de+table+France,-12.970359,45.161687
BOUZINCOURT PPC,France,https://www.google.com/maps/search/?api=1&query=%22BOUZINCOURT+PPC%22+tennis+de+table+France,50.027806,2.609099
BOVES ASTT,France,https://www.google.com/maps/search/?api=1&query=%22BOVES+ASTT%22+tennis+de+table+France,49.843382,2.394244
BRANDERION TENNIS DE TABLE,France,https://www.google.com/maps/search/?api=1&query=%22BRANDERION+TENNIS+DE+TABLE%22+tennis+de+table+France,47.796048,-3.201242
BRAY DUNES TT,France,https://www.google.com/maps/search/?api=1&query=%22BRAY+DUNES+TT%22+tennis+de+table+France,51.076741,2.509684
BREMES LES ARDRES AMICALE,France,https://www.google.com/maps/search/?api=1&query=%22BREMES+LES+ARDRES+AMICALE%22+tennis+de+table+France,50.855002,1.957836
BRENOUILLE ATT,France,https://www.google.com/maps/search/?api=1&query=%22BRENOUILLE+ATT%22+tennis+de+table+France,49.304460,2.541717
BRESSE PING - TENNIS DE TABLE,France,https://www.google.com/maps/search/?api=1&query=%22BRESSE+PING+-+TENNIS+DE+TABLE%22+tennis+de+table+France,46.633881,5.234834
BRESSE TT,France,https://www.google.com/maps/search/?api=1&query=%22BRESSE+TT%22+tennis+de+table+France,46.310766,5.065295
Bressuire EP,France,https://www.google.com/maps/search/?api=1&query=%22Bressuire+EP%22+tennis+de+table+France,46.834345,-0.482972
BRETEILLAISE T.T. ASS.,France,https://www.google.com/maps/search/?api=1&query=%22BRETEILLAISE+T.T.+ASS.%22+tennis+de+table+France,48.145245,-1.900742
BRETEUIL WG TT,France,https://www.google.com/maps/search/?api=1&query=%22BRETEUIL+WG+TT%22+tennis+de+table+France,49.635025,2.298483
Bretignolles EP,France,https://www.google.com/maps/search/?api=1&query=%22Bretignolles+EP%22+tennis+de+table+France,46.862675,-0.605546
BRETIGNOLLES TT,France,https://www.google.com/maps/search/?api=1&query=%22BRETIGNOLLES+TT%22+tennis+de+table+France,46.633290,-1.855721
BRETIGNY CS,France,https://www.google.com/maps/search/?api=1&query=%22BRETIGNY+CS%22+tennis+de+table+France,48.599076,2.308239
BRETTEVILLE DU GRAND CAUX FS TT,France,https://www.google.com/maps/search/?api=1&query=%22BRETTEVILLE+DU+GRAND+CAUX+FS+TT%22+tennis+de+table+France,49.662204,0.392924
BRETTEVILLE L ORG/ROTS ABORTT,France,https://www.google.com/maps/search/?api=1&query=%22BRETTEVILLE+L+ORG%2FROTS+ABORTT%22+tennis+de+table+France,49.202876,-0.475089
BRETTEVILLE SUR LAIZE EVC,France,https://www.google.com/maps/search/?api=1&query=%22BRETTEVILLE+SUR+LAIZE+EVC%22+tennis+de+table+France,49.043570,-0.321033
Breuil Chaussee CRAB,France,https://www.google.com/maps/search/?api=1&query=%22Breuil+Chaussee+CRAB%22+tennis+de+table+France,46.839504,-0.553508
BREUILLET ES,France,https://www.google.com/maps/search/?api=1&query=%22BREUILLET+ES%22+tennis+de+table+France,48.570528,2.174217
BREVANNAISE AS,France,https://www.google.com/maps/search/?api=1&query=%22BREVANNAISE+AS%22+tennis+de+table+France,48.753016,2.488336
BRICQUEBEC UC,France,https://www.google.com/maps/search/?api=1&query=%22BRICQUEBEC+UC%22+tennis+de+table+France,49.469720,-1.630527
BRIENNE CP,France,https://www.google.com/maps/search/?api=1&query=%22BRIENNE+CP%22+tennis+de+table+France,48.384981,4.525340
BRIERE T.T.,France,https://www.google.com/maps/search/?api=1&query=%22BRIERE+T.T.%22+tennis+de+table+France,47.443300,-2.326551
BRIEY U.S. Tennis de Table,France,https://www.google.com/maps/search/?api=1&query=%22BRIEY+U.S.+Tennis+de+Table%22+tennis+de+table+France,49.254970,5.937290
BRIOUZAIN OC,France,https://www.google.com/maps/search/?api=1&query=%22BRIOUZAIN+OC%22+tennis+de+table+France,48.700240,-0.367657
BRIVET T.T.,France,https://www.google.com/maps/search/?api=1&query=%22BRIVET+T.T.%22+tennis+de+table+France,47.444821,-2.089648
BRON TT,France,https://www.google.com/maps/search/?api=1&query=%22BRON+TT%22+tennis+de+table+France,45.740234,4.916957
BRUAY SUR ESCAUT PPC,France,https://www.google.com/maps/search/?api=1&query=%22BRUAY+SUR+ESCAUT+PPC%22+tennis+de+table+France,50.398193,3.532381
BRUILLE CTT,France,https://www.google.com/maps/search/?api=1&query=%22BRUILLE+CTT%22+tennis+de+table+France,50.365338,3.242275
BRUMATH UNITAS Tennis de Table,France,https://www.google.com/maps/search/?api=1&query=%22BRUMATH+UNITAS+Tennis+de+Table%22+tennis+de+table+France,48.737325,7.711521
BRUNOY CTT,France,https://www.google.com/maps/search/?api=1&query=%22BRUNOY+CTT%22+tennis+de+table+France,48.707220,2.525776
BRUZ AMICALE LAIQUE,France,https://www.google.com/maps/search/?api=1&query=%22BRUZ+AMICALE+LAIQUE%22+tennis+de+table+France,48.031296,-1.741435
BRY PSC,France,https://www.google.com/maps/search/?api=1&query=%22BRY+PSC%22+tennis+de+table+France,48.829569,2.525011
BUGNICOURT AL,France,https://www.google.com/maps/search/?api=1&query=%22BUGNICOURT+AL%22+tennis+de+table+France,50.290188,3.154307
BUIRE CTT,France,https://www.google.com/maps/search/?api=1&query=%22BUIRE+CTT%22+tennis+de+table+France,49.907603,4.056699
BURBURE TT,France,https://www.google.com/maps/search/?api=1&query=%22BURBURE+TT%22+tennis+de+table+France,50.537915,2.465867
BURES/YVETTE US,France,https://www.google.com/maps/search/?api=1&query=%22BURES%2FYVETTE+US%22+tennis+de+table+France,48.701229,2.156895
BURGOS FÉMINAS TM,Espagne,https://www.google.com/maps/search/?api=1&query=%22BURGOS+F%C3%89MINAS+TM%22+tenis+de+mesa+Espa%C3%B1a,37.989494,-3.467466
BURGOS TM,Espagne,https://www.google.com/maps/search/?api=1&query=%22BURGOS+TM%22+tenis+de+mesa+Espa%C3%B1a,42.344850,-3.681248
Burie CTT,France,https://www.google.com/maps/search/?api=1&query=%22Burie+CTT%22+tennis+de+table+France,45.778692,-0.413798
BV Borussia 09 Dortmund,Allemagne,https://www.google.com/maps/search/?api=1&query=%22BV+Borussia+09+Dortmund%22+Tischtennis+Deutschland,51.487429,7.381556
BX COQS ROUGES,France,https://www.google.com/maps/search/?api=1&query=%22BX+COQS+ROUGES%22+tennis+de+table+France,44.834197,-0.577794
C A STE HELENE,France,https://www.google.com/maps/search/?api=1&query=%22C+A+STE+HELENE%22+tennis+de+table+France,44.957754,-0.891156
C C C F NICE tennis de table,France,https://www.google.com/maps/search/?api=1&query=%22C+C+C+F+NICE+tennis+de+table%22+tennis+de+table+France,43.725539,7.246082
C L COURNON,France,https://www.google.com/maps/search/?api=1&query=%22C+L+COURNON%22+tennis+de+table+France,45.739659,3.215663
C O R SANDOUVILLE,France,https://www.google.com/maps/search/?api=1&query=%22C+O+R+SANDOUVILLE%22+tennis+de+table+France,49.502010,0.168966
C P BIGNY VALLENAY,France,https://www.google.com/maps/search/?api=1&query=%22C+P+BIGNY+VALLENAY%22+tennis+de+table+France,46.801265,2.372114
C SAN XOAN TM,Espagne,https://www.google.com/maps/search/?api=1&query=%22C+SAN+XOAN+TM%22+tenis+de+mesa+Espa%C3%B1a,42.382299,-7.300233
C'CHARTRES TENNIS DE TABLE,France,https://www.google.com/maps/search/?api=1&query=%22C%27CHARTRES+TENNIS+DE+TABLE%22+tennis+de+table+France,48.443420,1.513450
C. PEÑARANDA DE BRACAMONTE,Espagne,https://www.google.com/maps/search/?api=1&query=%22C.+PE%C3%91ARANDA+DE+BRACAMONTE%22+tenis+de+mesa+Espa%C3%B1a,40.896917,-5.199615
C. S. BEAUMONT TT,France,https://www.google.com/maps/search/?api=1&query=%22C.+S.+BEAUMONT+TT%22+tennis+de+table+France,49.087177,0.778694
C.2T MARTIZAY,France,https://www.google.com/maps/search/?api=1&query=%22C.2T+MARTIZAY%22+tennis+de+table+France,46.808527,1.042392
C.A.S. EAUX,France,https://www.google.com/maps/search/?api=1&query=%22C.A.S.+EAUX%22+tennis+de+table+France,43.734843,7.278546
C.D. T.M. RIVAS PROMESAS,Espagne,https://www.google.com/maps/search/?api=1&query=%22C.D.+T.M.+RIVAS+PROMESAS%22+tenis+de+mesa+Espa%C3%B1a,40.379585,-3.706437
C.E.S. TOURS,France,https://www.google.com/maps/search/?api=1&query=%22C.E.S.+TOURS%22+tennis+de+table+France,47.390330,0.696037
C.L.L.L.COLOMIERS,France,https://www.google.com/maps/search/?api=1&query=%22C.L.L.L.COLOMIERS%22+tennis+de+table+France,43.607010,1.338970
C.O. ARPAJON,France,https://www.google.com/maps/search/?api=1&query=%22C.O.+ARPAJON%22+tennis+de+table+France,44.896620,2.461913
C.P ST JEAN DE MAURIENNE,France,https://www.google.com/maps/search/?api=1&query=%22C.P+ST+JEAN+DE+MAURIENNE%22+tennis+de+table+France,45.274836,6.350400
C.P. PLEVINOIS,France,https://www.google.com/maps/search/?api=1&query=%22C.P.+PLEVINOIS%22+tennis+de+table+France,48.226655,-3.503828
C.P. VEIGNE,France,https://www.google.com/maps/search/?api=1&query=%22C.P.+VEIGNE%22+tennis+de+table+France,47.285018,0.736048
C.S. MICHELIN,France,https://www.google.com/maps/search/?api=1&query=%22C.S.+MICHELIN%22+tennis+de+table+France,47.098305,2.383835
C.S.C. CHARVIEU CHAVAGNEUX,France,https://www.google.com/maps/search/?api=1&query=%22C.S.C.+CHARVIEU+CHAVAGNEUX%22+tennis+de+table+France,45.743982,5.159598
C.S.MEMBROLLAIS Tennis de Table,France,https://www.google.com/maps/search/?api=1&query=%22C.S.MEMBROLLAIS+Tennis+de+Table%22+tennis+de+table+France,47.436068,0.639018
C.T.T.  VILABLAREIX,Espagne,https://www.google.com/maps/search/?api=1&query=%22C.T.T.++VILABLAREIX%22+tenis+de+mesa+Espa%C3%B1a,40.379585,-3.706437
C.T.T. ALZIRA,Espagne,https://www.google.com/maps/search/?api=1&query=%22C.T.T.+ALZIRA%22+tenis+de+mesa+Espa%C3%B1a,40.379585,-3.706437
C.T.T. SAINT MAXIMIN,France,https://www.google.com/maps/search/?api=1&query=%22C.T.T.+SAINT+MAXIMIN%22+tennis+de+table+France,43.451184,5.858420
C.T.T.OUCHAMPS,France,https://www.google.com/maps/search/?api=1&query=%22C.T.T.OUCHAMPS%22+tennis+de+table+France,47.484524,1.294958
CA BEGLAIS,France,https://www.google.com/maps/search/?api=1&query=%22CA+BEGLAIS%22+tennis+de+table+France,44.818734,-0.542704
CA BRIVE CORREZE TT,France,https://www.google.com/maps/search/?api=1&query=%22CA+BRIVE+CORREZE+TT%22+tennis+de+table+France,45.156233,1.502610
CA CARBON BLANC,France,https://www.google.com/maps/search/?api=1&query=%22CA+CARBON+BLANC%22+tennis+de+table+France,44.892130,-0.509253
CA DESP.BARBEITA,Portugal,https://www.google.com/maps/search/?api=1&query=%22CA+DESP.BARBEITA%22+t%C3%A9nis+de+mesa+Portugal,38.665161,-9.163340
CA L'HAY LES ROSES TT,France,https://www.google.com/maps/search/?api=1&query=%22CA+L%27HAY+LES+ROSES+TT%22+tennis+de+table+France,48.776542,2.349370
CA MADALENA,Portugal,https://www.google.com/maps/search/?api=1&query=%22CA+MADALENA%22+t%C3%A9nis+de+mesa+Portugal,38.710800,-9.139437
CA PONTARLIER,France,https://www.google.com/maps/search/?api=1&query=%22CA+PONTARLIER%22+tennis+de+table+France,46.907679,6.354343
CA ST LAURENT TENNIS DE TABLE,France,https://www.google.com/maps/search/?api=1&query=%22CA+ST+LAURENT+TENNIS+DE+TABLE%22+tennis+de+table+France,47.719636,1.624986
CABOURG TT,France,https://www.google.com/maps/search/?api=1&query=%22CABOURG+TT%22+tennis+de+table+France,49.284853,-0.121493
CACHAN CO TT,France,https://www.google.com/maps/search/?api=1&query=%22CACHAN+CO+TT%22+tennis+de+table+France,48.793855,2.336637
CAD. OS VIANENSES,Portugal,https://www.google.com/maps/search/?api=1&query=%22CAD.+OS+VIANENSES%22+t%C3%A9nis+de+mesa+Portugal,41.693513,-8.828277
CAEN ASPTT,France,https://www.google.com/maps/search/?api=1&query=%22CAEN+ASPTT%22+tennis+de+table+France,49.207406,-0.323810
CAEN TTC,France,https://www.google.com/maps/search/?api=1&query=%22CAEN+TTC%22+tennis+de+table+France,49.183070,-0.384816
CAESTRE TTC,France,https://www.google.com/maps/search/?api=1&query=%22CAESTRE+TTC%22+tennis+de+table+France,50.760935,2.599234
CAHORS TENNIS DE TABLE,France,https://www.google.com/maps/search/?api=1&query=%22CAHORS+TENNIS+DE+TABLE%22+tennis+de+table+France,44.445759,1.440824
CAIX-ROSIERES TTCR,France,https://www.google.com/maps/search/?api=1&query=%22CAIX-ROSIERES+TTCR%22+tennis+de+table+France,45.131838,3.985538
CALAIS BALZAC TT,France,https://www.google.com/maps/search/?api=1&query=%22CALAIS+BALZAC+TT%22+tennis+de+table+France,50.948442,1.900817
CALAIS OLYMPIQUE TT,France,https://www.google.com/maps/search/?api=1&query=%22CALAIS+OLYMPIQUE+TT%22+tennis+de+table+France,50.956605,1.888682
CAM BORDEAUX,France,https://www.google.com/maps/search/?api=1&query=%22CAM+BORDEAUX%22+tennis+de+table+France,44.843432,-0.625713
CAM TT MORCENX,France,https://www.google.com/maps/search/?api=1&query=%22CAM+TT+MORCENX%22+tennis+de+table+France,44.039579,-0.911037
CAMARGUE TT,France,https://www.google.com/maps/search/?api=1&query=%22CAMARGUE+TT%22+tennis+de+table+France,,
CAMBRAI CP,France,https://www.google.com/maps/search/?api=1&query=%22CAMBRAI+CP%22+tennis+de+table+France,50.157282,3.260829
CAMIERS ALCR TT,France,https://www.google.com/maps/search/?api=1&query=%22CAMIERS+ALCR+TT%22+tennis+de+table+France,50.569771,1.611020
CAMPAGNE LES BOULONNAIS ASL,France,https://www.google.com/maps/search/?api=1&query=%22CAMPAGNE+LES+BOULONNAIS+ASL%22+tennis+de+table+France,50.620289,2.001590
CAMPHIN EN CAREMBAULT A TT,France,https://www.google.com/maps/search/?api=1&query=%22CAMPHIN+EN+CAREMBAULT+A+TT%22+tennis+de+table+France,50.508323,2.989614
CANDE SOCTT,France,https://www.google.com/maps/search/?api=1&query=%22CANDE+SOCTT%22+tennis+de+table+France,47.561042,-1.028955
CANET ROUSSILLON TENNIS DE TABLE,France,https://www.google.com/maps/search/?api=1&query=%22CANET+ROUSSILLON+TENNIS+DE+TABLE%22+tennis+de+table+France,42.703059,3.021328
CANNET COTE D AZUR TT,France,https://www.google.com/maps/search/?api=1&query=%22CANNET+COTE+D+AZUR+TT%22+tennis+de+table+France,43.576077,7.005641
CANOHES TOULOUGES TENNIS DE TABL,France,https://www.google.com/maps/search/?api=1&query=%22CANOHES+TOULOUGES+TENNIS+DE+TABL%22+tennis+de+table+France,42.672034,2.831091
CANOURGUE TENNIS DE TABLE,France,https://www.google.com/maps/search/?api=1&query=%22CANOURGUE+TENNIS+DE+TABLE%22+tennis+de+table+France,44.429669,3.219675
CANTELEU MAROMME TT,France,https://www.google.com/maps/search/?api=1&query=%22CANTELEU+MAROMME+TT%22+tennis+de+table+France,49.450595,1.029737
CAPA TT,France,https://www.google.com/maps/search/?api=1&query=%22CAPA+TT%22+tennis+de+table+France,49.349175,0.535215
CAPPELLE LA GRANDE TT,France,https://www.google.com/maps/search/?api=1&query=%22CAPPELLE+LA+GRANDE+TT%22+tennis+de+table+France,51.001410,2.379190
CARANTEC Tennis de Table,France,https://www.google.com/maps/search/?api=1&query=%22CARANTEC+Tennis+de+Table%22+tennis+de+table+France,48.659327,-3.914588
CARANTILLAISE JS,France,https://www.google.com/maps/search/?api=1&query=%22CARANTILLAISE+JS%22+tennis+de+table+France,49.068943,-1.243855
CARCASSONNE MJC PONGISTE,France,https://www.google.com/maps/search/?api=1&query=%22CARCASSONNE+MJC+PONGISTE%22+tennis+de+table+France,43.207100,2.369112
CARENTANAIS CL,France,https://www.google.com/maps/search/?api=1&query=%22CARENTANAIS+CL%22+tennis+de+table+France,49.305906,-1.256172
CARIGNAN YVOISIEN CTT,France,https://www.google.com/maps/search/?api=1&query=%22CARIGNAN+YVOISIEN+CTT%22+tennis+de+table+France,49.632927,5.166707
Carolina Gold Rush,USA,https://www.google.com/maps/search/?api=1&query=%22Carolina+Gold+Rush%22+table+tennis+USA,43.573298,-116.167126
CAROLLES-JULLOUVILLE ES,France,https://www.google.com/maps/search/?api=1&query=%22CAROLLES-JULLOUVILLE+ES%22+tennis+de+table+France,48.765891,-1.566573
CARQUEFOU TENNIS DE TABLE,France,https://www.google.com/maps/search/?api=1&query=%22CARQUEFOU+TENNIS+DE+TABLE%22+tennis+de+table+France,47.303779,-1.497957
CARRIERES SUR SEINE US,France,https://www.google.com/maps/search/?api=1&query=%22CARRIERES+SUR+SEINE+US%22+tennis+de+table+France,48.927853,2.189540
CARVIN ATT,France,https://www.google.com/maps/search/?api=1&query=%22CARVIN+ATT%22+tennis+de+table+France,50.472956,2.922947
CASTELGINEST TT,France,https://www.google.com/maps/search/?api=1&query=%22CASTELGINEST+TT%22+tennis+de+table+France,43.696121,1.425158
CASTELNAU LE LEZ TENNIS DE TABLE,France,https://www.google.com/maps/search/?api=1&query=%22CASTELNAU+LE+LEZ+TENNIS+DE+TABLE%22+tennis+de+table+France,43.645141,3.917457
CASTRES TARN-SUD TT,France,https://www.google.com/maps/search/?api=1&query=%22CASTRES+TARN-SUD+TT%22+tennis+de+table+France,43.626336,2.261182
CASTRIES TENNIS DE TABLE,France,https://www.google.com/maps/search/?api=1&query=%22CASTRIES+TENNIS+DE+TABLE%22+tennis+de+table+France,43.681526,3.990209
CASTROSPIN,Espagne,https://www.google.com/maps/search/?api=1&query=%22CASTROSPIN%22+tenis+de+mesa+Espa%C3%B1a,40.379585,-3.706437
CAUDRY CP,France,https://www.google.com/maps/search/?api=1&query=%22CAUDRY+CP%22+tennis+de+table+France,48.930593,2.228311
CAUFFRY TT,France,https://www.google.com/maps/search/?api=1&query=%22CAUFFRY+TT%22+tennis+de+table+France,49.319123,2.444270
CAUX TENNIS DE TABLE,France,https://www.google.com/maps/search/?api=1&query=%22CAUX+TENNIS+DE+TABLE%22+tennis+de+table+France,43.508091,3.370283
CAVAILLON TT,France,https://www.google.com/maps/search/?api=1&query=%22CAVAILLON+TT%22+tennis+de+table+France,43.833413,5.050214
CAVES LEUCATE TENNIS DE TABLE,France,https://www.google.com/maps/search/?api=1&query=%22CAVES+LEUCATE+TENNIS+DE+TABLE%22+tennis+de+table+France,46.020960,4.843723
CC DANJOUTIN,France,https://www.google.com/maps/search/?api=1&query=%22CC+DANJOUTIN%22+tennis+de+table+France,47.614678,6.864491
CC DE CURRELOS,Portugal,https://www.google.com/maps/search/?api=1&query=%22CC+DE+CURRELOS%22+t%C3%A9nis+de+mesa+Portugal,40.424361,-8.016485
CC S.JOAO DA MADEIRA,Portugal,https://www.google.com/maps/search/?api=1&query=%22CC+S.JOAO+DA+MADEIRA%22+t%C3%A9nis+de+mesa+Portugal,40.888916,-8.490984
CCR VALEGA,Portugal,https://www.google.com/maps/search/?api=1&query=%22CCR+VALEGA%22+t%C3%A9nis+de+mesa+Portugal,40.834947,-8.579334
CCR.ARRABAES,Portugal,https://www.google.com/maps/search/?api=1&query=%22CCR.ARRABAES%22+t%C3%A9nis+de+mesa+Portugal,41.284455,-7.810185
CCSVA TENNIS DE TABLE,France,https://www.google.com/maps/search/?api=1&query=%22CCSVA+TENNIS+DE+TABLE%22+tennis+de+table+France,46.981906,5.604808
CD 1º Maio,Portugal,https://www.google.com/maps/search/?api=1&query=%22CD+1%C2%BA+Maio%22+t%C3%A9nis+de+mesa+Portugal,37.969957,-7.872534
CD AISNE CORPO TT,France,https://www.google.com/maps/search/?api=1&query=%22CD+AISNE+CORPO+TT%22+tennis+de+table+France,49.368060,3.325660
CD COYANZA,Espagne,https://www.google.com/maps/search/?api=1&query=%22CD+COYANZA%22+tenis+de+mesa+Espa%C3%B1a,42.329023,-5.475773
CD FIRGONG,Espagne,https://www.google.com/maps/search/?api=1&query=%22CD+FIRGONG%22+tenis+de+mesa+Espa%C3%B1a,28.110715,-15.559676
CD INDIANA GAMES,Espagne,https://www.google.com/maps/search/?api=1&query=%22CD+INDIANA+GAMES%22+tenis+de+mesa+Espa%C3%B1a,40.437163,-3.703144
CD NERVION TM CITY,Espagne,https://www.google.com/maps/search/?api=1&query=%22CD+NERVION+TM+CITY%22+tenis+de+mesa+Espa%C3%B1a,37.388708,-5.973413
CD OISE CORPO TT,France,https://www.google.com/maps/search/?api=1&query=%22CD+OISE+CORPO+TT%22+tennis+de+table+France,49.418899,2.081253
CD PEÑA DE LA AMISTAD,Espagne,https://www.google.com/maps/search/?api=1&query=%22CD+PE%C3%91A+DE+LA+AMISTAD%22+tenis+de+mesa+Espa%C3%B1a,28.497070,-13.859981
CD PÓVOA,Portugal,https://www.google.com/maps/search/?api=1&query=%22CD+P%C3%93VOA%22+t%C3%A9nis+de+mesa+Portugal,41.570520,-6.314727
CD SEGHOS,Espagne,https://www.google.com/maps/search/?api=1&query=%22CD+SEGHOS%22+tenis+de+mesa+Espa%C3%B1a,40.949620,-4.097418
CD SOMME TT,France,https://www.google.com/maps/search/?api=1&query=%22CD+SOMME+TT%22+tennis+de+table+France,49.864728,2.518348
CD São Roque,Portugal,https://www.google.com/maps/search/?api=1&query=%22CD+S%C3%A3o+Roque%22+t%C3%A9nis+de+mesa+Portugal,40.877342,-8.471591
CD TM NAVALCAN,Espagne,https://www.google.com/maps/search/?api=1&query=%22CD+TM+NAVALCAN%22+tenis+de+mesa+Espa%C3%B1a,40.069097,-5.093174
CDB TM CIUDAD REAL,Espagne,https://www.google.com/maps/search/?api=1&query=%22CDB+TM+CIUDAD+REAL%22+tenis+de+mesa+Espa%C3%B1a,38.959735,-3.882874
CDC NAVAIS,Portugal,https://www.google.com/maps/search/?api=1&query=%22CDC+NAVAIS%22+t%C3%A9nis+de+mesa+Portugal,41.429011,-8.757317
CDE ALCORCON TM,Espagne,https://www.google.com/maps/search/?api=1&query=%22CDE+ALCORCON+TM%22+tenis+de+mesa+Espa%C3%B1a,40.349300,-3.828429
CDE B+S Santa Cruz,Portugal,https://www.google.com/maps/search/?api=1&query=%22CDE+B%2BS+Santa+Cruz%22+t%C3%A9nis+de+mesa+Portugal,41.123533,-8.025121
CDE MADRID CAPITAL DEL TM,Espagne,https://www.google.com/maps/search/?api=1&query=%22CDE+MADRID+CAPITAL+DEL+TM%22+tenis+de+mesa+Espa%C3%B1a,40.462203,-3.616064
CDE POVOAÇÃO,Portugal,https://www.google.com/maps/search/?api=1&query=%22CDE+POVOA%C3%87%C3%83O%22+t%C3%A9nis+de+mesa+Portugal,37.746883,-25.245161
CDE TENIS MESA PARLA,Espagne,https://www.google.com/maps/search/?api=1&query=%22CDE+TENIS+MESA+PARLA%22+tenis+de+mesa+Espa%C3%B1a,40.379585,-3.706437
CDETM PROGRESO,Espagne,https://www.google.com/maps/search/?api=1&query=%22CDETM+PROGRESO%22+tenis+de+mesa+Espa%C3%B1a,36.683286,-6.137287
CDF FOURGES,France,https://www.google.com/maps/search/?api=1&query=%22CDF+FOURGES%22+tennis+de+table+France,49.118384,1.637187
CDF SAINT JEAN DE LA NEUVILLE,France,https://www.google.com/maps/search/?api=1&query=%22CDF+SAINT+JEAN+DE+LA+NEUVILLE%22+tennis+de+table+France,49.591789,0.422604
CDTM CARTAGENA,Espagne,https://www.google.com/maps/search/?api=1&query=%22CDTM+CARTAGENA%22+tenis+de+mesa+Espa%C3%B1a,37.624186,-0.991750
CDTM FEMINAS CARTAGENA,Espagne,https://www.google.com/maps/search/?api=1&query=%22CDTM+FEMINAS+CARTAGENA%22+tenis+de+mesa+Espa%C3%B1a,37.615502,-0.987511
CDTM HUJASE JAEN,Espagne,https://www.google.com/maps/search/?api=1&query=%22CDTM+HUJASE+JAEN%22+tenis+de+mesa+Espa%C3%B1a,40.435481,-3.812378
CE CHEVRON SPORTS,France,https://www.google.com/maps/search/?api=1&query=%22CE+CHEVRON+SPORTS%22+tennis+de+table+France,49.494081,0.117512
CEMEX-SANOFI-TT,France,https://www.google.com/maps/search/?api=1&query=%22CEMEX-SANOFI-TT%22+tennis+de+table+France,48.769375,2.389124
CENTR ISERE TT,France,https://www.google.com/maps/search/?api=1&query=%22CENTR+ISERE+TT%22+tennis+de+table+France,45.323133,5.564666
CEP LORIENT TENNIS DE TABLE,France,https://www.google.com/maps/search/?api=1&query=%22CEP+LORIENT+TENNIS+DE+TABLE%22+tennis+de+table+France,47.744455,-3.368273
CEP ST NICOLAS ALIERMONT,France,https://www.google.com/maps/search/?api=1&query=%22CEP+ST+NICOLAS+ALIERMONT%22+tennis+de+table+France,49.524028,1.125268
CERCLE ATHLETIQUE CASTELSARRASIN,France,https://www.google.com/maps/search/?api=1&query=%22CERCLE+ATHLETIQUE+CASTELSARRASIN%22+tennis+de+table+France,44.027988,1.138461
CERCLE JULES FERRY TT,France,https://www.google.com/maps/search/?api=1&query=%22CERCLE+JULES+FERRY+TT%22+tennis+de+table+France,47.931662,1.927835
CERCLE PONGISTE DE CAYENNE,France,https://www.google.com/maps/search/?api=1&query=%22CERCLE+PONGISTE+DE+CAYENNE%22+tennis+de+table+France,4.941000,-52.323720
CERCLE PONGISTE DE PAIMBOEUF,France,https://www.google.com/maps/search/?api=1&query=%22CERCLE+PONGISTE+DE+PAIMBOEUF%22+tennis+de+table+France,47.285496,-2.030937
Cercle Pongiste Egletons,France,https://www.google.com/maps/search/?api=1&query=%22Cercle+Pongiste+Egletons%22+tennis+de+table+France,1.000000,2.000000
Cercle Pongiste Lectourois ,France,https://www.google.com/maps/search/?api=1&query=%22Cercle+Pongiste+Lectourois+%22+tennis+de+table+France,46.033114,3.982959
CERCLE PONGISTE MEHUNOIS,France,https://www.google.com/maps/search/?api=1&query=%22CERCLE+PONGISTE+MEHUNOIS%22+tennis+de+table+France,47.140698,2.207060
CERCLE PONGISTE ORNANAIS,France,https://www.google.com/maps/search/?api=1&query=%22CERCLE+PONGISTE+ORNANAIS%22+tennis+de+table+France,47.108619,6.141414
Cercle Sportif Altifagien,France,https://www.google.com/maps/search/?api=1&query=%22Cercle+Sportif+Altifagien%22+tennis+de+table+France,49.715067,1.104053
CERCLE SPORTIF QUEVENOIS,France,https://www.google.com/maps/search/?api=1&query=%22CERCLE+SPORTIF+QUEVENOIS%22+tennis+de+table+France,47.793082,-3.427985
CESSON O.C.,France,https://www.google.com/maps/search/?api=1&query=%22CESSON+O.C.%22+tennis+de+table+France,48.119064,-1.597570
CESSON VERT ST DENIS TT,France,https://www.google.com/maps/search/?api=1&query=%22CESSON+VERT+ST+DENIS+TT%22+tennis+de+table+France,48.571433,2.609516
CETT ESPARREGUERA,Espagne,https://www.google.com/maps/search/?api=1&query=%22CETT+ESPARREGUERA%22+tenis+de+mesa+Espa%C3%B1a,41.542116,1.869240
CEYRESTE PP,France,https://www.google.com/maps/search/?api=1&query=%22CEYRESTE+PP%22+tennis+de+table+France,43.210471,5.626818
CFEA-Club Football Estrela,Portugal,https://www.google.com/maps/search/?api=1&query=%22CFEA-Club+Football+Estrela%22+t%C3%A9nis+de+mesa+Portugal,38.710822,-9.159685
CH CHATEAUDUN,France,https://www.google.com/maps/search/?api=1&query=%22CH+CHATEAUDUN%22+tennis+de+table+France,48.085988,1.352356
Chabanais tennis de table,France,https://www.google.com/maps/search/?api=1&query=%22Chabanais+tennis+de+table%22+tennis+de+table+France,46.020224,0.668696
CHACE-DISTRE-VARRAINS PING,France,https://www.google.com/maps/search/?api=1&query=%22CHACE-DISTRE-VARRAINS+PING%22+tennis+de+table+France,47.226705,-0.066438
CHAGNY TENNIS DE TABLE,France,https://www.google.com/maps/search/?api=1&query=%22CHAGNY+TENNIS+DE+TABLE%22+tennis+de+table+France,46.906633,4.755821
CHAILLY LORRIS VM TT,France,https://www.google.com/maps/search/?api=1&query=%22CHAILLY+LORRIS+VM+TT%22+tennis+de+table+France,,
Chalais - Montmoreau,France,https://www.google.com/maps/search/?api=1&query=%22Chalais+-+Montmoreau%22+tennis+de+table+France,45.397488,0.128955
Chalindrey tennis de table,France,https://www.google.com/maps/search/?api=1&query=%22Chalindrey+tennis+de+table%22+tennis+de+table+France,47.806752,5.432334
CHALLANS OPS,France,https://www.google.com/maps/search/?api=1&query=%22CHALLANS+OPS%22+tennis+de+table+France,46.831602,-1.891586
CHALON TENNIS DE TABLE,France,https://www.google.com/maps/search/?api=1&query=%22CHALON+TENNIS+DE+TABLE%22+tennis+de+table+France,46.806596,4.846855
CHALONNES Tennis de Table,France,https://www.google.com/maps/search/?api=1&query=%22CHALONNES+Tennis+de+Table%22+tennis+de+table+France,47.348575,-0.758443
CHALONS ASPTT,France,https://www.google.com/maps/search/?api=1&query=%22CHALONS+ASPTT%22+tennis+de+table+France,48.938570,4.377843
CHALONS JA,France,https://www.google.com/maps/search/?api=1&query=%22CHALONS+JA%22+tennis+de+table+France,48.951094,4.348087
CHALONS-EN-CHAMPAGNE TT,France,https://www.google.com/maps/search/?api=1&query=%22CHALONS-EN-CHAMPAGNE+TT%22+tennis+de+table+France,48.954685,4.384891
CHAMBERY TENNIS DE TABLE,France,https://www.google.com/maps/search/?api=1&query=%22CHAMBERY+TENNIS+DE+TABLE%22+tennis+de+table+France,45.568795,5.928567
CHAMBLY ASC,France,https://www.google.com/maps/search/?api=1&query=%22CHAMBLY+ASC%22+tennis+de+table+France,49.161529,2.257045
CHAMBOURCY ASM,France,https://www.google.com/maps/search/?api=1&query=%22CHAMBOURCY+ASM%22+tennis+de+table+France,48.908975,2.031513
CHAMPAGNE ESP,France,https://www.google.com/maps/search/?api=1&query=%22CHAMPAGNE+ESP%22+tennis+de+table+France,48.017732,0.323990
CHAMPAGNE TENNIS DE TABLE,France,https://www.google.com/maps/search/?api=1&query=%22CHAMPAGNE+TENNIS+DE+TABLE%22+tennis+de+table+France,48.396667,2.804695
CHAMPAGNE TT,France,https://www.google.com/maps/search/?api=1&query=%22CHAMPAGNE+TT%22+tennis+de+table+France,45.792757,4.789677
CHAMPHOL AS TENNIS DE TABLE,France,https://www.google.com/maps/search/?api=1&query=%22CHAMPHOL+AS+TENNIS+DE+TABLE%22+tennis+de+table+France,48.464670,1.503276
CHAMPIGNEULLES Tennis de Table,France,https://www.google.com/maps/search/?api=1&query=%22CHAMPIGNEULLES+Tennis+de+Table%22+tennis+de+table+France,48.725512,6.149034
CHANCENAY-SLO TT,France,https://www.google.com/maps/search/?api=1&query=%22CHANCENAY-SLO+TT%22+tennis+de+table+France,45.590350,3.208107
CHANGE TT,France,https://www.google.com/maps/search/?api=1&query=%22CHANGE+TT%22+tennis+de+table+France,47.981587,0.289024
CHANGE Union Sportive,France,https://www.google.com/maps/search/?api=1&query=%22CHANGE+Union+Sportive%22+tennis+de+table+France,48.099260,-0.783934
CHANTEHEUX TT,France,https://www.google.com/maps/search/?api=1&query=%22CHANTEHEUX+TT%22+tennis+de+table+France,48.598579,6.531207
CHANTEPIE A.S.,France,https://www.google.com/maps/search/?api=1&query=%22CHANTEPIE+A.S.%22+tennis+de+table+France,48.091227,-1.618861
CHANTILLY GAS,France,https://www.google.com/maps/search/?api=1&query=%22CHANTILLY+GAS%22+tennis+de+table+France,49.177666,2.457114
CHANTONNAY T.T.,France,https://www.google.com/maps/search/?api=1&query=%22CHANTONNAY+T.T.%22+tennis+de+table+France,46.686847,-1.041557
CHAPELAINE (LA),France,https://www.google.com/maps/search/?api=1&query=%22CHAPELAINE+%28LA%29%22+tennis+de+table+France,47.311020,-1.561599
CHAPELLE ANTHENAISE U.S,France,https://www.google.com/maps/search/?api=1&query=%22CHAPELLE+ANTHENAISE+U.S%22+tennis+de+table+France,48.124733,-0.675583
CHAPELLE CRAONNAISE F.J,France,https://www.google.com/maps/search/?api=1&query=%22CHAPELLE+CRAONNAISE+F.J%22+tennis+de+table+France,47.900334,-0.913351
CHAPELLE DES FTZ ACSL,France,https://www.google.com/maps/search/?api=1&query=%22CHAPELLE+DES+FTZ+ACSL%22+tennis+de+table+France,48.175442,-1.731607
CHARCOT STE FOY LES LYON,France,https://www.google.com/maps/search/?api=1&query=%22CHARCOT+STE+FOY+LES+LYON%22+tennis+de+table+France,45.736296,4.795632
CHARENTON TENNIS DE TABLE,France,https://www.google.com/maps/search/?api=1&query=%22CHARENTON+TENNIS+DE+TABLE%22+tennis+de+table+France,48.822992,2.412554
CHARLEVILLE MEZIERES ARDENNES TT,France,https://www.google.com/maps/search/?api=1&query=%22CHARLEVILLE+MEZIERES+ARDENNES+TT%22+tennis+de+table+France,49.759548,4.728616
CHARLY-ETAMPES PC,France,https://www.google.com/maps/search/?api=1&query=%22CHARLY-ETAMPES+PC%22+tennis+de+table+France,49.034718,3.421172
CHARMEIL PPC,France,https://www.google.com/maps/search/?api=1&query=%22CHARMEIL+PPC%22+tennis+de+table+France,46.161373,3.383756
CHARMES-VINCEY T.T.,France,https://www.google.com/maps/search/?api=1&query=%22CHARMES-VINCEY+T.T.%22+tennis+de+table+France,48.367848,6.290076
CHARTRES ESPERANCE,France,https://www.google.com/maps/search/?api=1&query=%22CHARTRES+ESPERANCE%22+tennis+de+table+France,48.042670,-1.699285
CHARTREUSE TENNIS DE TABLE,France,https://www.google.com/maps/search/?api=1&query=%22CHARTREUSE+TENNIS+DE+TABLE%22+tennis+de+table+France,45.388005,5.735787
Chasseneuil Ping Developpement,France,https://www.google.com/maps/search/?api=1&query=%22Chasseneuil+Ping+Developpement%22+tennis+de+table+France,46.684335,0.266920
Chasseneuil T.T.C.,France,https://www.google.com/maps/search/?api=1&query=%22Chasseneuil+T.T.C.%22+tennis+de+table+France,45.822497,0.458262
CHATEAU DU LOIR ASCC,France,https://www.google.com/maps/search/?api=1&query=%22CHATEAU+DU+LOIR+ASCC%22+tennis+de+table+France,47.683286,0.424557
CHATEAU GONTIER Tennis de Table,France,https://www.google.com/maps/search/?api=1&query=%22CHATEAU+GONTIER+Tennis+de+Table%22+tennis+de+table+France,47.829820,-0.716201
CHATEAU THIERRY CTT,France,https://www.google.com/maps/search/?api=1&query=%22CHATEAU+THIERRY+CTT%22+tennis+de+table+France,49.040308,3.398790
Chateaubernard SL TT,France,https://www.google.com/maps/search/?api=1&query=%22Chateaubernard+SL+TT%22+tennis+de+table+France,45.675547,-0.320881
CHATEAUBRIANT TENNIS TABLE,France,https://www.google.com/maps/search/?api=1&query=%22CHATEAUBRIANT+TENNIS+TABLE%22+tennis+de+table+France,47.713455,-1.389748
CHATEAUGIRON T.T.,France,https://www.google.com/maps/search/?api=1&query=%22CHATEAUGIRON+T.T.%22+tennis+de+table+France,48.044098,-1.499526
CHATEAUNEUF TT,France,https://www.google.com/maps/search/?api=1&query=%22CHATEAUNEUF+TT%22+tennis+de+table+France,47.866669,2.221759
Chateauneuf TT Castelnovien,France,https://www.google.com/maps/search/?api=1&query=%22Chateauneuf+TT+Castelnovien%22+tennis+de+table+France,45.593981,-0.052255
CHATENAY MALABRY  T T ASV,France,https://www.google.com/maps/search/?api=1&query=%22CHATENAY+MALABRY++T+T+ASV%22+tennis+de+table+France,48.764602,2.267375
CHATENOIS C.C.A.,France,https://www.google.com/maps/search/?api=1&query=%22CHATENOIS+C.C.A.%22+tennis+de+table+France,48.270657,7.399569
Chatillon PPC,France,https://www.google.com/maps/search/?api=1&query=%22Chatillon+PPC%22+tennis+de+table+France,46.661608,-0.232965
CHATILLON S/COLMONT Amicale,France,https://www.google.com/maps/search/?api=1&query=%22CHATILLON+S%2FCOLMONT+Amicale%22+tennis+de+table+France,48.337611,-0.745632
CHATOU CROISSY TT,France,https://www.google.com/maps/search/?api=1&query=%22CHATOU+CROISSY+TT%22+tennis+de+table+France,48.885942,2.161562
CHATRES LA FORET C.F.L,France,https://www.google.com/maps/search/?api=1&query=%22CHATRES+LA+FORET+C.F.L%22+tennis+de+table+France,48.133453,-0.431899
CHAUCHE US,France,https://www.google.com/maps/search/?api=1&query=%22CHAUCHE+US%22+tennis+de+table+France,46.828333,-1.268976
CHAUMES EN RETZ TT,France,https://www.google.com/maps/search/?api=1&query=%22CHAUMES+EN+RETZ+TT%22+tennis+de+table+France,47.127490,-1.919773
CHAUMONT ECAC,France,https://www.google.com/maps/search/?api=1&query=%22CHAUMONT+ECAC%22+tennis+de+table+France,48.104113,5.146332
CHAUNY-AUTREVILLE ACTT,France,https://www.google.com/maps/search/?api=1&query=%22CHAUNY-AUTREVILLE+ACTT%22+tennis+de+table+France,49.626100,3.229400
Chauvigny T.T.,France,https://www.google.com/maps/search/?api=1&query=%22Chauvigny+T.T.%22+tennis+de+table+France,46.566185,0.642794
CHAVAGNES EN P. STL,France,https://www.google.com/maps/search/?api=1&query=%22CHAVAGNES+EN+P.+STL%22+tennis+de+table+France,46.888969,-1.254380
Chazellois Copains Pongistes,France,https://www.google.com/maps/search/?api=1&query=%22Chazellois+Copains+Pongistes%22+tennis+de+table+France,45.647016,0.366518
CHELLES TENNIS DE TABLE,France,https://www.google.com/maps/search/?api=1&query=%22CHELLES+TENNIS+DE+TABLE%22+tennis+de+table+France,48.889684,2.612306
CHEMAZE Tennis de Table,France,https://www.google.com/maps/search/?api=1&query=%22CHEMAZE+Tennis+de+Table%22+tennis+de+table+France,47.786388,-0.770385
CHEMILLÉ Olympique T.T.,France,https://www.google.com/maps/search/?api=1&query=%22CHEMILL%C3%89+Olympique+T.T.%22+tennis+de+table+France,47.216116,-0.727233
CHEPY ASCJ,France,https://www.google.com/maps/search/?api=1&query=%22CHEPY+ASCJ%22+tennis+de+table+France,48.872605,4.464116
CHEPY TENNIS DE TABLE ,France,https://www.google.com/maps/search/?api=1&query=%22CHEPY+TENNIS+DE+TABLE+%22+tennis+de+table+France,50.062820,1.642970
CHERBOURG ASTT,France,https://www.google.com/maps/search/?api=1&query=%22CHERBOURG+ASTT%22+tennis+de+table+France,49.634623,-1.634520
CHERBOURG US,France,https://www.google.com/maps/search/?api=1&query=%22CHERBOURG+US%22+tennis+de+table+France,49.674037,-1.732490
Cherveux A R,France,https://www.google.com/maps/search/?api=1&query=%22Cherveux+A+R%22+tennis+de+table+France,46.417987,-0.355113
CHESNAY 78 AS,France,https://www.google.com/maps/search/?api=1&query=%22CHESNAY+78+AS%22+tennis+de+table+France,48.820639,2.119471
CHEVANNES - TENNIS DE TABLE,France,https://www.google.com/maps/search/?api=1&query=%22CHEVANNES+-+TENNIS+DE+TABLE%22+tennis+de+table+France,48.131256,2.833222
CHEVIGNY TENNIS DE TABLE,France,https://www.google.com/maps/search/?api=1&query=%22CHEVIGNY+TENNIS+DE+TABLE%22+tennis+de+table+France,47.299966,5.134380
CHEVILLY ELAN,France,https://www.google.com/maps/search/?api=1&query=%22CHEVILLY+ELAN%22+tennis+de+table+France,48.774735,2.363531
CHEVROLIERE DU LAC TT,France,https://www.google.com/maps/search/?api=1&query=%22CHEVROLIERE+DU+LAC+TT%22+tennis+de+table+France,47.092659,-1.614223
CHEVRY II,France,https://www.google.com/maps/search/?api=1&query=%22CHEVRY+II%22+tennis+de+table+France,48.683156,2.116529
Chicago Wind,USA,https://www.google.com/maps/search/?api=1&query=%22Chicago+Wind%22+table+tennis+USA,38.383898,-97.910049
CHILLY-MORANGIS CTT,France,https://www.google.com/maps/search/?api=1&query=%22CHILLY-MORANGIS+CTT%22+tennis+de+table+France,48.707803,2.323964
CHIMILIN ABRETS PONT TT CAPTT,France,https://www.google.com/maps/search/?api=1&query=%22CHIMILIN+ABRETS+PONT+TT+CAPTT%22+tennis+de+table+France,45.534747,5.592172
CHOISY AU BAC CTT,France,https://www.google.com/maps/search/?api=1&query=%22CHOISY+AU+BAC+CTT%22+tennis+de+table+France,49.446325,2.883155
CHOISY LE ROI TT,France,https://www.google.com/maps/search/?api=1&query=%22CHOISY+LE+ROI+TT%22+tennis+de+table+France,48.762900,2.424790
Cholet Alliance Tennis de Table,France,https://www.google.com/maps/search/?api=1&query=%22Cholet+Alliance+Tennis+de+Table%22+tennis+de+table+France,47.046198,-0.889077
CIDADE NARON TM,Espagne,https://www.google.com/maps/search/?api=1&query=%22CIDADE+NARON+TM%22+tenis+de+mesa+Espa%C3%B1a,43.501098,-8.192309
CIVAUX-VALDIVIENNE TT,France,https://www.google.com/maps/search/?api=1&query=%22CIVAUX-VALDIVIENNE+TT%22+tennis+de+table+France,46.498221,0.627672
Civray TT,France,https://www.google.com/maps/search/?api=1&query=%22Civray+TT%22+tennis+de+table+France,46.149004,0.293875
CJ.MONT PRES CHAMBORD,France,https://www.google.com/maps/search/?api=1&query=%22CJ.MONT+PRES+CHAMBORD%22+tennis+de+table+France,47.560500,1.455800
CJF / SAINT-MALO U.P.,France,https://www.google.com/maps/search/?api=1&query=%22CJF+%2F+SAINT-MALO+U.P.%22+tennis+de+table+France,48.629696,-1.998739
CJM BOURGES TT,France,https://www.google.com/maps/search/?api=1&query=%22CJM+BOURGES+TT%22+tennis+de+table+France,47.099480,2.418439
CL CHAPDES-COMBRAILLES,France,https://www.google.com/maps/search/?api=1&query=%22CL+CHAPDES-COMBRAILLES%22+tennis+de+table+France,45.905618,2.862125
CL MARSANNAY TENNIS DE TABLE,France,https://www.google.com/maps/search/?api=1&query=%22CL+MARSANNAY+TENNIS+DE+TABLE%22+tennis+de+table+France,47.271065,4.991932
CL TOURLAVILLE TENNIS DE TABLE,France,https://www.google.com/maps/search/?api=1&query=%22CL+TOURLAVILLE+TENNIS+DE+TABLE%22+tennis+de+table+France,49.638363,-1.594737
CL UXELLOIS TT,France,https://www.google.com/maps/search/?api=1&query=%22CL+UXELLOIS+TT%22+tennis+de+table+France,47.895264,1.701967
CLAMART CSM,France,https://www.google.com/maps/search/?api=1&query=%22CLAMART+CSM%22+tennis+de+table+France,48.811111,2.264880
CLARY TENNIS DE TABLE,France,https://www.google.com/maps/search/?api=1&query=%22CLARY+TENNIS+DE+TABLE%22+tennis+de+table+France,50.077112,3.397521
CLAVY WARBY ASL,France,https://www.google.com/maps/search/?api=1&query=%22CLAVY+WARBY+ASL%22+tennis+de+table+France,49.752470,4.559720
CLAYES DU PING,France,https://www.google.com/maps/search/?api=1&query=%22CLAYES+DU+PING%22+tennis+de+table+France,48.820907,1.984952
CLAYES TENNIS DE TABLE,France,https://www.google.com/maps/search/?api=1&query=%22CLAYES+TENNIS+DE+TABLE%22+tennis+de+table+France,48.176040,-1.853282
CLEGUER TENNIS DE TABLE,France,https://www.google.com/maps/search/?api=1&query=%22CLEGUER+TENNIS+DE+TABLE%22+tennis+de+table+France,47.852472,-3.383639
CLERMONT EP,France,https://www.google.com/maps/search/?api=1&query=%22CLERMONT+EP%22+tennis+de+table+France,49.384146,2.413174
CLERMONT L HERAULT TT,France,https://www.google.com/maps/search/?api=1&query=%22CLERMONT+L+HERAULT+TT%22+tennis+de+table+France,43.634375,3.432513
CLERY ST ANDRE AAS,France,https://www.google.com/maps/search/?api=1&query=%22CLERY+ST+ANDRE+AAS%22+tennis+de+table+France,47.822865,1.761554
CLICHY SUR SEINE CS,France,https://www.google.com/maps/search/?api=1&query=%22CLICHY+SUR+SEINE+CS%22+tennis+de+table+France,48.901470,2.309123
CLIRON PPC,France,https://www.google.com/maps/search/?api=1&query=%22CLIRON+PPC%22+tennis+de+table+France,49.810165,4.612132
CLOUANGE T.T.,France,https://www.google.com/maps/search/?api=1&query=%22CLOUANGE+T.T.%22+tennis+de+table+France,49.263978,6.096947
CLTT MENCHHOFFEN,France,https://www.google.com/maps/search/?api=1&query=%22CLTT+MENCHHOFFEN%22+tennis+de+table+France,48.859770,7.492837
CLUB AJACCIEN T.T.,France,https://www.google.com/maps/search/?api=1&query=%22CLUB+AJACCIEN+T.T.%22+tennis+de+table+France,41.930748,8.737073
CLUB ARBRESLOIS PONGISTE,France,https://www.google.com/maps/search/?api=1&query=%22CLUB+ARBRESLOIS+PONGISTE%22+tennis+de+table+France,45.837253,4.618305
Club Athlétique Mayennais ,France,https://www.google.com/maps/search/?api=1&query=%22Club+Athl%C3%A9tique+Mayennais+%22+tennis+de+table+France,48.303274,-0.607786
CLUB COLONIAL,France,https://www.google.com/maps/search/?api=1&query=%22CLUB+COLONIAL%22+tennis+de+table+France,14.607475,-61.064490
Club de Tennis de Table de POISY,France,https://www.google.com/maps/search/?api=1&query=%22Club+de+Tennis+de+Table+de+POISY%22+tennis+de+table+France,45.919146,6.061415
CLUB DE TENNIS DE TABLE GESSIEN,France,https://www.google.com/maps/search/?api=1&query=%22CLUB+DE+TENNIS+DE+TABLE+GESSIEN%22+tennis+de+table+France,46.263442,6.115137
CLUB DEL MAR,Espagne,https://www.google.com/maps/search/?api=1&query=%22CLUB+DEL+MAR%22+tenis+de+mesa+Espa%C3%B1a,38.365967,-0.418985
Club des Jeunes RADDON LUXEUIL,France,https://www.google.com/maps/search/?api=1&query=%22Club+des+Jeunes+RADDON+LUXEUIL%22+tennis+de+table+France,47.843269,6.469556
CLUB DIONYSIEN TENNIS TABLE,France,https://www.google.com/maps/search/?api=1&query=%22CLUB+DIONYSIEN+TENNIS+TABLE%22+tennis+de+table+France,-20.887939,55.477296
CLUB FRANCISCAIN,France,https://www.google.com/maps/search/?api=1&query=%22CLUB+FRANCISCAIN%22+tennis+de+table+France,14.616068,-60.906947
CLUB HONFLEURAIS DE TENNIS DE TA,France,https://www.google.com/maps/search/?api=1&query=%22CLUB+HONFLEURAIS+DE+TENNIS+DE+TA%22+tennis+de+table+France,49.407301,0.240325
CLUB LOISIRS NOINTOTAIS,France,https://www.google.com/maps/search/?api=1&query=%22CLUB+LOISIRS+NOINTOTAIS%22+tennis+de+table+France,49.598601,0.477541
CLUB MAGDUNOIS TT,France,https://www.google.com/maps/search/?api=1&query=%22CLUB+MAGDUNOIS+TT%22+tennis+de+table+France,47.832596,1.680507
Club Olympique Plouhatin,France,https://www.google.com/maps/search/?api=1&query=%22Club+Olympique+Plouhatin%22+tennis+de+table+France,48.673633,-2.932850
CLUB PONGISTE BELLENEUVOIS,France,https://www.google.com/maps/search/?api=1&query=%22CLUB+PONGISTE+BELLENEUVOIS%22+tennis+de+table+France,47.366666,5.262581
CLUB PONGISTE CHAPELAND,France,https://www.google.com/maps/search/?api=1&query=%22CLUB+PONGISTE+CHAPELAND%22+tennis+de+table+France,45.570165,5.486810
CLUB PONGISTE CHATEAU-THEBAUD,France,https://www.google.com/maps/search/?api=1&query=%22CLUB+PONGISTE+CHATEAU-THEBAUD%22+tennis+de+table+France,47.125287,-1.423470
CLUB PONGISTE DE GIROMAGNY,France,https://www.google.com/maps/search/?api=1&query=%22CLUB+PONGISTE+DE+GIROMAGNY%22+tennis+de+table+France,47.741545,6.823368
CLUB PONGISTE DE ST SAENS,France,https://www.google.com/maps/search/?api=1&query=%22CLUB+PONGISTE+DE+ST+SAENS%22+tennis+de+table+France,49.675583,1.288505
CLUB PONGISTE DU GATINAIS,France,https://www.google.com/maps/search/?api=1&query=%22CLUB+PONGISTE+DU+GATINAIS%22+tennis+de+table+France,48.170442,2.247348
CLUB PONGISTE GENLISSIEN,France,https://www.google.com/maps/search/?api=1&query=%22CLUB+PONGISTE+GENLISSIEN%22+tennis+de+table+France,47.242495,5.225436
Club Pongiste Mioland,France,https://www.google.com/maps/search/?api=1&query=%22Club+Pongiste+Mioland%22+tennis+de+table+France,45.669044,4.954915
CLUB PONGISTE MONTCELLIEN,France,https://www.google.com/maps/search/?api=1&query=%22CLUB+PONGISTE+MONTCELLIEN%22+tennis+de+table+France,46.675159,4.367087
Club Pongiste Nieulais,France,https://www.google.com/maps/search/?api=1&query=%22Club+Pongiste+Nieulais%22+tennis+de+table+France,46.205890,-1.168040
CLUB PONGISTE ORANGEOIS,France,https://www.google.com/maps/search/?api=1&query=%22CLUB+PONGISTE+ORANGEOIS%22+tennis+de+table+France,44.131773,4.831184
Club Pongiste PUSIGNAN,France,https://www.google.com/maps/search/?api=1&query=%22Club+Pongiste+PUSIGNAN%22+tennis+de+table+France,45.756892,5.072530
Club Pongiste Rochelais,France,https://www.google.com/maps/search/?api=1&query=%22Club+Pongiste+Rochelais%22+tennis+de+table+France,46.143411,-1.150430
CLUB PONGISTE SARTENE,France,https://www.google.com/maps/search/?api=1&query=%22CLUB+PONGISTE+SARTENE%22+tennis+de+table+France,41.524807,8.957750
Club Pongiste ST PRIEST,France,https://www.google.com/maps/search/?api=1&query=%22Club+Pongiste+ST+PRIEST%22+tennis+de+table+France,45.685913,4.943936
CLUB PONGISTE VATANAIS,France,https://www.google.com/maps/search/?api=1&query=%22CLUB+PONGISTE+VATANAIS%22+tennis+de+table+France,47.073006,1.806948
CLUB PONGISTES BUZANCEENS,France,https://www.google.com/maps/search/?api=1&query=%22CLUB+PONGISTES+BUZANCEENS%22+tennis+de+table+France,46.888546,1.424308
CLUB SANGUINETOIS TT,France,https://www.google.com/maps/search/?api=1&query=%22CLUB+SANGUINETOIS+TT%22+tennis+de+table+France,44.469937,-1.069262
CLUB SPORTIF BOUCALAIS,France,https://www.google.com/maps/search/?api=1&query=%22CLUB+SPORTIF+BOUCALAIS%22+tennis+de+table+France,43.790600,-1.400790
CLUB SPORTIF FAOUETAIS,France,https://www.google.com/maps/search/?api=1&query=%22CLUB+SPORTIF+FAOUETAIS%22+tennis+de+table+France,48.033280,-3.499496
Club Sportif VULPILLIEN T.T.,France,https://www.google.com/maps/search/?api=1&query=%22Club+Sportif+VULPILLIEN+T.T.%22+tennis+de+table+France,45.641994,5.132910
CLUB TDT FRECHOIS,France,https://www.google.com/maps/search/?api=1&query=%22CLUB+TDT+FRECHOIS%22+tennis+de+table+France,43.928691,-0.246364
CLUB TENNIS DE TABLE AUPSOIS,France,https://www.google.com/maps/search/?api=1&query=%22CLUB+TENNIS+DE+TABLE+AUPSOIS%22+tennis+de+table+France,43.654759,6.165992
CLUB TENNIS DE TABLE FEILLENS,France,https://www.google.com/maps/search/?api=1&query=%22CLUB+TENNIS+DE+TABLE+FEILLENS%22+tennis+de+table+France,46.336332,4.890777
Club Tennis Table BELLEY-YENNE,France,https://www.google.com/maps/search/?api=1&query=%22Club+Tennis+Table+BELLEY-YENNE%22+tennis+de+table+France,45.760515,5.684278
CLUB TENNIS TABLE LOURDAIS,France,https://www.google.com/maps/search/?api=1&query=%22CLUB+TENNIS+TABLE+LOURDAIS%22+tennis+de+table+France,43.097481,-0.038717
CLUB TOTANA TM,Espagne,https://www.google.com/maps/search/?api=1&query=%22CLUB+TOTANA+TM%22+tenis+de+mesa+Espa%C3%B1a,37.757875,-1.512008
CLUB TT AUDENGEOIS,France,https://www.google.com/maps/search/?api=1&query=%22CLUB+TT+AUDENGEOIS%22+tennis+de+table+France,44.686021,-1.013500
CLUB TT COGOLIN,France,https://www.google.com/maps/search/?api=1&query=%22CLUB+TT+COGOLIN%22+tennis+de+table+France,43.253029,6.541670
CLUB VALETTOIS TT,France,https://www.google.com/maps/search/?api=1&query=%22CLUB+VALETTOIS+TT%22+tennis+de+table+France,43.139284,5.978592
CLUB.PONGISTE. SAINT CYPRIEN,France,https://www.google.com/maps/search/?api=1&query=%22CLUB.PONGISTE.+SAINT+CYPRIEN%22+tennis+de+table+France,46.496437,1.390188
CLUSES TENNIS DE TABLE,France,https://www.google.com/maps/search/?api=1&query=%22CLUSES+TENNIS+DE+TABLE%22+tennis+de+table+France,46.062651,6.577666
CMPJM INGRE TT,France,https://www.google.com/maps/search/?api=1&query=%22CMPJM+INGRE+TT%22+tennis+de+table+France,47.921523,1.836172
CNRS BELLEVUE SPORTS,France,https://www.google.com/maps/search/?api=1&query=%22CNRS+BELLEVUE+SPORTS%22+tennis+de+table+France,48.847755,2.263801
CO BELLEGARDE TT,France,https://www.google.com/maps/search/?api=1&query=%22CO+BELLEGARDE+TT%22+tennis+de+table+France,43.756706,4.516826
COBRAS DU LYS,France,https://www.google.com/maps/search/?api=1&query=%22COBRAS+DU+LYS%22+tennis+de+table+France,48.520840,2.641520
COEUR PERCHE AP,France,https://www.google.com/maps/search/?api=1&query=%22COEUR+PERCHE+AP%22+tennis+de+table+France,48.435081,0.901151
COEX CP,France,https://www.google.com/maps/search/?api=1&query=%22COEX+CP%22+tennis+de+table+France,46.696362,-1.753508
COF DUNOISE PONGISTE,France,https://www.google.com/maps/search/?api=1&query=%22COF+DUNOISE+PONGISTE%22+tennis+de+table+France,49.812811,0.850107
Cognac UA,France,https://www.google.com/maps/search/?api=1&query=%22Cognac+UA%22+tennis+de+table+France,45.674680,-0.319308
COLLADO,Espagne,https://www.google.com/maps/search/?api=1&query=%22COLLADO%22+tenis+de+mesa+Espa%C3%B1a,40.057329,-5.720944
COLLERET OSTERGNIES TT,France,https://www.google.com/maps/search/?api=1&query=%22COLLERET+OSTERGNIES+TT%22+tennis+de+table+France,50.255890,4.073134
COLMAR AJE,France,https://www.google.com/maps/search/?api=1&query=%22COLMAR+AJE%22+tennis+de+table+France,48.082553,7.352022
COLMAR MJC,France,https://www.google.com/maps/search/?api=1&query=%22COLMAR+MJC%22+tennis+de+table+France,48.082553,7.352022
COLOMARS OLYMPIC CLUB TT,France,https://www.google.com/maps/search/?api=1&query=%22COLOMARS+OLYMPIC+CLUB+TT%22+tennis+de+table+France,43.765858,7.223152
COLOMBES ES,France,https://www.google.com/maps/search/?api=1&query=%22COLOMBES+ES%22+tennis+de+table+France,48.920350,2.244730
Colombey les Deux Eglises APC,France,https://www.google.com/maps/search/?api=1&query=%22Colombey+les+Deux+Eglises+APC%22+tennis+de+table+France,48.222532,4.890858
COLSG LAIGNE SAINT GERVAIS,France,https://www.google.com/maps/search/?api=1&query=%22COLSG+LAIGNE+SAINT+GERVAIS%22+tennis+de+table+France,47.878280,0.224450
Combrand U.P.,France,https://www.google.com/maps/search/?api=1&query=%22Combrand+U.P.%22+tennis+de+table+France,46.864318,-0.695458
COMBS SENART TT,France,https://www.google.com/maps/search/?api=1&query=%22COMBS+SENART+TT%22+tennis+de+table+France,48.661369,2.563168
COMINES PPC,France,https://www.google.com/maps/search/?api=1&query=%22COMINES+PPC%22+tennis+de+table+France,50.759505,3.013863
COMMENTRY TENNIS DE TABLE,France,https://www.google.com/maps/search/?api=1&query=%22COMMENTRY+TENNIS+DE+TABLE%22+tennis+de+table+France,46.291179,2.733650
COMMEQUIERS TT,France,https://www.google.com/maps/search/?api=1&query=%22COMMEQUIERS+TT%22+tennis+de+table+France,46.758223,-1.833435
COMMER Etoile Bleue,France,https://www.google.com/maps/search/?api=1&query=%22COMMER+Etoile+Bleue%22+tennis+de+table+France,48.234300,-0.619852
COMMERCANTS (LES),France,https://www.google.com/maps/search/?api=1&query=%22COMMERCANTS+%28LES%29%22+tennis+de+table+France,47.205302,-1.546068
COMMERCY P.P.C.,France,https://www.google.com/maps/search/?api=1&query=%22COMMERCY+P.P.C.%22+tennis+de+table+France,48.757629,5.587040
Compagnie Transports Strasbourg,France,https://www.google.com/maps/search/?api=1&query=%22Compagnie+Transports+Strasbourg%22+tennis+de+table+France,48.591951,7.719434
COMT PONTHIERRY,France,https://www.google.com/maps/search/?api=1&query=%22COMT+PONTHIERRY%22+tennis+de+table+France,48.529232,2.541846
CONDE EN BRIE UTT,France,https://www.google.com/maps/search/?api=1&query=%22CONDE+EN+BRIE+UTT%22+tennis+de+table+France,49.006242,3.553762
CONDE SUR ESCAUT TT,France,https://www.google.com/maps/search/?api=1&query=%22CONDE+SUR+ESCAUT+TT%22+tennis+de+table+France,50.461116,3.584234
CONDE/NOIREAU SLSN,France,https://www.google.com/maps/search/?api=1&query=%22CONDE%2FNOIREAU+SLSN%22+tennis+de+table+France,48.849973,-0.553854
CONFLANS US,France,https://www.google.com/maps/search/?api=1&query=%22CONFLANS+US%22+tennis+de+table+France,48.996983,2.081747
Confolens Tennis de Table,France,https://www.google.com/maps/search/?api=1&query=%22Confolens+Tennis+de+Table%22+tennis+de+table+France,46.027128,0.663175
CONGENIES PPC,France,https://www.google.com/maps/search/?api=1&query=%22CONGENIES+PPC%22+tennis+de+table+France,43.781112,4.149762
CONNERRE-LOMBRON  MJ,France,https://www.google.com/maps/search/?api=1&query=%22CONNERRE-LOMBRON++MJ%22+tennis+de+table+France,48.059428,0.491798
CONTEST ST BAUDELLE,France,https://www.google.com/maps/search/?api=1&query=%22CONTEST+ST+BAUDELLE%22+tennis+de+table+France,48.280256,-0.640132
CONXO TM,Espagne,https://www.google.com/maps/search/?api=1&query=%22CONXO+TM%22+tenis+de+mesa+Espa%C3%B1a,42.853351,-8.565770
COQS PEUJARDAIS,France,https://www.google.com/maps/search/?api=1&query=%22COQS+PEUJARDAIS%22+tennis+de+table+France,45.044327,-0.426704
COQUELLES TT,France,https://www.google.com/maps/search/?api=1&query=%22COQUELLES+TT%22+tennis+de+table+France,50.932440,1.801264
CORBAS TENNIS DE TABLE,France,https://www.google.com/maps/search/?api=1&query=%22CORBAS+TENNIS+DE+TABLE%22+tennis+de+table+France,45.656319,4.900251
CORCOUEENNE,France,https://www.google.com/maps/search/?api=1&query=%22CORCOUEENNE%22+tennis+de+table+France,46.958724,-1.574784
CORCY TENNIS DE TABLE,France,https://www.google.com/maps/search/?api=1&query=%22CORCY+TENNIS+DE+TABLE%22+tennis+de+table+France,45.928013,4.957262
Corme Royal TTC,France,https://www.google.com/maps/search/?api=1&query=%22Corme+Royal+TTC%22+tennis+de+table+France,45.747571,-0.812954
CORNE TTC,France,https://www.google.com/maps/search/?api=1&query=%22CORNE+TTC%22+tennis+de+table+France,47.447302,-0.349478
CORPO 35 TT,France,https://www.google.com/maps/search/?api=1&query=%22CORPO+35+TT%22+tennis+de+table+France,48.126246,-1.699543
CORPO 37,France,https://www.google.com/maps/search/?api=1&query=%22CORPO+37%22+tennis+de+table+France,47.274407,0.847446
CORPO 45 TT,France,https://www.google.com/maps/search/?api=1&query=%22CORPO+45+TT%22+tennis+de+table+France,47.846178,1.916441
CORPO NIEVRE,France,https://www.google.com/maps/search/?api=1&query=%22CORPO+NIEVRE%22+tennis+de+table+France,46.980931,3.189619
CORPO NORMANDIE Tennis de Table,France,https://www.google.com/maps/search/?api=1&query=%22CORPO+NORMANDIE+Tennis+de+Table%22+tennis+de+table+France,49.400487,1.054184
CORPO PING 49,France,https://www.google.com/maps/search/?api=1&query=%22CORPO+PING+49%22+tennis+de+table+France,47.441583,-0.525291
CORPO TT 41,France,https://www.google.com/maps/search/?api=1&query=%22CORPO+TT+41%22+tennis+de+table+France,47.597881,1.338083
CORPO36 TENNIS DE TABLE,France,https://www.google.com/maps/search/?api=1&query=%22CORPO36+TENNIS+DE+TABLE%22+tennis+de+table+France,46.797682,1.724120
CORPOS CD 21,France,https://www.google.com/maps/search/?api=1&query=%22CORPOS+CD+21%22+tennis+de+table+France,47.331487,5.091451
CORRIOL,Espagne,https://www.google.com/maps/search/?api=1&query=%22CORRIOL%22+tenis+de+mesa+Espa%C3%B1a,42.030773,2.469223
CORUÑA,Espagne,https://www.google.com/maps/search/?api=1&query=%22CORU%C3%91A%22+tenis+de+mesa+Espa%C3%B1a,43.153994,-8.580508
COSMA TENNIS DE TABLE,France,https://www.google.com/maps/search/?api=1&query=%22COSMA+TENNIS+DE+TABLE%22+tennis+de+table+France,5.497147,-54.029895
COSSE LE VIVIEN,France,https://www.google.com/maps/search/?api=1&query=%22COSSE+LE+VIVIEN%22+tennis+de+table+France,47.948447,-0.913654
COTE D AMOUR T.T.,France,https://www.google.com/maps/search/?api=1&query=%22COTE+D+AMOUR+T.T.%22+tennis+de+table+France,47.257320,-2.332786
COTE DES ISLES TT,France,https://www.google.com/maps/search/?api=1&query=%22COTE+DES+ISLES+TT%22+tennis+de+table+France,49.380263,-1.755664
COTE VERMEILLE TT,France,https://www.google.com/maps/search/?api=1&query=%22COTE+VERMEILLE+TT%22+tennis+de+table+France,42.480356,3.124783
COTEAUX BELLEVUE TT,France,https://www.google.com/maps/search/?api=1&query=%22COTEAUX+BELLEVUE+TT%22+tennis+de+table+France,43.687340,1.481262
COTELOISE TT MAUMUSSON,France,https://www.google.com/maps/search/?api=1&query=%22COTELOISE+TT+MAUMUSSON%22+tennis+de+table+France,47.453476,-1.162312
COUDEKERQUE-BRANCHE TT,France,https://www.google.com/maps/search/?api=1&query=%22COUDEKERQUE-BRANCHE+TT%22+tennis+de+table+France,51.013734,2.388063
COUDUN SL,France,https://www.google.com/maps/search/?api=1&query=%22COUDUN+SL%22+tennis+de+table+France,49.463135,2.811480
COUERON T.T.,France,https://www.google.com/maps/search/?api=1&query=%22COUERON+T.T.%22+tennis+de+table+France,47.211171,-1.733840
COUETS (LES),France,https://www.google.com/maps/search/?api=1&query=%22COUETS+%28LES%29%22+tennis+de+table+France,47.169756,-1.623639
COULAINES JS,France,https://www.google.com/maps/search/?api=1&query=%22COULAINES+JS%22+tennis+de+table+France,48.023896,0.202430
COULOGNE TTC,France,https://www.google.com/maps/search/?api=1&query=%22COULOGNE+TTC%22+tennis+de+table+France,50.925484,1.878016
COULOMMIERS TT,France,https://www.google.com/maps/search/?api=1&query=%22COULOMMIERS+TT%22+tennis+de+table+France,48.813848,3.079863
COUPELLE-NEUVE FR,France,https://www.google.com/maps/search/?api=1&query=%22COUPELLE-NEUVE+FR%22+tennis+de+table+France,50.517123,2.128222
COURBEVOIE SPORT TENNIS DE TABLE,France,https://www.google.com/maps/search/?api=1&query=%22COURBEVOIE+SPORT+TENNIS+DE+TABLE%22+tennis+de+table+France,48.901644,2.259404
COURCHELETTES AP,France,https://www.google.com/maps/search/?api=1&query=%22COURCHELETTES+AP%22+tennis+de+table+France,50.340968,3.066909
COURCITE AS,France,https://www.google.com/maps/search/?api=1&query=%22COURCITE+AS%22+tennis+de+table+France,48.310444,-0.251442
COURDIMANCHE C.O.,France,https://www.google.com/maps/search/?api=1&query=%22COURDIMANCHE+C.O.%22+tennis+de+table+France,49.046339,2.002922
Courlay La Raquette,France,https://www.google.com/maps/search/?api=1&query=%22Courlay+La+Raquette%22+tennis+de+table+France,46.778087,-0.568785
COURMELLES CROUY ETT,France,https://www.google.com/maps/search/?api=1&query=%22COURMELLES+CROUY+ETT%22+tennis+de+table+France,49.404011,3.360080
COURNONTERRAL  TT,France,https://www.google.com/maps/search/?api=1&query=%22COURNONTERRAL++TT%22+tennis+de+table+France,43.555980,3.715259
COURTISOLS VOLONTAIRE,France,https://www.google.com/maps/search/?api=1&query=%22COURTISOLS+VOLONTAIRE%22+tennis+de+table+France,48.988574,4.516419
COURTONNE LA MEURDRAC FRTT,France,https://www.google.com/maps/search/?api=1&query=%22COURTONNE+LA+MEURDRAC+FRTT%22+tennis+de+table+France,49.118923,0.336903
COUTANCES JA TT,France,https://www.google.com/maps/search/?api=1&query=%22COUTANCES+JA+TT%22+tennis+de+table+France,49.053255,-1.433358
COUZEIX TENNIS DE TABLE (87),France,https://www.google.com/maps/search/?api=1&query=%22COUZEIX+TENNIS+DE+TABLE+%2887%29%22+tennis+de+table+France,45.880419,1.242162
Cozes club pongiste,France,https://www.google.com/maps/search/?api=1&query=%22Cozes+club+pongiste%22+tennis+de+table+France,45.581033,-0.831190
CP ALVITO,Portugal,https://www.google.com/maps/search/?api=1&query=%22CP+ALVITO%22+t%C3%A9nis+de+mesa+Portugal,38.255967,-7.991803
CP AUSCITAIN,France,https://www.google.com/maps/search/?api=1&query=%22CP+AUSCITAIN%22+tennis+de+table+France,43.654885,0.590810
CP BARENTIN,France,https://www.google.com/maps/search/?api=1&query=%22CP+BARENTIN%22+tennis+de+table+France,49.545680,0.955254
CP BUCHY,France,https://www.google.com/maps/search/?api=1&query=%22CP+BUCHY%22+tennis+de+table+France,49.585258,1.362559
CP CANYCAIS,France,https://www.google.com/maps/search/?api=1&query=%22CP+CANYCAIS%22+tennis+de+table+France,49.784830,0.640761
CP CHAMBOST LONGESSAIGNE,France,https://www.google.com/maps/search/?api=1&query=%22CP+CHAMBOST+LONGESSAIGNE%22+tennis+de+table+France,45.774094,4.366449
CP DU BAS ARMAGNAC,France,https://www.google.com/maps/search/?api=1&query=%22CP+DU+BAS+ARMAGNAC%22+tennis+de+table+France,43.902788,-0.194572
CP FLEURANTIN,France,https://www.google.com/maps/search/?api=1&query=%22CP+FLEURANTIN%22+tennis+de+table+France,43.851787,0.661444
CP GIVORS,France,https://www.google.com/maps/search/?api=1&query=%22CP+GIVORS%22+tennis+de+table+France,45.568951,4.794560
CP GRANDCAMP,France,https://www.google.com/maps/search/?api=1&query=%22CP+GRANDCAMP%22+tennis+de+table+France,49.527990,0.567959
CP PATAY ,France,https://www.google.com/maps/search/?api=1&query=%22CP+PATAY+%22+tennis+de+table+France,48.054582,1.693639
CP PAVILLY,France,https://www.google.com/maps/search/?api=1&query=%22CP+PAVILLY%22+tennis+de+table+France,49.567697,0.940702
CP QUEVILLAIS,France,https://www.google.com/maps/search/?api=1&query=%22CP+QUEVILLAIS%22+tennis+de+table+France,49.414184,1.063541
CP SERPA,Portugal,https://www.google.com/maps/search/?api=1&query=%22CP+SERPA%22+t%C3%A9nis+de+mesa+Portugal,37.943652,-7.596690
CP ST GIRONNAIS,France,https://www.google.com/maps/search/?api=1&query=%22CP+ST+GIRONNAIS%22+tennis+de+table+France,42.989140,1.139344
CP YVETOT,France,https://www.google.com/maps/search/?api=1&query=%22CP+YVETOT%22+tennis+de+table+France,49.617523,0.767943
CP. LEVROUX,France,https://www.google.com/maps/search/?api=1&query=%22CP.+LEVROUX%22+tennis+de+table+France,46.975400,1.608650
CPS 10eme,France,https://www.google.com/maps/search/?api=1&query=%22CPS+10eme%22+tennis+de+table+France,48.872742,2.356874
CR.LEOES PORTO SALVO,Portugal,https://www.google.com/maps/search/?api=1&query=%22CR.LEOES+PORTO+SALVO%22+t%C3%A9nis+de+mesa+Portugal,41.285205,-8.291948
CRAN ANNECY TT,France,https://www.google.com/maps/search/?api=1&query=%22CRAN+ANNECY+TT%22+tennis+de+table+France,45.910147,6.112865
CRAON E.S,France,https://www.google.com/maps/search/?api=1&query=%22CRAON+E.S%22+tennis+de+table+France,47.845331,-0.939837
CRAVANT SL,France,https://www.google.com/maps/search/?api=1&query=%22CRAVANT+SL%22+tennis+de+table+France,47.828394,1.575483
CRC NEVES,Portugal,https://www.google.com/maps/search/?api=1&query=%22CRC+NEVES%22+t%C3%A9nis+de+mesa+Portugal,41.285205,-8.291948
CRD ARRUDENSE,Portugal,https://www.google.com/maps/search/?api=1&query=%22CRD+ARRUDENSE%22+t%C3%A9nis+de+mesa+Portugal,38.981879,-9.076716
CREDIT AGRICOLE,France,https://www.google.com/maps/search/?api=1&query=%22CREDIT+AGRICOLE%22+tennis+de+table+France,47.581246,1.316402
CREDIT MUTUEL AS,France,https://www.google.com/maps/search/?api=1&query=%22CREDIT+MUTUEL+AS%22+tennis+de+table+France,48.598804,7.772226
CREDIT MUTUEL ASCM TT,France,https://www.google.com/maps/search/?api=1&query=%22CREDIT+MUTUEL+ASCM+TT%22+tennis+de+table+France,47.253977,-1.475773
CREPY EN VALOIS US,France,https://www.google.com/maps/search/?api=1&query=%22CREPY+EN+VALOIS+US%22+tennis+de+table+France,49.225457,2.883198
CREPY TT,France,https://www.google.com/maps/search/?api=1&query=%22CREPY+TT%22+tennis+de+table+France,49.612362,3.513946
CRESSONNIERE TENNIS DE TABLE,France,https://www.google.com/maps/search/?api=1&query=%22CRESSONNIERE+TENNIS+DE+TABLE%22+tennis+de+table+France,-20.976695,55.660422
CREUTZWALD E.P.,France,https://www.google.com/maps/search/?api=1&query=%22CREUTZWALD+E.P.%22+tennis+de+table+France,49.201952,6.699777
CREUTZWALD Tennis de Table,France,https://www.google.com/maps/search/?api=1&query=%22CREUTZWALD+Tennis+de+Table%22+tennis+de+table+France,49.201952,6.699777
CREVECOEUR-LESDAIN-RUES A,France,https://www.google.com/maps/search/?api=1&query=%22CREVECOEUR-LESDAIN-RUES+A%22+tennis+de+table+France,50.105521,3.250147
CRISENOY TT,France,https://www.google.com/maps/search/?api=1&query=%22CRISENOY+TT%22+tennis+de+table+France,,
CROISES ST ANDRE BAYONNE,France,https://www.google.com/maps/search/?api=1&query=%22CROISES+ST+ANDRE+BAYONNE%22+tennis+de+table+France,43.480187,-1.451338
CROISSY BEAUBOURG AS,France,https://www.google.com/maps/search/?api=1&query=%22CROISSY+BEAUBOURG+AS%22+tennis+de+table+France,48.826416,2.648264
CROIX ASVH,France,https://www.google.com/maps/search/?api=1&query=%22CROIX+ASVH%22+tennis+de+table+France,50.678291,3.149331
CROIXILLE L Etoile (la)ES,France,https://www.google.com/maps/search/?api=1&query=%22CROIXILLE+L+Etoile+%28la%29ES%22+tennis+de+table+France,48.205822,-1.059606
CROTH - EZY-GARENNES TT,France,https://www.google.com/maps/search/?api=1&query=%22CROTH+-+EZY-GARENNES+TT%22+tennis+de+table+France,48.909623,1.435471
CRUSEILLES TT,France,https://www.google.com/maps/search/?api=1&query=%22CRUSEILLES+TT%22+tennis+de+table+France,46.033166,6.104969
CS ANDELYS,France,https://www.google.com/maps/search/?api=1&query=%22CS+ANDELYS%22+tennis+de+table+France,49.247602,1.437401
CS BETHENY  TT,France,https://www.google.com/maps/search/?api=1&query=%22CS+BETHENY++TT%22+tennis+de+table+France,49.279683,4.052543
CS BONNEVILLOIS,France,https://www.google.com/maps/search/?api=1&query=%22CS+BONNEVILLOIS%22+tennis+de+table+France,48.997762,1.046720
CS COURTRY,France,https://www.google.com/maps/search/?api=1&query=%22CS+COURTRY%22+tennis+de+table+France,48.912480,2.604088
CS LOUVIGNE TT,France,https://www.google.com/maps/search/?api=1&query=%22CS+LOUVIGNE+TT%22+tennis+de+table+France,48.477378,-1.124249
CS Marítimo,Portugal,https://www.google.com/maps/search/?api=1&query=%22CS+Mar%C3%ADtimo%22+t%C3%A9nis+de+mesa+Portugal,32.646495,-16.928424
CS MEAUX TT,France,https://www.google.com/maps/search/?api=1&query=%22CS+MEAUX+TT%22+tennis+de+table+France,43.720892,7.287665
CSAN TARARE TENNIS TABLE,France,https://www.google.com/maps/search/?api=1&query=%22CSAN+TARARE+TENNIS+TABLE%22+tennis+de+table+France,45.897991,4.430116
CSC DE ORGENS,Portugal,https://www.google.com/maps/search/?api=1&query=%22CSC+DE+ORGENS%22+t%C3%A9nis+de+mesa+Portugal,40.663838,-7.937954
CSC Thouars,France,https://www.google.com/maps/search/?api=1&query=%22CSC+Thouars%22+tennis+de+table+France,46.986807,-0.227870
CSLG KELLERMANN,France,https://www.google.com/maps/search/?api=1&query=%22CSLG+KELLERMANN%22+tennis+de+table+France,48.820308,2.347652
CSMF PARIS TT,France,https://www.google.com/maps/search/?api=1&query=%22CSMF+PARIS+TT%22+tennis+de+table+France,48.842780,2.388830
CSTT CHAMONIX,France,https://www.google.com/maps/search/?api=1&query=%22CSTT+CHAMONIX%22+tennis+de+table+France,45.927928,6.873198
CSTT TALANT,France,https://www.google.com/maps/search/?api=1&query=%22CSTT+TALANT%22+tennis+de+table+France,47.338851,4.992601
CTM ALCALA 2000,Espagne,https://www.google.com/maps/search/?api=1&query=%22CTM+ALCALA+2000%22+tenis+de+mesa+Espa%C3%B1a,40.485858,-3.347068
CTM ALCAZAR,Espagne,https://www.google.com/maps/search/?api=1&query=%22CTM+ALCAZAR%22+tenis+de+mesa+Espa%C3%B1a,40.051587,-2.810039
CTM AYAMONTE,Espagne,https://www.google.com/maps/search/?api=1&query=%22CTM+AYAMONTE%22+tenis+de+mesa+Espa%C3%B1a,37.215797,-7.406017
CTM BOADILLA,Espagne,https://www.google.com/maps/search/?api=1&query=%22CTM+BOADILLA%22+tenis+de+mesa+Espa%C3%B1a,40.796757,-6.220534
CTM CORVERASTUR,Espagne,https://www.google.com/maps/search/?api=1&query=%22CTM+CORVERASTUR%22+tenis+de+mesa+Espa%C3%B1a,37.895835,-1.059931
CTM COSTA AZAHAR,Espagne,https://www.google.com/maps/search/?api=1&query=%22CTM+COSTA+AZAHAR%22+tenis+de+mesa+Espa%C3%B1a,36.412381,-5.192738
CTM CULLAR VEGA,Espagne,https://www.google.com/maps/search/?api=1&query=%22CTM+CULLAR+VEGA%22+tenis+de+mesa+Espa%C3%B1a,37.153542,-3.670319
CTM DE LAGOS,Portugal,https://www.google.com/maps/search/?api=1&query=%22CTM+DE+LAGOS%22+t%C3%A9nis+de+mesa+Portugal,37.218310,-7.444202
CTM DE LOUSADA,Portugal,https://www.google.com/maps/search/?api=1&query=%22CTM+DE+LOUSADA%22+t%C3%A9nis+de+mesa+Portugal,41.285205,-8.291948
CTM DE SETÚBAL,Portugal,https://www.google.com/maps/search/?api=1&query=%22CTM+DE+SET%C3%9ABAL%22+t%C3%A9nis+de+mesa+Portugal,38.524178,-8.893234
CTM EL RODEO,Espagne,https://www.google.com/maps/search/?api=1&query=%22CTM+EL+RODEO%22+tenis+de+mesa+Espa%C3%B1a,40.936186,-5.585143
CTM GAILAK,Espagne,https://www.google.com/maps/search/?api=1&query=%22CTM+GAILAK%22+tenis+de+mesa+Espa%C3%B1a,43.266111,-1.974742
CTM MIRANDELA,Portugal,https://www.google.com/maps/search/?api=1&query=%22CTM+MIRANDELA%22+t%C3%A9nis+de+mesa+Portugal,41.489615,-7.177479
CTM MOS,Espagne,https://www.google.com/maps/search/?api=1&query=%22CTM+MOS%22+tenis+de+mesa+Espa%C3%B1a,42.166581,-8.621853
CTM MURCIA,Espagne,https://www.google.com/maps/search/?api=1&query=%22CTM+MURCIA%22+tenis+de+mesa+Espa%C3%B1a,37.624186,-0.991750
CTM OLIVEIRINHA,Portugal,https://www.google.com/maps/search/?api=1&query=%22CTM+OLIVEIRINHA%22+t%C3%A9nis+de+mesa+Portugal,40.601775,-8.605865
CTM Ponta Sol,Portugal,https://www.google.com/maps/search/?api=1&query=%22CTM+Ponta+Sol%22+t%C3%A9nis+de+mesa+Portugal,38.724024,-28.265097
CTM Santa Teresinha,Portugal,https://www.google.com/maps/search/?api=1&query=%22CTM+Santa+Teresinha%22+t%C3%A9nis+de+mesa+Portugal,38.620405,-7.650056
CTM TECNIK ´87,Espagne,https://www.google.com/maps/search/?api=1&query=%22CTM+TECNIK+%C2%B487%22+tenis+de+mesa+Espa%C3%B1a,43.266331,-2.931087
CTM TOLEDO,Espagne,https://www.google.com/maps/search/?api=1&query=%22CTM+TOLEDO%22+tenis+de+mesa+Espa%C3%B1a,39.552049,-4.327145
CTM VIGO,Espagne,https://www.google.com/maps/search/?api=1&query=%22CTM+VIGO%22+tenis+de+mesa+Espa%C3%B1a,42.166581,-8.621853
CTM VILA REAL,Portugal,https://www.google.com/maps/search/?api=1&query=%22CTM+VILA+REAL%22+t%C3%A9nis+de+mesa+Portugal,37.213698,-7.442071
CTM. ILICITANO,Espagne,https://www.google.com/maps/search/?api=1&query=%22CTM.+ILICITANO%22+tenis+de+mesa+Espa%C3%B1a,38.291401,-0.625351
CTT ALTEA,Espagne,https://www.google.com/maps/search/?api=1&query=%22CTT+ALTEA%22+tenis+de+mesa+Espa%C3%B1a,38.602824,-0.047206
CTT AVIRON,France,https://www.google.com/maps/search/?api=1&query=%22CTT+AVIRON%22+tennis+de+table+France,49.056926,1.122526
CTT BADALONA,Espagne,https://www.google.com/maps/search/?api=1&query=%22CTT+BADALONA%22+tenis+de+mesa+Espa%C3%B1a,41.463208,2.254426
CTT BARCELONA,Espagne,https://www.google.com/maps/search/?api=1&query=%22CTT+BARCELONA%22+tenis+de+mesa+Espa%C3%B1a,41.414216,2.023059
CTT BORGES,Espagne,https://www.google.com/maps/search/?api=1&query=%22CTT+BORGES%22+tenis+de+mesa+Espa%C3%B1a,41.520332,0.868410
CTT BUSSY ST GEORGES,France,https://www.google.com/maps/search/?api=1&query=%22CTT+BUSSY+ST+GEORGES%22+tennis+de+table+France,48.844133,2.737835
CTT CALELLA,Espagne,https://www.google.com/maps/search/?api=1&query=%22CTT+CALELLA%22+tenis+de+mesa+Espa%C3%B1a,41.613746,2.663788
CTT CALVISSON,France,https://www.google.com/maps/search/?api=1&query=%22CTT+CALVISSON%22+tennis+de+table+France,43.782578,4.199602
CTT CEAULMONT-LES GRANGES,France,https://www.google.com/maps/search/?api=1&query=%22CTT+CEAULMONT-LES+GRANGES%22+tennis+de+table+France,46.533771,1.550898
CTT CHAMP SUR DRAC,France,https://www.google.com/maps/search/?api=1&query=%22CTT+CHAMP+SUR+DRAC%22+tennis+de+table+France,45.077386,5.728077
CTT DAMMARTIN,France,https://www.google.com/maps/search/?api=1&query=%22CTT+DAMMARTIN%22+tennis+de+table+France,49.059977,2.682590
CTT ERDEVEN-BELZ,France,https://www.google.com/maps/search/?api=1&query=%22CTT+ERDEVEN-BELZ%22+tennis+de+table+France,47.670807,-3.175496
CTT FORCALQUEIRET,France,https://www.google.com/maps/search/?api=1&query=%22CTT+FORCALQUEIRET%22+tennis+de+table+France,43.335715,6.079942
CTT LE PUY - CHADRAC,France,https://www.google.com/maps/search/?api=1&query=%22CTT+LE+PUY+-+CHADRAC%22+tennis+de+table+France,45.065766,3.901065
CTT MONTHYON,France,https://www.google.com/maps/search/?api=1&query=%22CTT+MONTHYON%22+tennis+de+table+France,49.006043,2.833236
CTT PLOUIGNEAU,France,https://www.google.com/maps/search/?api=1&query=%22CTT+PLOUIGNEAU%22+tennis+de+table+France,48.567003,-3.694689
CTT POBLA DE VALLBONA,Espagne,https://www.google.com/maps/search/?api=1&query=%22CTT+POBLA+DE+VALLBONA%22+tenis+de+mesa+Espa%C3%B1a,39.603236,-0.563790
CTT PORTMANY,Espagne,https://www.google.com/maps/search/?api=1&query=%22CTT+PORTMANY%22+tenis+de+mesa+Espa%C3%B1a,38.983057,1.300949
CTT REUILLOIS,France,https://www.google.com/maps/search/?api=1&query=%22CTT+REUILLOIS%22+tennis+de+table+France,47.084953,2.036259
CTT RIPOLLET,Espagne,https://www.google.com/maps/search/?api=1&query=%22CTT+RIPOLLET%22+tenis+de+mesa+Espa%C3%B1a,42.192973,2.246168
CTT SANT JORDI,Espagne,https://www.google.com/maps/search/?api=1&query=%22CTT+SANT+JORDI%22+tenis+de+mesa+Espa%C3%B1a,41.605835,0.638993
CTT SANTISIMO SALVADOR,Espagne,https://www.google.com/maps/search/?api=1&query=%22CTT+SANTISIMO+SALVADOR%22+tenis+de+mesa+Espa%C3%B1a,39.962910,-0.261539
CTT SENTMENAT,Espagne,https://www.google.com/maps/search/?api=1&query=%22CTT+SENTMENAT%22+tenis+de+mesa+Espa%C3%B1a,41.611869,2.141039
CTT TAULESIEN,France,https://www.google.com/maps/search/?api=1&query=%22CTT+TAULESIEN%22+tennis+de+table+France,47.832893,-2.359737
CTT VALDAHON,France,https://www.google.com/maps/search/?api=1&query=%22CTT+VALDAHON%22+tennis+de+table+France,47.153607,6.345637
CTT VALLONS FLEURIS,France,https://www.google.com/maps/search/?api=1&query=%22CTT+VALLONS+FLEURIS%22+tennis+de+table+France,47.274461,5.697019
CTT VANNES MENIMUR,France,https://www.google.com/maps/search/?api=1&query=%22CTT+VANNES+MENIMUR%22+tennis+de+table+France,47.643804,-2.771116
CTT VILLEFRANCHE CORNICHE D'AZUR,France,https://www.google.com/maps/search/?api=1&query=%22CTT+VILLEFRANCHE+CORNICHE+D%27AZUR%22+tennis+de+table+France,43.688906,7.329089
CTT VOUZIERS ,France,https://www.google.com/maps/search/?api=1&query=%22CTT+VOUZIERS+%22+tennis+de+table+France,49.403991,4.695776
CTT XABIA,Espagne,https://www.google.com/maps/search/?api=1&query=%22CTT+XABIA%22+tenis+de+mesa+Espa%C3%B1a,38.789380,0.163417
CTT.DEOLS,France,https://www.google.com/maps/search/?api=1&query=%22CTT.DEOLS%22+tennis+de+table+France,46.825153,1.704987
CUCQ ASP,France,https://www.google.com/maps/search/?api=1&query=%22CUCQ+ASP%22+tennis+de+table+France,50.483467,1.617333
CUINCY ATT,France,https://www.google.com/maps/search/?api=1&query=%22CUINCY+ATT%22+tennis+de+table+France,,
CUTRY Tennis de Table,France,https://www.google.com/maps/search/?api=1&query=%22CUTRY+Tennis+de+Table%22+tennis+de+table+France,49.480527,5.741225
CVTT VAIRES,France,https://www.google.com/maps/search/?api=1&query=%22CVTT+VAIRES%22+tennis+de+table+France,48.869752,2.648498
Câmara Lisboa Clube,Portugal,https://www.google.com/maps/search/?api=1&query=%22C%C3%A2mara+Lisboa+Clube%22+t%C3%A9nis+de+mesa+Portugal,38.714607,-9.140510
DADONVILLE TT,France,https://www.google.com/maps/search/?api=1&query=%22DADONVILLE+TT%22+tennis+de+table+France,48.168293,2.264686
DAINVILLE ASTT,France,https://www.google.com/maps/search/?api=1&query=%22DAINVILLE+ASTT%22+tennis+de+table+France,50.292216,2.727925
DAMA DE ELCHE,Espagne,https://www.google.com/maps/search/?api=1&query=%22DAMA+DE+ELCHE%22+tenis+de+mesa+Espa%C3%B1a,38.263948,-0.695853
DARVOY JSDH TT,France,https://www.google.com/maps/search/?api=1&query=%22DARVOY+JSDH+TT%22+tennis+de+table+France,47.853928,2.098841
DASSAULT SPORTS,France,https://www.google.com/maps/search/?api=1&query=%22DASSAULT+SPORTS%22+tennis+de+table+France,48.859420,2.212866
DEGRE JS,France,https://www.google.com/maps/search/?api=1&query=%22DEGRE+JS%22+tennis+de+table+France,48.050301,0.069882
DIEPPE UNIVERSITAIRE CLUB,France,https://www.google.com/maps/search/?api=1&query=%22DIEPPE+UNIVERSITAIRE+CLUB%22+tennis+de+table+France,49.912690,1.065525
DIEULOUARD F.J.E.P.,France,https://www.google.com/maps/search/?api=1&query=%22DIEULOUARD+F.J.E.P.%22+tennis+de+table+France,48.831006,6.063826
DIJON TENNIS DE TABLE,France,https://www.google.com/maps/search/?api=1&query=%22DIJON+TENNIS+DE+TABLE%22+tennis+de+table+France,47.317519,5.003353
DINGE TENNIS DE TABLE,France,https://www.google.com/maps/search/?api=1&query=%22DINGE+TENNIS+DE+TABLE%22+tennis+de+table+France,48.357415,-1.717356
DIVION ASTT,France,https://www.google.com/maps/search/?api=1&query=%22DIVION+ASTT%22+tennis+de+table+France,50.467705,2.494039
DJK Blau-Weiß Avenwedde,Allemagne,https://www.google.com/maps/search/?api=1&query=%22DJK+Blau-Wei%C3%9F+Avenwedde%22+Tischtennis+Deutschland,51.068985,10.349524
DJK Ellwangen,Allemagne,https://www.google.com/maps/search/?api=1&query=%22DJK+Ellwangen%22+Tischtennis+Deutschland,48.998653,10.182248
DJK Franz-Sales-Haus Essen,Allemagne,https://www.google.com/maps/search/?api=1&query=%22DJK+Franz-Sales-Haus+Essen%22+Tischtennis+Deutschland,51.448004,7.041830
DJK Germania Lenkerbeck,Allemagne,https://www.google.com/maps/search/?api=1&query=%22DJK+Germania+Lenkerbeck%22+Tischtennis+Deutschland,51.666511,7.161638
DJK Offenburg,Allemagne,https://www.google.com/maps/search/?api=1&query=%22DJK+Offenburg%22+Tischtennis+Deutschland,48.476498,7.957536
DJK Sportbund Stuttgart,Allemagne,https://www.google.com/maps/search/?api=1&query=%22DJK+Sportbund+Stuttgart%22+Tischtennis+Deutschland,48.795725,9.223099
DJK SpVgg Effeltrich,Allemagne,https://www.google.com/maps/search/?api=1&query=%22DJK+SpVgg+Effeltrich%22+Tischtennis+Deutschland,49.661488,11.092790
DJK TTV Biederitz,Allemagne,https://www.google.com/maps/search/?api=1&query=%22DJK+TTV+Biederitz%22+Tischtennis+Deutschland,52.156710,11.719833
DOMART/LA LUCE TT,France,https://www.google.com/maps/search/?api=1&query=%22DOMART%2FLA+LUCE+TT%22+tennis+de+table+France,49.819856,2.480323
DOMBASLE STT,France,https://www.google.com/maps/search/?api=1&query=%22DOMBASLE+STT%22+tennis+de+table+France,48.621266,6.347509
DOMFAING-BRUYERES Ent.MJC,France,https://www.google.com/maps/search/?api=1&query=%22DOMFAING-BRUYERES+Ent.MJC%22+tennis+de+table+France,48.203266,6.715305
DOMFRONT TT,France,https://www.google.com/maps/search/?api=1&query=%22DOMFRONT+TT%22+tennis+de+table+France,48.589160,-0.651449
DOMONT TENNIS DE TABLE,France,https://www.google.com/maps/search/?api=1&query=%22DOMONT+TENNIS+DE+TABLE%22+tennis+de+table+France,49.028679,2.328007
DOMPAIRE USTT,France,https://www.google.com/maps/search/?api=1&query=%22DOMPAIRE+USTT%22+tennis+de+table+France,48.223688,6.223073
DONAPALEUKO PING PONG TALDEA,France,https://www.google.com/maps/search/?api=1&query=%22DONAPALEUKO+PING+PONG+TALDEA%22+tennis+de+table+France,43.329480,-1.031390
DONNERY TT,France,https://www.google.com/maps/search/?api=1&query=%22DONNERY+TT%22+tennis+de+table+France,47.916937,2.106032
DORLISHEIM SD,France,https://www.google.com/maps/search/?api=1&query=%22DORLISHEIM+SD%22+tennis+de+table+France,48.528517,7.487717
DOUAI TT,France,https://www.google.com/maps/search/?api=1&query=%22DOUAI+TT%22+tennis+de+table+France,50.366133,3.067179
DOUARNENEZ TT,France,https://www.google.com/maps/search/?api=1&query=%22DOUARNENEZ+TT%22+tennis+de+table+France,48.092342,-4.339622
DOUCHY LES MINES TTC,France,https://www.google.com/maps/search/?api=1&query=%22DOUCHY+LES+MINES+TTC%22+tennis+de+table+France,50.305818,3.387674
DOULLENS-BERNAVILLE TT,France,https://www.google.com/maps/search/?api=1&query=%22DOULLENS-BERNAVILLE+TT%22+tennis+de+table+France,50.131047,2.174280
DOUVRES TENNIS DE TABLE,France,https://www.google.com/maps/search/?api=1&query=%22DOUVRES+TENNIS+DE+TABLE%22+tennis+de+table+France,49.292671,-0.376625
DOUVRIN CSFM,France,https://www.google.com/maps/search/?api=1&query=%22DOUVRIN+CSFM%22+tennis+de+table+France,50.508403,2.803099
DOZULEENNE ASTT,France,https://www.google.com/maps/search/?api=1&query=%22DOZULEENNE+ASTT%22+tennis+de+table+France,49.231376,-0.045571
DRANCY JA,France,https://www.google.com/maps/search/?api=1&query=%22DRANCY+JA%22+tennis+de+table+France,48.914114,2.448337
DRAVEIL TENNIS DE TABLE,France,https://www.google.com/maps/search/?api=1&query=%22DRAVEIL+TENNIS+DE+TABLE%22+tennis+de+table+France,48.673663,2.408844
DREUIL TT,France,https://www.google.com/maps/search/?api=1&query=%22DREUIL+TT%22+tennis+de+table+France,49.913345,2.245832
DRULINGEN T.T,France,https://www.google.com/maps/search/?api=1&query=%22DRULINGEN+T.T%22+tennis+de+table+France,48.867200,7.193423
DUCKS DE BONDOUFLE,France,https://www.google.com/maps/search/?api=1&query=%22DUCKS+DE+BONDOUFLE%22+tennis+de+table+France,48.613578,2.380096
DUISANS ENTENTE SPORTIVE,France,https://www.google.com/maps/search/?api=1&query=%22DUISANS+ENTENTE+SPORTIVE%22+tennis+de+table+France,50.307267,2.685996
DUNKERQUE TTAB,France,https://www.google.com/maps/search/?api=1&query=%22DUNKERQUE+TTAB%22+tennis+de+table+France,51.032633,2.348624
DURCET Avenir,France,https://www.google.com/maps/search/?api=1&query=%22DURCET+Avenir%22+tennis+de+table+France,48.757716,-0.436283
DURRENBACH ATTD,France,https://www.google.com/maps/search/?api=1&query=%22DURRENBACH+ATTD%22+tennis+de+table+France,48.893746,7.771170
DURTAL Les Nipongs ,France,https://www.google.com/maps/search/?api=1&query=%22DURTAL+Les+Nipongs+%22+tennis+de+table+France,47.677396,-0.234401
E F BERGERAC,France,https://www.google.com/maps/search/?api=1&query=%22E+F+BERGERAC%22+tennis+de+table+France,44.852466,0.488284
E S POUZACAISE,France,https://www.google.com/maps/search/?api=1&query=%22E+S+POUZACAISE%22+tennis+de+table+France,43.086813,0.135864
E. CEYRAT,France,https://www.google.com/maps/search/?api=1&query=%22E.+CEYRAT%22+tennis+de+table+France,45.732754,3.065719
E. P. DE LOGNES,France,https://www.google.com/maps/search/?api=1&query=%22E.+P.+DE+LOGNES%22+tennis+de+table+France,48.839445,2.643892
E.D.P. LANESTER,France,https://www.google.com/maps/search/?api=1&query=%22E.D.P.+LANESTER%22+tennis+de+table+France,47.757510,-3.335601
E.P. CAMPENEAC,France,https://www.google.com/maps/search/?api=1&query=%22E.P.+CAMPENEAC%22+tennis+de+table+France,47.956977,-2.301325
E.P. GRACAY-GENOUILLY,France,https://www.google.com/maps/search/?api=1&query=%22E.P.+GRACAY-GENOUILLY%22+tennis+de+table+France,47.135031,1.851680
E.P.L.R. CHARNAY,France,https://www.google.com/maps/search/?api=1&query=%22E.P.L.R.+CHARNAY%22+tennis+de+table+France,46.306691,4.796306
E.S PLESCOP T.T,France,https://www.google.com/maps/search/?api=1&query=%22E.S+PLESCOP+T.T%22+tennis+de+table+France,47.698967,-2.801444
E.S. BRUGES TT H.V.,France,https://www.google.com/maps/search/?api=1&query=%22E.S.+BRUGES+TT+H.V.%22+tennis+de+table+France,44.874035,-0.585189
E.S. DES BARONNIES,France,https://www.google.com/maps/search/?api=1&query=%22E.S.+DES+BARONNIES%22+tennis+de+table+France,43.095274,0.260151
E.S. LA VILLE-AUX-DAMES TT,France,https://www.google.com/maps/search/?api=1&query=%22E.S.+LA+VILLE-AUX-DAMES+TT%22+tennis+de+table+France,47.397722,0.771422
E.S. OESIENNE,France,https://www.google.com/maps/search/?api=1&query=%22E.S.+OESIENNE%22+tennis+de+table+France,47.457928,0.700658
E.S. SAINT-AVE,France,https://www.google.com/maps/search/?api=1&query=%22E.S.+SAINT-AVE%22+tennis+de+table+France,47.691722,-2.743125
E.S. VILLENEUVE LOUBET,France,https://www.google.com/maps/search/?api=1&query=%22E.S.+VILLENEUVE+LOUBET%22+tennis+de+table+France,43.653728,7.125948
E.S.MAINTENON-PIERRES T.T.,France,https://www.google.com/maps/search/?api=1&query=%22E.S.MAINTENON-PIERRES+T.T.%22+tennis+de+table+France,48.588742,1.572894
EAUBONNE CSM TT,France,https://www.google.com/maps/search/?api=1&query=%22EAUBONNE+CSM+TT%22+tennis+de+table+France,48.999957,2.274930
ECHO SPORTIF MULSANS,France,https://www.google.com/maps/search/?api=1&query=%22ECHO+SPORTIF+MULSANS%22+tennis+de+table+France,47.696543,1.385663
ECKBOLSHEIM,France,https://www.google.com/maps/search/?api=1&query=%22ECKBOLSHEIM%22+tennis+de+table+France,48.580161,7.684771
ECOUFLANT ASTTE,France,https://www.google.com/maps/search/?api=1&query=%22ECOUFLANT+ASTTE%22+tennis+de+table+France,47.531434,-0.526477
ECOURT ST QUENTIN AMICALE LAIQUE,France,https://www.google.com/maps/search/?api=1&query=%22ECOURT+ST+QUENTIN+AMICALE+LAIQUE%22+tennis+de+table+France,50.251234,3.073633
ECULLY Tennis de Table,France,https://www.google.com/maps/search/?api=1&query=%22ECULLY+Tennis+de+Table%22+tennis+de+table+France,45.772590,4.774567
EDERN TENNIS DE TABLE,France,https://www.google.com/maps/search/?api=1&query=%22EDERN+TENNIS+DE+TABLE%22+tennis+de+table+France,48.111000,-3.962223
EDUCATION NATIONALE,France,https://www.google.com/maps/search/?api=1&query=%22EDUCATION+NATIONALE%22+tennis+de+table+France,47.205302,-1.546068
Eintracht Frankfurt,Allemagne,https://www.google.com/maps/search/?api=1&query=%22Eintracht+Frankfurt%22+Tischtennis+Deutschland,50.099218,8.629209
EIVISSA TT,Espagne,https://www.google.com/maps/search/?api=1&query=%22EIVISSA+TT%22+tenis+de+mesa+Espa%C3%B1a,38.910072,1.430454
ELAN BOESIEN POUR LA MAITRISE T,France,https://www.google.com/maps/search/?api=1&query=%22ELAN+BOESIEN+POUR+LA+MAITRISE+T%22+tennis+de+table+France,49.382102,1.192303
ELAN DU BIOLLAY TENNIS DE TABLE,France,https://www.google.com/maps/search/?api=1&query=%22ELAN+DU+BIOLLAY+TENNIS+DE+TABLE%22+tennis+de+table+France,45.560713,5.903162
ELAN NEVERS,France,https://www.google.com/maps/search/?api=1&query=%22ELAN+NEVERS%22+tennis+de+table+France,46.980931,3.189619
ELANCOURT CTT,France,https://www.google.com/maps/search/?api=1&query=%22ELANCOURT+CTT%22+tennis+de+table+France,48.766342,1.943558
ELIOCROCA,Espagne,https://www.google.com/maps/search/?api=1&query=%22ELIOCROCA%22+tenis+de+mesa+Espa%C3%B1a,40.379585,-3.706437
ELOYES C.L.L.T.T.,France,https://www.google.com/maps/search/?api=1&query=%22ELOYES+C.L.L.T.T.%22+tennis+de+table+France,48.086410,6.607426
ELS AMICS TERRASA,Espagne,https://www.google.com/maps/search/?api=1&query=%22ELS+AMICS+TERRASA%22+tenis+de+mesa+Espa%C3%B1a,41.564725,2.012424
ENGHIEN CLUB DE TENNIS DE TABLE,France,https://www.google.com/maps/search/?api=1&query=%22ENGHIEN+CLUB+DE+TENNIS+DE+TABLE%22+tennis+de+table+France,48.963116,2.306888
ENGLOS TT,France,https://www.google.com/maps/search/?api=1&query=%22ENGLOS+TT%22+tennis+de+table+France,50.627102,2.956861
ENNERY US,France,https://www.google.com/maps/search/?api=1&query=%22ENNERY+US%22+tennis+de+table+France,49.076985,2.108632
ENNETIERES-EN-WEPPES ASL,France,https://www.google.com/maps/search/?api=1&query=%22ENNETIERES-EN-WEPPES+ASL%22+tennis+de+table+France,50.634909,2.939340
ENSISHEIM T.T.M.C,France,https://www.google.com/maps/search/?api=1&query=%22ENSISHEIM+T.T.M.C%22+tennis+de+table+France,47.865141,7.351567
ENT FEURS CIVENS TT,France,https://www.google.com/maps/search/?api=1&query=%22ENT+FEURS+CIVENS+TT%22+tennis+de+table+France,45.775668,4.256674
ENT SPORTIVE DU FLORENTINOIS,France,https://www.google.com/maps/search/?api=1&query=%22ENT+SPORTIVE+DU+FLORENTINOIS%22+tennis+de+table+France,48.002865,3.723740
ENT ST GENOISE,France,https://www.google.com/maps/search/?api=1&query=%22ENT+ST+GENOISE%22+tennis+de+table+France,45.756595,4.723595
ENT VALLESPIR TENNIS DE TABLE,France,https://www.google.com/maps/search/?api=1&query=%22ENT+VALLESPIR+TENNIS+DE+TABLE%22+tennis+de+table+France,42.485242,2.752591
Ent. FRANS-VILLENEUVE TT,France,https://www.google.com/maps/search/?api=1&query=%22Ent.+FRANS-VILLENEUVE+TT%22+tennis+de+table+France,46.020960,4.843723
ENTENTE AIX GRESY TT,France,https://www.google.com/maps/search/?api=1&query=%22ENTENTE+AIX+GRESY+TT%22+tennis+de+table+France,45.697511,5.897616
ENTENTE ANDELOT SIROD,France,https://www.google.com/maps/search/?api=1&query=%22ENTENTE+ANDELOT+SIROD%22+tennis+de+table+France,46.729858,5.985418
Entente ASS-ASC-TT CHAZELLES,France,https://www.google.com/maps/search/?api=1&query=%22Entente+ASS-ASC-TT+CHAZELLES%22+tennis+de+table+France,45.634647,4.455541
ENTENTE BASSES MONEDIERES,France,https://www.google.com/maps/search/?api=1&query=%22ENTENTE+BASSES+MONEDIERES%22+tennis+de+table+France,45.316361,1.764029
ENTENTE BAULOISE TT,France,https://www.google.com/maps/search/?api=1&query=%22ENTENTE+BAULOISE+TT%22+tennis+de+table+France,47.811706,1.674177
ENTENTE BLACONS-CREST TT,France,https://www.google.com/maps/search/?api=1&query=%22ENTENTE+BLACONS-CREST+TT%22+tennis+de+table+France,44.710683,5.091239
ENTENTE DES PONGISTES APTESIENS,France,https://www.google.com/maps/search/?api=1&query=%22ENTENTE+DES+PONGISTES+APTESIENS%22+tennis+de+table+France,43.872198,5.399543
ENTENTE DINAN TT,France,https://www.google.com/maps/search/?api=1&query=%22ENTENTE+DINAN+TT%22+tennis+de+table+France,48.461112,-2.047443
ENTENTE GISORSIENNE T.T,France,https://www.google.com/maps/search/?api=1&query=%22ENTENTE+GISORSIENNE+T.T%22+tennis+de+table+France,49.280706,1.783722
ENTENTE PONGISTE AMBILLY,France,https://www.google.com/maps/search/?api=1&query=%22ENTENTE+PONGISTE+AMBILLY%22+tennis+de+table+France,46.195783,6.221072
ENTENTE PONGISTE DU ROBEC,France,https://www.google.com/maps/search/?api=1&query=%22ENTENTE+PONGISTE+DU+ROBEC%22+tennis+de+table+France,49.470194,1.165360
Entente Pongiste Pays Sostranien,France,https://www.google.com/maps/search/?api=1&query=%22Entente+Pongiste+Pays+Sostranien%22+tennis+de+table+France,46.239259,1.486085
ENTENTE PONGISTE SLP,France,https://www.google.com/maps/search/?api=1&query=%22ENTENTE+PONGISTE+SLP%22+tennis+de+table+France,45.027420,-0.174626
ENTENTE PONGISTE SUD LOIRE,France,https://www.google.com/maps/search/?api=1&query=%22ENTENTE+PONGISTE+SUD+LOIRE%22+tennis+de+table+France,47.054831,-1.519138
Entente Pongiste TERCE/ST-JULIEN,France,https://www.google.com/maps/search/?api=1&query=%22Entente+Pongiste+TERCE%2FST-JULIEN%22+tennis+de+table+France,46.516757,0.565131
ENTENTE RHODANIENNE T T,France,https://www.google.com/maps/search/?api=1&query=%22ENTENTE+RHODANIENNE+T+T%22+tennis+de+table+France,45.071905,4.820447
ENTENTE SAINT PIERRAISE TT,France,https://www.google.com/maps/search/?api=1&query=%22ENTENTE+SAINT+PIERRAISE+TT%22+tennis+de+table+France,49.278748,1.037283
ENTENTE SPORTIVE ERBREENNE TT,France,https://www.google.com/maps/search/?api=1&query=%22ENTENTE+SPORTIVE+ERBREENNE+TT%22+tennis+de+table+France,48.096697,-1.122128
Entente Tennis de Table d'OISSEL,France,https://www.google.com/maps/search/?api=1&query=%22Entente+Tennis+de+Table+d%27OISSEL%22+tennis+de+table+France,49.345675,1.100123
ENTENTE TT PONTRIEUX,France,https://www.google.com/maps/search/?api=1&query=%22ENTENTE+TT+PONTRIEUX%22+tennis+de+table+France,48.699307,-3.167691
ENVERGURES,France,https://www.google.com/maps/search/?api=1&query=%22ENVERGURES%22+tennis+de+table+France,46.541217,5.913204
EP 15,France,https://www.google.com/maps/search/?api=1&query=%22EP+15%22+tennis+de+table+France,48.843457,2.300838
EP BEIGNON,France,https://www.google.com/maps/search/?api=1&query=%22EP+BEIGNON%22+tennis+de+table+France,47.971831,-2.169043
EP BESSINES ST SULPICE LAURIERE,France,https://www.google.com/maps/search/?api=1&query=%22EP+BESSINES+ST+SULPICE+LAURIERE%22+tennis+de+table+France,46.054185,1.476756
EP DU CAP-SIZUN,France,https://www.google.com/maps/search/?api=1&query=%22EP+DU+CAP-SIZUN%22+tennis+de+table+France,48.049470,-4.649167
EPERLECQUES TLTT,France,https://www.google.com/maps/search/?api=1&query=%22EPERLECQUES+TLTT%22+tennis+de+table+France,50.805611,2.153733
EPERNAY-PLIVOT PPC,France,https://www.google.com/maps/search/?api=1&query=%22EPERNAY-PLIVOT+PPC%22+tennis+de+table+France,49.027863,3.960772
EPESSES (Les),France,https://www.google.com/maps/search/?api=1&query=%22EPESSES+%28Les%29%22+tennis+de+table+France,46.887091,-0.899398
EPEV LA TETE ET LES JAMBES,France,https://www.google.com/maps/search/?api=1&query=%22EPEV+LA+TETE+ET+LES+JAMBES%22+tennis+de+table+France,49.160191,2.947665
EPINAL T.S.P.,France,https://www.google.com/maps/search/?api=1&query=%22EPINAL+T.S.P.%22+tennis+de+table+France,48.159968,6.450901
EPINAY S/S CSME TT,France,https://www.google.com/maps/search/?api=1&query=%22EPINAY+S%2FS+CSME+TT%22+tennis+de+table+France,48.959011,2.308739
EPINAY/ORGE TT,France,https://www.google.com/maps/search/?api=1&query=%22EPINAY%2FORGE+TT%22+tennis+de+table+France,48.668510,2.327370
EPPEVILLOIS TENNIS de TABLE,France,https://www.google.com/maps/search/?api=1&query=%22EPPEVILLOIS+TENNIS+de+TABLE%22+tennis+de+table+France,49.735928,3.060366
ERGERSHEIM FCJ,France,https://www.google.com/maps/search/?api=1&query=%22ERGERSHEIM+FCJ%22+tennis+de+table+France,48.568107,7.526545
ERMONT PLESSIS BOUCHARD,France,https://www.google.com/maps/search/?api=1&query=%22ERMONT+PLESSIS+BOUCHARD%22+tennis+de+table+France,48.983961,2.254835
ERNEENNE Sport Tennis de Table,France,https://www.google.com/maps/search/?api=1&query=%22ERNEENNE+Sport+Tennis+de+Table%22+tennis+de+table+France,48.298148,-0.938089
ERNOLSHEIM SUR BRUCHE STT,France,https://www.google.com/maps/search/?api=1&query=%22ERNOLSHEIM+SUR+BRUCHE+STT%22+tennis+de+table+France,48.560805,7.567086
ERQUINGHEM LYS ATTE,France,https://www.google.com/maps/search/?api=1&query=%22ERQUINGHEM+LYS+ATTE%22+tennis+de+table+France,50.675820,2.845084
ES AMBILLOU,France,https://www.google.com/maps/search/?api=1&query=%22ES+AMBILLOU%22+tennis+de+table+France,47.443134,0.445825
ES BOURGUEIL TENNIS DE TABLE,France,https://www.google.com/maps/search/?api=1&query=%22ES+BOURGUEIL+TENNIS+DE+TABLE%22+tennis+de+table+France,47.286320,0.163489
ES GENAS AZIEU,France,https://www.google.com/maps/search/?api=1&query=%22ES+GENAS+AZIEU%22+tennis+de+table+France,45.728774,5.012469
ES JONAGE Tennis de table,France,https://www.google.com/maps/search/?api=1&query=%22ES+JONAGE+Tennis+de+table%22+tennis+de+table+France,45.791174,5.038945
ES MESSIMY,France,https://www.google.com/maps/search/?api=1&query=%22ES+MESSIMY%22+tennis+de+table+France,45.697026,4.679880
ES Nogent le roi-Villemeux TT,France,https://www.google.com/maps/search/?api=1&query=%22ES+Nogent+le+roi-Villemeux+TT%22+tennis+de+table+France,48.642200,1.518284
ES RENAULT,France,https://www.google.com/maps/search/?api=1&query=%22ES+RENAULT%22+tennis+de+table+France,48.761915,2.081777
ES TT APPOIGNY,France,https://www.google.com/maps/search/?api=1&query=%22ES+TT+APPOIGNY%22+tennis+de+table+France,47.859525,3.529960
ES.JOUY ST-PREST TT.,France,https://www.google.com/maps/search/?api=1&query=%22ES.JOUY+ST-PREST+TT.%22+tennis+de+table+France,48.505718,1.538103
ESC.COUR CHEVERNY TT,France,https://www.google.com/maps/search/?api=1&query=%22ESC.COUR+CHEVERNY+TT%22+tennis+de+table+France,47.509155,1.457521
ESCAUDAIN ASTT,France,https://www.google.com/maps/search/?api=1&query=%22ESCAUDAIN+ASTT%22+tennis+de+table+France,50.332279,3.344295
ESCAUDOEUVRES TT,France,https://www.google.com/maps/search/?api=1&query=%22ESCAUDOEUVRES+TT%22+tennis+de+table+France,50.195028,3.266389
ESCHAU CTT,France,https://www.google.com/maps/search/?api=1&query=%22ESCHAU+CTT%22+tennis+de+table+France,48.486602,7.720893
ESK ST-POL DE LEON,France,https://www.google.com/maps/search/?api=1&query=%22ESK+ST-POL+DE+LEON%22+tennis+de+table+France,48.682927,-3.988604
ESP STE SUZANNE TENNIS DE TABLE,France,https://www.google.com/maps/search/?api=1&query=%22ESP+STE+SUZANNE+TENNIS+DE+TABLE%22+tennis+de+table+France,49.068914,-1.043517
ESPALION AVEYRON TENNIS de TABLE,France,https://www.google.com/maps/search/?api=1&query=%22ESPALION+AVEYRON+TENNIS+de+TABLE%22+tennis+de+table+France,44.528958,2.755849
ESPERANCE DE BRIGNAIS,France,https://www.google.com/maps/search/?api=1&query=%22ESPERANCE+DE+BRIGNAIS%22+tennis+de+table+France,45.677778,4.752158
ESPERANCE de CROSNE,France,https://www.google.com/maps/search/?api=1&query=%22ESPERANCE+de+CROSNE%22+tennis+de+table+France,48.723338,2.470401
ESPERANCE DE ST LEGER,France,https://www.google.com/maps/search/?api=1&query=%22ESPERANCE+DE+ST+LEGER%22+tennis+de+table+France,46.838677,3.449331
ESPERANCE LEDONIENNE,France,https://www.google.com/maps/search/?api=1&query=%22ESPERANCE+LEDONIENNE%22+tennis+de+table+France,46.677251,5.562636
ESPERANCE REUILLY,France,https://www.google.com/maps/search/?api=1&query=%22ESPERANCE+REUILLY%22+tennis+de+table+France,48.840290,2.391785
ESPERANCE ST-JEAN BREVELAY,France,https://www.google.com/maps/search/?api=1&query=%22ESPERANCE+ST-JEAN+BREVELAY%22+tennis+de+table+France,47.837816,-2.722325
ESPERANCE ST-QUAY PORTRIEUX,France,https://www.google.com/maps/search/?api=1&query=%22ESPERANCE+ST-QUAY+PORTRIEUX%22+tennis+de+table+France,48.649834,-2.833504
ESSARS TT,France,https://www.google.com/maps/search/?api=1&query=%22ESSARS+TT%22+tennis+de+table+France,50.548948,2.661337
ESSARTS AGSE,France,https://www.google.com/maps/search/?api=1&query=%22ESSARTS+AGSE%22+tennis+de+table+France,48.725243,1.899961
ESSARTS TTE (Les),France,https://www.google.com/maps/search/?api=1&query=%22ESSARTS+TTE+%28Les%29%22+tennis+de+table+France,46.748184,-1.228993
Essener Tischtennis-Verein 23,Allemagne,https://www.google.com/maps/search/?api=1&query=%22Essener+Tischtennis-Verein+23%22+Tischtennis+Deutschland,51.088219,9.975828
ESSEY-SEICHAMPS T.T.,France,https://www.google.com/maps/search/?api=1&query=%22ESSEY-SEICHAMPS+T.T.%22+tennis+de+table+France,48.700204,6.218451
ESSI-PING,France,https://www.google.com/maps/search/?api=1&query=%22ESSI-PING%22+tennis+de+table+France,48.785143,2.454409
ESTAIRES-LA GORGUE-MERVILLE EP,France,https://www.google.com/maps/search/?api=1&query=%22ESTAIRES-LA+GORGUE-MERVILLE+EP%22+tennis+de+table+France,50.638118,2.712248
ESTREES TENNIS DE TABLE,France,https://www.google.com/maps/search/?api=1&query=%22ESTREES+TENNIS+DE+TABLE%22+tennis+de+table+France,49.428362,2.645927
ESV Weil,Allemagne,https://www.google.com/maps/search/?api=1&query=%22ESV+Weil%22+Tischtennis+Deutschland,47.879159,11.281719
ETAIN R.A.S.S.,France,https://www.google.com/maps/search/?api=1&query=%22ETAIN+R.A.S.S.%22+tennis+de+table+France,49.213157,5.640482
ETAMPES CTT,France,https://www.google.com/maps/search/?api=1&query=%22ETAMPES+CTT%22+tennis+de+table+France,48.437429,2.147362
ETAPLES ASTT,France,https://www.google.com/maps/search/?api=1&query=%22ETAPLES+ASTT%22+tennis+de+table+France,50.518607,1.631430
ETIVAL ASRTT,France,https://www.google.com/maps/search/?api=1&query=%22ETIVAL+ASRTT%22+tennis+de+table+France,48.365135,6.860934
ETIVAL T.T.,France,https://www.google.com/maps/search/?api=1&query=%22ETIVAL+T.T.%22+tennis+de+table+France,47.960053,0.080290
ETOILE AGGLO MOULINS YZEURE TT,France,https://www.google.com/maps/search/?api=1&query=%22ETOILE+AGGLO+MOULINS+YZEURE+TT%22+tennis+de+table+France,46.536137,3.381109
ETOILE AUXONNAISE TENNIS DE TABL,France,https://www.google.com/maps/search/?api=1&query=%22ETOILE+AUXONNAISE+TENNIS+DE+TABL%22+tennis+de+table+France,47.192564,5.383348
ETOILE BALGENTIENNE TT,France,https://www.google.com/maps/search/?api=1&query=%22ETOILE+BALGENTIENNE+TT%22+tennis+de+table+France,47.771282,1.625052
ETOILE DE MONTAUD ST ETIENNE,France,https://www.google.com/maps/search/?api=1&query=%22ETOILE+DE+MONTAUD+ST+ETIENNE%22+tennis+de+table+France,45.448708,4.381077
ETOILE MOTTE VESOUL,France,https://www.google.com/maps/search/?api=1&query=%22ETOILE+MOTTE+VESOUL%22+tennis+de+table+France,47.615661,6.158982
Etoile Pongiste Belleville Commu,France,https://www.google.com/maps/search/?api=1&query=%22Etoile+Pongiste+Belleville+Commu%22+tennis+de+table+France,46.171365,4.721687
Etoile Pongiste de SCHLEITHAL ,France,https://www.google.com/maps/search/?api=1&query=%22Etoile+Pongiste+de+SCHLEITHAL+%22+tennis+de+table+France,48.990330,8.045430
ETOILE PONGISTE PAYS DE FAYENCE,France,https://www.google.com/maps/search/?api=1&query=%22ETOILE+PONGISTE+PAYS+DE+FAYENCE%22+tennis+de+table+France,43.624112,6.692925
Etoile Sportive Arquaise,France,https://www.google.com/maps/search/?api=1&query=%22Etoile+Sportive+Arquaise%22+tennis+de+table+France,49.882155,1.135579
ETOILE SPORTIVE ST FERJEUX,France,https://www.google.com/maps/search/?api=1&query=%22ETOILE+SPORTIVE+ST+FERJEUX%22+tennis+de+table+France,47.234734,5.993162
ETRECHY ASETT,France,https://www.google.com/maps/search/?api=1&query=%22ETRECHY+ASETT%22+tennis+de+table+France,48.491516,2.179415
ETREPIGNY TT,France,https://www.google.com/maps/search/?api=1&query=%22ETREPIGNY+TT%22+tennis+de+table+France,49.683644,4.767354
ETREUX TT,France,https://www.google.com/maps/search/?api=1&query=%22ETREUX+TT%22+tennis+de+table+France,49.980000,3.650000
ETRICHE-CHAMPIGNE TT Entente,France,https://www.google.com/maps/search/?api=1&query=%22ETRICHE-CHAMPIGNE+TT+Entente%22+tennis+de+table+France,47.654346,-0.574972
EURVILLE BIENVILLE Jeunes,France,https://www.google.com/maps/search/?api=1&query=%22EURVILLE+BIENVILLE+Jeunes%22+tennis+de+table+France,48.583431,5.038940
EVEIL MENDOIS TENNIS DE TABLE.,France,https://www.google.com/maps/search/?api=1&query=%22EVEIL+MENDOIS+TENNIS+DE+TABLE.%22+tennis+de+table+France,44.518337,3.481374
EVIAN SPORTS TENNIS DE TABLE,France,https://www.google.com/maps/search/?api=1&query=%22EVIAN+SPORTS+TENNIS+DE+TABLE%22+tennis+de+table+France,46.399251,6.581314
EVRECY TT,France,https://www.google.com/maps/search/?api=1&query=%22EVRECY+TT%22+tennis+de+table+France,49.100631,-0.504039
EVREUX ETUDIANTS CERCLE,France,https://www.google.com/maps/search/?api=1&query=%22EVREUX+ETUDIANTS+CERCLE%22+tennis+de+table+France,49.007987,1.141149
EVRON Alerte,France,https://www.google.com/maps/search/?api=1&query=%22EVRON+Alerte%22+tennis+de+table+France,48.152446,-0.408880
EXXONMOBIL GRAVENCHON SL,France,https://www.google.com/maps/search/?api=1&query=%22EXXONMOBIL+GRAVENCHON+SL%22+tennis+de+table+France,49.493984,0.564316
EY Strasbourg ASS,France,https://www.google.com/maps/search/?api=1&query=%22EY+Strasbourg+ASS%22+tennis+de+table+France,48.695239,7.780490
EYMOUTIERS TT (87),France,https://www.google.com/maps/search/?api=1&query=%22EYMOUTIERS+TT+%2887%29%22+tennis+de+table+France,45.743035,1.739634
EZANVILLE ECOUEN US,France,https://www.google.com/maps/search/?api=1&query=%22EZANVILLE+ECOUEN+US%22+tennis+de+table+France,49.034080,2.362374
F L E P  LACABAREDE,France,https://www.google.com/maps/search/?api=1&query=%22F+L+E+P++LACABAREDE%22+tennis+de+table+France,43.470373,2.581337
F.C.J. CAUDAN,France,https://www.google.com/maps/search/?api=1&query=%22F.C.J.+CAUDAN%22+tennis+de+table+France,47.807974,-3.342717
F.J. FOECY TT,France,https://www.google.com/maps/search/?api=1&query=%22F.J.+FOECY+TT%22+tennis+de+table+France,47.178169,2.160522
F.L. KERYADO LORIENT,France,https://www.google.com/maps/search/?api=1&query=%22F.L.+KERYADO+LORIENT%22+tennis+de+table+France,47.764396,-3.386314
F.L. LANESTER,France,https://www.google.com/maps/search/?api=1&query=%22F.L.+LANESTER%22+tennis+de+table+France,47.768560,-3.344726
F.L.E.P. PORT-LOUIS,France,https://www.google.com/maps/search/?api=1&query=%22F.L.E.P.+PORT-LOUIS%22+tennis+de+table+France,47.707316,-3.357601
F.O.L.C. LORIENT OUEST,France,https://www.google.com/maps/search/?api=1&query=%22F.O.L.C.+LORIENT+OUEST%22+tennis+de+table+France,47.738656,-3.396393
F.R MONEIN,France,https://www.google.com/maps/search/?api=1&query=%22F.R+MONEIN%22+tennis+de+table+France,43.321446,-0.574160
F.R. DE HINX,France,https://www.google.com/maps/search/?api=1&query=%22F.R.+DE+HINX%22+tennis+de+table+France,43.705141,-0.923525
F.R.J.E.P. ESLETTES TT,France,https://www.google.com/maps/search/?api=1&query=%22F.R.J.E.P.+ESLETTES+TT%22+tennis+de+table+France,49.546641,1.051908
FACHES-THUMESNIL TT,France,https://www.google.com/maps/search/?api=1&query=%22FACHES-THUMESNIL+TT%22+tennis+de+table+France,50.596954,3.068855
FAINS LES SOURCES AEL,France,https://www.google.com/maps/search/?api=1&query=%22FAINS+LES+SOURCES+AEL%22+tennis+de+table+France,48.793692,5.120095
FAL BEAUREGARD L'EVEQUE,France,https://www.google.com/maps/search/?api=1&query=%22FAL+BEAUREGARD+L%27EVEQUE%22+tennis+de+table+France,45.812739,3.297066
FALAISE ES,France,https://www.google.com/maps/search/?api=1&query=%22FALAISE+ES%22+tennis+de+table+France,48.890255,-0.187293
FALCONS SABADELL A.E.,Espagne,https://www.google.com/maps/search/?api=1&query=%22FALCONS+SABADELL+A.E.%22+tenis+de+mesa+Espa%C3%B1a,40.379585,-3.706437
FAMARS TTS,France,https://www.google.com/maps/search/?api=1&query=%22FAMARS+TTS%22+tennis+de+table+France,50.319653,3.517098
FAULQUEMONT E.S.C.,France,https://www.google.com/maps/search/?api=1&query=%22FAULQUEMONT+E.S.C.%22+tennis+de+table+France,49.053098,6.596846
FAUMONT AS,France,https://www.google.com/maps/search/?api=1&query=%22FAUMONT+AS%22+tennis+de+table+France,50.453317,3.136220
FAVEROLLES US,France,https://www.google.com/maps/search/?api=1&query=%22FAVEROLLES+US%22+tennis+de+table+France,48.670607,-0.305763
FC Bayern München e.V.,Allemagne,https://www.google.com/maps/search/?api=1&query=%22FC+Bayern+M%C3%BCnchen+e.V.%22+Tischtennis+Deutschland,48.101018,11.574375
FC GUEUGNON,France,https://www.google.com/maps/search/?api=1&query=%22FC+GUEUGNON%22+tennis+de+table+France,46.602136,4.055856
FCJ BOOTZHEIM,France,https://www.google.com/maps/search/?api=1&query=%22FCJ+BOOTZHEIM%22+tennis+de+table+France,48.187509,7.570671
FCL VIHIERS TT,France,https://www.google.com/maps/search/?api=1&query=%22FCL+VIHIERS+TT%22+tennis+de+table+France,47.147592,-0.537615
FCS LA ROCHE BLANCHE,France,https://www.google.com/maps/search/?api=1&query=%22FCS+LA+ROCHE+BLANCHE%22+tennis+de+table+France,45.707078,3.127055
FCS UZERCHE,France,https://www.google.com/maps/search/?api=1&query=%22FCS+UZERCHE%22+tennis+de+table+France,45.430439,1.569904
FENEU Tennis de Table,France,https://www.google.com/maps/search/?api=1&query=%22FENEU+Tennis+de+Table%22+tennis+de+table+France,47.574467,-0.594563
FERCE US,France,https://www.google.com/maps/search/?api=1&query=%22FERCE+US%22+tennis+de+table+France,47.899814,-0.033586
FERE-CHAMPENOISE TT,France,https://www.google.com/maps/search/?api=1&query=%22FERE-CHAMPENOISE+TT%22+tennis+de+table+France,48.750492,3.991730
FEROLLES VIENNE TT,France,https://www.google.com/maps/search/?api=1&query=%22FEROLLES+VIENNE+TT%22+tennis+de+table+France,47.834101,2.112506
FERRIERE LA GRANDE CSTT,France,https://www.google.com/maps/search/?api=1&query=%22FERRIERE+LA+GRANDE+CSTT%22+tennis+de+table+France,50.257621,4.002614
FERRIERE VENDEE TENNIS DE TABLE,France,https://www.google.com/maps/search/?api=1&query=%22FERRIERE+VENDEE+TENNIS+DE+TABLE%22+tennis+de+table+France,46.716767,-1.314547
FERVAQUES LP,France,https://www.google.com/maps/search/?api=1&query=%22FERVAQUES+LP%22+tennis+de+table+France,49.016782,0.156867
FESSENHEIM LE BAS ASCS,France,https://www.google.com/maps/search/?api=1&query=%22FESSENHEIM+LE+BAS+ASCS%22+tennis+de+table+France,48.633176,7.538547
FEUQUIERES AP,France,https://www.google.com/maps/search/?api=1&query=%22FEUQUIERES+AP%22+tennis+de+table+France,49.645595,1.841051
FEUQUIERES EN VIMEU TT,France,https://www.google.com/maps/search/?api=1&query=%22FEUQUIERES+EN+VIMEU+TT%22+tennis+de+table+France,50.062392,1.605063
FIEF SAUVIN (LE) - CB,France,https://www.google.com/maps/search/?api=1&query=%22FIEF+SAUVIN+%28LE%29+-+CB%22+tennis+de+table+France,47.222697,-1.047566
FIGEAC SAINT-CERE T.T,France,https://www.google.com/maps/search/?api=1&query=%22FIGEAC+SAINT-CERE+T.T%22+tennis+de+table+France,44.858322,1.897529
FILLIERE TENNIS DE TABLE,France,https://www.google.com/maps/search/?api=1&query=%22FILLIERE+TENNIS+DE+TABLE%22+tennis+de+table+France,46.004348,6.174724
FILS DE FRANCE DE BEAUNE,France,https://www.google.com/maps/search/?api=1&query=%22FILS+DE+FRANCE+DE+BEAUNE%22+tennis+de+table+France,47.028279,4.845876
FISMES ARDRE VESLE US,France,https://www.google.com/maps/search/?api=1&query=%22FISMES+ARDRE+VESLE+US%22+tennis+de+table+France,49.302835,3.678043
FJ FAUVILLE,France,https://www.google.com/maps/search/?api=1&query=%22FJ+FAUVILLE%22+tennis+de+table+France,49.651026,0.597358
FJ LA REMUEE TT,France,https://www.google.com/maps/search/?api=1&query=%22FJ+LA+REMUEE+TT%22+tennis+de+table+France,49.526822,0.403730
FJEP DOUVILLE SUR ANDELLE,France,https://www.google.com/maps/search/?api=1&query=%22FJEP+DOUVILLE+SUR+ANDELLE%22+tennis+de+table+France,49.338100,1.299002
FJEP METARE,France,https://www.google.com/maps/search/?api=1&query=%22FJEP+METARE%22+tennis+de+table+France,45.417415,4.418984
FJEP MEYZIEU,France,https://www.google.com/maps/search/?api=1&query=%22FJEP+MEYZIEU%22+tennis+de+table+France,45.765589,5.015773
FJEP SALIES DE BEARN,France,https://www.google.com/maps/search/?api=1&query=%22FJEP+SALIES+DE+BEARN%22+tennis+de+table+France,43.474498,-0.933254
FL ST AIGNAN,France,https://www.google.com/maps/search/?api=1&query=%22FL+ST+AIGNAN%22+tennis+de+table+France,47.154100,1.215800
Fleac M J C,France,https://www.google.com/maps/search/?api=1&query=%22Fleac+M+J+C%22+tennis+de+table+France,45.661908,0.089736
FLERIEN TT,France,https://www.google.com/maps/search/?api=1&query=%22FLERIEN+TT%22+tennis+de+table+France,48.743883,-0.552045
FLERS ASEGO,France,https://www.google.com/maps/search/?api=1&query=%22FLERS+ASEGO%22+tennis+de+table+France,48.744826,-0.561351
FLEURY SUR ORNE CSP,France,https://www.google.com/maps/search/?api=1&query=%22FLEURY+SUR+ORNE+CSP%22+tennis+de+table+France,49.151096,-0.372981
FLINES LEZ RACHES PPC,France,https://www.google.com/maps/search/?api=1&query=%22FLINES+LEZ+RACHES+PPC%22+tennis+de+table+France,50.428423,3.185575
FLOING PPC,France,https://www.google.com/maps/search/?api=1&query=%22FLOING+PPC%22+tennis+de+table+France,49.717180,4.925870
Florida Crocs,USA,https://www.google.com/maps/search/?api=1&query=%22Florida+Crocs%22+table+tennis+USA,28.538300,-81.379200
FONTAINE NOTRE DAME ATT,France,https://www.google.com/maps/search/?api=1&query=%22FONTAINE+NOTRE+DAME+ATT%22+tennis+de+table+France,50.169033,3.151016
FONTAINE-ETOUPEFOUR TT,France,https://www.google.com/maps/search/?api=1&query=%22FONTAINE-ETOUPEFOUR+TT%22+tennis+de+table+France,49.141916,-0.457905
FONTAINEBLEAU TT,France,https://www.google.com/maps/search/?api=1&query=%22FONTAINEBLEAU+TT%22+tennis+de+table+France,48.409277,2.635010
FONTAINES-DOIX,France,https://www.google.com/maps/search/?api=1&query=%22FONTAINES-DOIX%22+tennis+de+table+France,46.415071,-0.831014
FONTENAY LE F. AS,France,https://www.google.com/maps/search/?api=1&query=%22FONTENAY+LE+F.+AS%22+tennis+de+table+France,48.814197,2.047470
FONTENAY TTC,France,https://www.google.com/maps/search/?api=1&query=%22FONTENAY+TTC%22+tennis+de+table+France,46.460359,-0.808529
FONTENAYSIENNE Union Sportive TT,France,https://www.google.com/maps/search/?api=1&query=%22FONTENAYSIENNE+Union+Sportive+TT%22+tennis+de+table+France,48.851080,2.459454
FORBACH U.S.T.T.,France,https://www.google.com/maps/search/?api=1&query=%22FORBACH+U.S.T.T.%22+tennis+de+table+France,49.181531,6.892305
FORCE US,France,https://www.google.com/maps/search/?api=1&query=%22FORCE+US%22+tennis+de+table+France,48.034177,-0.701467
FORTUNEO CMA,France,https://www.google.com/maps/search/?api=1&query=%22FORTUNEO+CMA%22+tennis+de+table+France,,
FOSSES MARLY Tennis de Table,France,https://www.google.com/maps/search/?api=1&query=%22FOSSES+MARLY+Tennis+de+Table%22+tennis+de+table+France,49.098532,2.517008
FOUG C.P.,France,https://www.google.com/maps/search/?api=1&query=%22FOUG+C.P.%22+tennis+de+table+France,48.684060,5.793339
FOULLETOURTE T.T.,France,https://www.google.com/maps/search/?api=1&query=%22FOULLETOURTE+T.T.%22+tennis+de+table+France,47.828128,0.078580
FOUQUIERES-LES-LENS CTT,France,https://www.google.com/maps/search/?api=1&query=%22FOUQUIERES-LES-LENS+CTT%22+tennis+de+table+France,50.428737,2.917522
Fouras CP,France,https://www.google.com/maps/search/?api=1&query=%22Fouras+CP%22+tennis+de+table+France,45.989213,-1.078286
FOURDRINOY TT,France,https://www.google.com/maps/search/?api=1&query=%22FOURDRINOY+TT%22+tennis+de+table+France,49.920957,2.104825
FOURMIES PPC,France,https://www.google.com/maps/search/?api=1&query=%22FOURMIES+PPC%22+tennis+de+table+France,50.016773,4.059822
FOYER  RURAL ISNEAUVILLE,France,https://www.google.com/maps/search/?api=1&query=%22FOYER++RURAL+ISNEAUVILLE%22+tennis+de+table+France,49.496253,1.151495
FOYER CLUB DE ST-RAOUL,France,https://www.google.com/maps/search/?api=1&query=%22FOYER+CLUB+DE+ST-RAOUL%22+tennis+de+table+France,47.943420,-2.115444
FOYER D AUZEBOSC,France,https://www.google.com/maps/search/?api=1&query=%22FOYER+D+AUZEBOSC%22+tennis+de+table+France,49.602205,0.728485
FOYER RURAL D'ABEILHAN,France,https://www.google.com/maps/search/?api=1&query=%22FOYER+RURAL+D%27ABEILHAN%22+tennis+de+table+France,43.446276,3.294685
FOYER RURAL DE DAMPIERRE,France,https://www.google.com/maps/search/?api=1&query=%22FOYER+RURAL+DE+DAMPIERRE%22+tennis+de+table+France,47.148686,5.761989
FOYER RURAL DE GAMARDE,France,https://www.google.com/maps/search/?api=1&query=%22FOYER+RURAL+DE+GAMARDE%22+tennis+de+table+France,43.732859,-0.872357
FOYER RURAL DE VAILHAUQUES,France,https://www.google.com/maps/search/?api=1&query=%22FOYER+RURAL+DE+VAILHAUQUES%22+tennis+de+table+France,43.669275,3.717696
FOYER RURAL DE VERCIA COUSANCE,France,https://www.google.com/maps/search/?api=1&query=%22FOYER+RURAL+DE+VERCIA+COUSANCE%22+tennis+de+table+France,46.591161,5.453530
FOYER RURAL DU POUGET,France,https://www.google.com/maps/search/?api=1&query=%22FOYER+RURAL+DU+POUGET%22+tennis+de+table+France,43.588922,3.527624
FOYER RURAL LES BANNO,France,https://www.google.com/maps/search/?api=1&query=%22FOYER+RURAL+LES+BANNO%22+tennis+de+table+France,47.235587,5.778665
FOYER RURAL PARASSY T.T.,France,https://www.google.com/maps/search/?api=1&query=%22FOYER+RURAL+PARASSY+T.T.%22+tennis+de+table+France,47.240318,2.547006
Foyer Rural TT CHEVENON,France,https://www.google.com/maps/search/?api=1&query=%22Foyer+Rural+TT+CHEVENON%22+tennis+de+table+France,46.919533,3.228685
FOYER RURAL VEZELOIS,France,https://www.google.com/maps/search/?api=1&query=%22FOYER+RURAL+VEZELOIS%22+tennis+de+table+France,47.607747,6.916183
FR LAMARCHE SUR SAONE TT,France,https://www.google.com/maps/search/?api=1&query=%22FR+LAMARCHE+SUR+SAONE+TT%22+tennis+de+table+France,47.272074,5.385093
FR ROUGEMONT LE CHATEAU,France,https://www.google.com/maps/search/?api=1&query=%22FR+ROUGEMONT+LE+CHATEAU%22+tennis+de+table+France,47.731246,6.968556
FR SAINT-CANNAT,France,https://www.google.com/maps/search/?api=1&query=%22FR+SAINT-CANNAT%22+tennis+de+table+France,43.623946,5.297122
FR SOUZY,France,https://www.google.com/maps/search/?api=1&query=%22FR+SOUZY%22+tennis+de+table+France,45.704983,4.446243
France,Allemagne,https://www.google.com/maps/search/?api=1&query=%22France%22+Tischtennis+Deutschland,50.108926,8.652330
FRANCONVILLE CTT,France,https://www.google.com/maps/search/?api=1&query=%22FRANCONVILLE+CTT%22+tennis+de+table+France,48.992082,2.222519
FRANCOURVILLE LD.,France,https://www.google.com/maps/search/?api=1&query=%22FRANCOURVILLE+LD.%22+tennis+de+table+France,48.404462,1.663555
FRASNE,France,https://www.google.com/maps/search/?api=1&query=%22FRASNE%22+tennis+de+table+France,46.855982,6.157760
FRAT OULLINS - PIERRE-BENITE TT,France,https://www.google.com/maps/search/?api=1&query=%22FRAT+OULLINS+-+PIERRE-BENITE+TT%22+tennis+de+table+France,45.698150,4.819510
FRATERNELLE DES VOLCANS VOLVIC,France,https://www.google.com/maps/search/?api=1&query=%22FRATERNELLE+DES+VOLCANS+VOLVIC%22+tennis+de+table+France,45.875372,3.044605
FREHEL TENNIS DE TABLE,France,https://www.google.com/maps/search/?api=1&query=%22FREHEL+TENNIS+DE+TABLE%22+tennis+de+table+France,48.810976,-3.444724
FREMUR PONGISTE,France,https://www.google.com/maps/search/?api=1&query=%22FREMUR+PONGISTE%22+tennis+de+table+France,48.613235,-2.125191
FRENOUVILLAIS TT,France,https://www.google.com/maps/search/?api=1&query=%22FRENOUVILLAIS+TT%22+tennis+de+table+France,49.135037,-0.247280
FRESNAY L'EVEQUE TENNIS DE TABLE,France,https://www.google.com/maps/search/?api=1&query=%22FRESNAY+L%27EVEQUE+TENNIS+DE+TABLE%22+tennis+de+table+France,48.263484,1.826298
FRESNOY LE GRAND TT,France,https://www.google.com/maps/search/?api=1&query=%22FRESNOY+LE+GRAND+TT%22+tennis+de+table+France,49.949568,3.424811
FRETIN CFTT,France,https://www.google.com/maps/search/?api=1&query=%22FRETIN+CFTT%22+tennis+de+table+France,50.560585,3.134119
FREVENT TENNIS DE TABLE,France,https://www.google.com/maps/search/?api=1&query=%22FREVENT+TENNIS+DE+TABLE%22+tennis+de+table+France,50.276074,2.283014
FREYMING-ST MAURICE LTDP,France,https://www.google.com/maps/search/?api=1&query=%22FREYMING-ST+MAURICE+LTDP%22+tennis+de+table+France,49.145114,6.789442
FRIGNICOURT PING PONG CLUB,France,https://www.google.com/maps/search/?api=1&query=%22FRIGNICOURT+PING+PONG+CLUB%22+tennis+de+table+France,48.714781,4.586388
FRIVILLE-ESCARBOTIN-BELLOY TT,France,https://www.google.com/maps/search/?api=1&query=%22FRIVILLE-ESCARBOTIN-BELLOY+TT%22+tennis+de+table+France,50.081793,1.538612
FRJEP ST GERMAIN L VERGNES,France,https://www.google.com/maps/search/?api=1&query=%22FRJEP+ST+GERMAIN+L+VERGNES%22+tennis+de+table+France,45.267001,1.623422
Frontenay RR AFTT,France,https://www.google.com/maps/search/?api=1&query=%22Frontenay+RR+AFTT%22+tennis+de+table+France,46.251669,-0.542316
Frouard O.F.P.,France,https://www.google.com/maps/search/?api=1&query=%22Frouard+O.F.P.%22+tennis+de+table+France,48.761112,6.128311
FSE CRAVANT TT,France,https://www.google.com/maps/search/?api=1&query=%22FSE+CRAVANT+TT%22+tennis+de+table+France,47.681982,3.691300
FT V. 1844 Freiburg,Allemagne,https://www.google.com/maps/search/?api=1&query=%22FT+V.+1844+Freiburg%22+Tischtennis+Deutschland,47.969641,7.698233
FUENCARRAL - EL PARDO TM,Espagne,https://www.google.com/maps/search/?api=1&query=%22FUENCARRAL+-+EL+PARDO+TM%22+tenis+de+mesa+Espa%C3%B1a,40.502657,-3.710691
FUENLABRADA TEAM,Espagne,https://www.google.com/maps/search/?api=1&query=%22FUENLABRADA+TEAM%22+tenis+de+mesa+Espa%C3%B1a,40.282476,-3.792342
FUENTE DE CANTOS,Espagne,https://www.google.com/maps/search/?api=1&query=%22FUENTE+DE+CANTOS%22+tenis+de+mesa+Espa%C3%B1a,38.246138,-6.307427
FUMELOISE TENNIS DE TABLE,France,https://www.google.com/maps/search/?api=1&query=%22FUMELOISE+TENNIS+DE+TABLE%22+tennis+de+table+France,44.501094,0.965312
FUTURO VAL VERT TT,France,https://www.google.com/maps/search/?api=1&query=%22FUTURO+VAL+VERT+TT%22+tennis+de+table+France,46.678577,0.374091
Füchse Berlin Reinickendorf,Allemagne,https://www.google.com/maps/search/?api=1&query=%22F%C3%BCchse+Berlin+Reinickendorf%22+Tischtennis+Deutschland,52.576594,13.356397
G C O BIHOREL,France,https://www.google.com/maps/search/?api=1&query=%22G+C+O+BIHOREL%22+tennis+de+table+France,49.459315,1.122802
G.M. ST-POTAN,France,https://www.google.com/maps/search/?api=1&query=%22G.M.+ST-POTAN%22+tennis+de+table+France,48.557222,-2.294750
GAGNY USM,France,https://www.google.com/maps/search/?api=1&query=%22GAGNY+USM%22+tennis+de+table+France,48.897784,2.544773
GAILLON AUBEVOYE TT,France,https://www.google.com/maps/search/?api=1&query=%22GAILLON+AUBEVOYE+TT%22+tennis+de+table+France,49.165555,1.345106
GAIS MOIS. VOVES,France,https://www.google.com/maps/search/?api=1&query=%22GAIS+MOIS.+VOVES%22+tennis+de+table+France,48.271926,1.627593
GAP HAUTES ALPES TT,France,https://www.google.com/maps/search/?api=1&query=%22GAP+HAUTES+ALPES+TT%22+tennis+de+table+France,44.580683,6.104268
GARDE DU VOEU HENNEBONT,France,https://www.google.com/maps/search/?api=1&query=%22GARDE+DU+VOEU+HENNEBONT%22+tennis+de+table+France,47.798631,-3.297085
GARGENVILLE CO,France,https://www.google.com/maps/search/?api=1&query=%22GARGENVILLE+CO%22+tennis+de+table+France,48.985610,1.807725
GARGES TENNIS DE TABLE,France,https://www.google.com/maps/search/?api=1&query=%22GARGES+TENNIS+DE+TABLE%22+tennis+de+table+France,48.965381,2.411744
GASTEIZ,Espagne,https://www.google.com/maps/search/?api=1&query=%22GASTEIZ%22+tenis+de+mesa+Espa%C3%B1a,42.850584,-2.661450
GASTINES BALLOTS AS,France,https://www.google.com/maps/search/?api=1&query=%22GASTINES+BALLOTS+AS%22+tennis+de+table+France,47.897446,-1.044249
GAVRE (LE) T.T.,France,https://www.google.com/maps/search/?api=1&query=%22GAVRE+%28LE%29+T.T.%22+tennis+de+table+France,47.522000,-1.747535
Gaz Elec Omnisports St ETIENNE,France,https://www.google.com/maps/search/?api=1&query=%22Gaz+Elec+Omnisports+St+ETIENNE%22+tennis+de+table+France,45.432613,4.415034
GAZELEC BOURGES TT,France,https://www.google.com/maps/search/?api=1&query=%22GAZELEC+BOURGES+TT%22+tennis+de+table+France,47.081389,2.373760
GC SANTO TIRSO,Portugal,https://www.google.com/maps/search/?api=1&query=%22GC+SANTO+TIRSO%22+t%C3%A9nis+de+mesa+Portugal,41.344006,-8.477202
GC VALBOM,Portugal,https://www.google.com/maps/search/?api=1&query=%22GC+VALBOM%22+t%C3%A9nis+de+mesa+Portugal,41.714979,-8.342864
GD Estreito,Portugal,https://www.google.com/maps/search/?api=1&query=%22GD+Estreito%22+t%C3%A9nis+de+mesa+Portugal,39.925652,-7.780889
GD PIC NIC,Portugal,https://www.google.com/maps/search/?api=1&query=%22GD+PIC+NIC%22+t%C3%A9nis+de+mesa+Portugal,38.790479,-9.379416
GD PIRESCOXE,Portugal,https://www.google.com/maps/search/?api=1&query=%22GD+PIRESCOXE%22+t%C3%A9nis+de+mesa+Portugal,38.837050,-9.091622
GD SÃO CIBRÃO,Portugal,https://www.google.com/maps/search/?api=1&query=%22GD+S%C3%83O+CIBR%C3%83O%22+t%C3%A9nis+de+mesa+Portugal,41.029662,-6.969346
GD TOLEDOS,Portugal,https://www.google.com/maps/search/?api=1&query=%22GD+TOLEDOS%22+t%C3%A9nis+de+mesa+Portugal,38.545508,-28.506100
GDCAAA GUILHABREU,Portugal,https://www.google.com/maps/search/?api=1&query=%22GDCAAA+GUILHABREU%22+t%C3%A9nis+de+mesa+Portugal,41.294595,-8.638224
GDCS DO JUNCAL,Portugal,https://www.google.com/maps/search/?api=1&query=%22GDCS+DO+JUNCAL%22+t%C3%A9nis+de+mesa+Portugal,39.602744,-8.901978
GDR GUIPAVAS,France,https://www.google.com/maps/search/?api=1&query=%22GDR+GUIPAVAS%22+tennis+de+table+France,48.438749,-4.402210
GEMENOS PING,France,https://www.google.com/maps/search/?api=1&query=%22GEMENOS+PING%22+tennis+de+table+France,43.288114,5.000000
Gemozac Tennis de Table,France,https://www.google.com/maps/search/?api=1&query=%22Gemozac+Tennis+de+Table%22+tennis+de+table+France,45.570556,-0.668575
GENELARD-PARAY TENNIS DE TABLE,France,https://www.google.com/maps/search/?api=1&query=%22GENELARD-PARAY+TENNIS+DE+TABLE%22+tennis+de+table+France,46.578990,4.244582
GENERAC T.T.,France,https://www.google.com/maps/search/?api=1&query=%22GENERAC+T.T.%22+tennis+de+table+France,43.728114,4.343124
GENERALI SPORT ET CULTURE,France,https://www.google.com/maps/search/?api=1&query=%22GENERALI+SPORT+ET+CULTURE%22+tennis+de+table+France,48.868320,2.326079
GENNES SUR GLAIZE A.S.T.T,France,https://www.google.com/maps/search/?api=1&query=%22GENNES+SUR+GLAIZE+A.S.T.T%22+tennis+de+table+France,47.851344,-0.607493
GENNEVILLIERS CSM,France,https://www.google.com/maps/search/?api=1&query=%22GENNEVILLIERS+CSM%22+tennis+de+table+France,48.921358,2.292365
Germany,Allemagne,https://www.google.com/maps/search/?api=1&query=%22Germany%22+Tischtennis+Deutschland,51.028852,13.751290
GERSTHEIM CSD,France,https://www.google.com/maps/search/?api=1&query=%22GERSTHEIM+CSD%22+tennis+de+table+France,48.379417,7.698259
GERVAISIENNE EPPG,France,https://www.google.com/maps/search/?api=1&query=%22GERVAISIENNE+EPPG%22+tennis+de+table+France,48.888186,2.401517
GESTE Espoir,France,https://www.google.com/maps/search/?api=1&query=%22GESTE+Espoir%22+tennis+de+table+France,47.182331,-1.106295
GEVEZE TENNIS DE TABLE AS,France,https://www.google.com/maps/search/?api=1&query=%22GEVEZE+TENNIS+DE+TABLE+AS%22+tennis+de+table+France,48.220731,-1.794018
GIEN AS TT,France,https://www.google.com/maps/search/?api=1&query=%22GIEN+AS+TT%22+tennis+de+table+France,47.665764,2.608476
Gießener SV,Allemagne,https://www.google.com/maps/search/?api=1&query=%22Gie%C3%9Fener+SV%22+Tischtennis+Deutschland,50.560415,8.670089
GIGEAN ASM,France,https://www.google.com/maps/search/?api=1&query=%22GIGEAN+ASM%22+tennis+de+table+France,43.493488,3.707764
GIGNAC VITROLLES TT,France,https://www.google.com/maps/search/?api=1&query=%22GIGNAC+VITROLLES+TT%22+tennis+de+table+France,43.387150,5.230163
GIROUARD,France,https://www.google.com/maps/search/?api=1&query=%22GIROUARD%22+tennis+de+table+France,46.569224,-1.599476
GIVET CTT,France,https://www.google.com/maps/search/?api=1&query=%22GIVET+CTT%22+tennis+de+table+France,50.134800,4.838160
GIVRY-EN-ARGONNE ATPP,France,https://www.google.com/maps/search/?api=1&query=%22GIVRY-EN-ARGONNE+ATPP%22+tennis+de+table+France,48.945606,4.894935
GLAIRE ASTT,France,https://www.google.com/maps/search/?api=1&query=%22GLAIRE+ASTT%22+tennis+de+table+France,49.710419,4.913720
GOELANDS DE BIARRITZ,France,https://www.google.com/maps/search/?api=1&query=%22GOELANDS+DE+BIARRITZ%22+tennis+de+table+France,43.487603,-1.545313
GOINCOURT Tennis de Table,France,https://www.google.com/maps/search/?api=1&query=%22GOINCOURT+Tennis+de+Table%22+tennis+de+table+France,49.424607,2.038224
GOLFE TT 56,France,https://www.google.com/maps/search/?api=1&query=%22GOLFE+TT+56%22+tennis+de+table+France,47.654398,-2.865715
Gond Pontouvre T.T.G.P.,France,https://www.google.com/maps/search/?api=1&query=%22Gond+Pontouvre+T.T.G.P.%22+tennis+de+table+France,45.681960,0.164710
GONDECOURT ALTT,France,https://www.google.com/maps/search/?api=1&query=%22GONDECOURT+ALTT%22+tennis+de+table+France,50.543108,2.974002
GORRONNAIS Tennis de Table,France,https://www.google.com/maps/search/?api=1&query=%22GORRONNAIS+Tennis+de+Table%22+tennis+de+table+France,48.411981,-0.809593
GOUDELIN/PLOUHA T.T.,France,https://www.google.com/maps/search/?api=1&query=%22GOUDELIN%2FPLOUHA+T.T.%22+tennis+de+table+France,48.604453,-3.015816
GOULAINE OMNISPORTS,France,https://www.google.com/maps/search/?api=1&query=%22GOULAINE+OMNISPORTS%22+tennis+de+table+France,47.196761,-1.450533
GOURNAY Tennis de Table,France,https://www.google.com/maps/search/?api=1&query=%22GOURNAY+Tennis+de+Table%22+tennis+de+table+France,49.478634,1.712836
GOUVIEUX LAMORLAYE Sud OiseTT,France,https://www.google.com/maps/search/?api=1&query=%22GOUVIEUX+LAMORLAYE+Sud+OiseTT%22+tennis+de+table+France,49.189012,2.408152
GOUVILLE-COUTAINVILLE ENTENTE,France,https://www.google.com/maps/search/?api=1&query=%22GOUVILLE-COUTAINVILLE+ENTENTE%22+tennis+de+table+France,49.094556,-1.583155
GOVENAIS T.T.,France,https://www.google.com/maps/search/?api=1&query=%22GOVENAIS+T.T.%22+tennis+de+table+France,48.012579,-1.838203
GR ESTª BONFIM,Portugal,https://www.google.com/maps/search/?api=1&query=%22GR+EST%C2%AA+BONFIM%22+t%C3%A9nis+de+mesa+Portugal,41.151070,-8.593957
GRADIGNAN TENNIS DE TABLE,France,https://www.google.com/maps/search/?api=1&query=%22GRADIGNAN+TENNIS+DE+TABLE%22+tennis+de+table+France,44.761437,-0.608761
GRAND COURONNE TENNIS DE TABLE,France,https://www.google.com/maps/search/?api=1&query=%22GRAND+COURONNE+TENNIS+DE+TABLE%22+tennis+de+table+France,49.359709,1.006220
GRAND LEMPS OYEU BURCIN TT,France,https://www.google.com/maps/search/?api=1&query=%22GRAND+LEMPS+OYEU+BURCIN+TT%22+tennis+de+table+France,45.425769,5.470674
GRAND-FORT-PHILIPPE TTC,France,https://www.google.com/maps/search/?api=1&query=%22GRAND-FORT-PHILIPPE+TTC%22+tennis+de+table+France,50.994460,2.108500
GRANDCHAMP T.T.,France,https://www.google.com/maps/search/?api=1&query=%22GRANDCHAMP+T.T.%22+tennis+de+table+France,47.357151,-1.599821
GRANDE-SYNTHE O TT,France,https://www.google.com/maps/search/?api=1&query=%22GRANDE-SYNTHE+O+TT%22+tennis+de+table+France,50.481399,3.015284
GRANIT BLEU T.T.,France,https://www.google.com/maps/search/?api=1&query=%22GRANIT+BLEU+T.T.%22+tennis+de+table+France,48.462315,-1.760628
GRASSE TENNIS DE TABLE,France,https://www.google.com/maps/search/?api=1&query=%22GRASSE+TENNIS+DE+TABLE%22+tennis+de+table+France,43.656795,6.917897
GRAUVES TT,France,https://www.google.com/maps/search/?api=1&query=%22GRAUVES+TT%22+tennis+de+table+France,48.973665,3.963957
GRAVELINES US TT,France,https://www.google.com/maps/search/?api=1&query=%22GRAVELINES+US+TT%22+tennis+de+table+France,50.988569,2.135328
GRENTHEVILLE USTT,France,https://www.google.com/maps/search/?api=1&query=%22GRENTHEVILLE+USTT%22+tennis+de+table+France,49.150040,-0.289961
GRESIVAUDAN  BELLEDONNE TT,France,https://www.google.com/maps/search/?api=1&query=%22GRESIVAUDAN++BELLEDONNE+TT%22+tennis+de+table+France,45.270452,5.921299
GRESSEY MAULETTE PING PONG,France,https://www.google.com/maps/search/?api=1&query=%22GRESSEY+MAULETTE+PING+PONG%22+tennis+de+table+France,48.791700,1.624800
GREZ EN BOUERE C.P,France,https://www.google.com/maps/search/?api=1&query=%22GREZ+EN+BOUERE+C.P%22+tennis+de+table+France,47.871539,-0.532196
GRIESHEIM DINGSHEIM TT,France,https://www.google.com/maps/search/?api=1&query=%22GRIESHEIM+DINGSHEIM+TT%22+tennis+de+table+France,48.632683,7.670347
GRISY TT,France,https://www.google.com/maps/search/?api=1&query=%22GRISY+TT%22+tennis+de+table+France,48.686878,2.673243
GROSSOEUVRE SPORTS,France,https://www.google.com/maps/search/?api=1&query=%22GROSSOEUVRE+SPORTS%22+tennis+de+table+France,48.937004,1.199519
GROUPEMENT LA HETRAIE,France,https://www.google.com/maps/search/?api=1&query=%22GROUPEMENT+LA+HETRAIE%22+tennis+de+table+France,45.169229,-0.073194
GSEM TT NICE,France,https://www.google.com/maps/search/?api=1&query=%22GSEM+TT+NICE%22+tennis+de+table+France,43.714112,7.291006
GSY BOURG-BLANC,France,https://www.google.com/maps/search/?api=1&query=%22GSY+BOURG-BLANC%22+tennis+de+table+France,48.491583,-4.508278
GUADARRAMA,Espagne,https://www.google.com/maps/search/?api=1&query=%22GUADARRAMA%22+tenis+de+mesa+Espa%C3%B1a,40.672435,-4.089038
GUE DE LONGROI TENNIS DE TABLE,France,https://www.google.com/maps/search/?api=1&query=%22GUE+DE+LONGROI+TENNIS+DE+TABLE%22+tennis+de+table+France,48.500445,1.717492
GUERLEDAN TT-MUR DE BRETAGNE,France,https://www.google.com/maps/search/?api=1&query=%22GUERLEDAN+TT-MUR+DE+BRETAGNE%22+tennis+de+table+France,45.754710,3.240729
GUESNAIN ATT,France,https://www.google.com/maps/search/?api=1&query=%22GUESNAIN+ATT%22+tennis+de+table+France,50.350064,3.140048
GUEUX TINQUEUX ASTT,France,https://www.google.com/maps/search/?api=1&query=%22GUEUX+TINQUEUX+ASTT%22+tennis+de+table+France,49.248294,3.912919
GUICHAINVILLE TT,France,https://www.google.com/maps/search/?api=1&query=%22GUICHAINVILLE+TT%22+tennis+de+table+France,48.977230,1.185088
GUIGNEN TENNIS DE TABLE,France,https://www.google.com/maps/search/?api=1&query=%22GUIGNEN+TENNIS+DE+TABLE%22+tennis+de+table+France,47.923212,-1.863574
GUIGNICOURT CTT,France,https://www.google.com/maps/search/?api=1&query=%22GUIGNICOURT+CTT%22+tennis+de+table+France,49.439950,3.963970
GUIPRY-MESSAC U.S,France,https://www.google.com/maps/search/?api=1&query=%22GUIPRY-MESSAC+U.S%22+tennis+de+table+France,47.823118,-1.827518
GUISE TT,France,https://www.google.com/maps/search/?api=1&query=%22GUISE+TT%22+tennis+de+table+France,49.903598,3.638711
GUNDERSHOFFEN P79,France,https://www.google.com/maps/search/?api=1&query=%22GUNDERSHOFFEN+P79%22+tennis+de+table+France,48.906274,7.654099
GURE TALDE,Espagne,https://www.google.com/maps/search/?api=1&query=%22GURE+TALDE%22+tenis+de+mesa+Espa%C3%B1a,43.231411,-2.844051
HADIGNY FR TT,France,https://www.google.com/maps/search/?api=1&query=%22HADIGNY+FR+TT%22+tennis+de+table+France,48.322040,6.463090
HAGETMAU TENNIS DE TABLE,France,https://www.google.com/maps/search/?api=1&query=%22HAGETMAU+TENNIS+DE+TABLE%22+tennis+de+table+France,43.649940,-0.566560
HAGONDANGE E.S.,France,https://www.google.com/maps/search/?api=1&query=%22HAGONDANGE+E.S.%22+tennis+de+table+France,49.248299,6.167297
HAIE TRAVERSAINE U.S.L (la),France,https://www.google.com/maps/search/?api=1&query=%22HAIE+TRAVERSAINE+U.S.L+%28la%29%22+tennis+de+table+France,48.368144,-0.604141
HAISNES-HULLUCH TT,France,https://www.google.com/maps/search/?api=1&query=%22HAISNES-HULLUCH+TT%22+tennis+de+table+France,50.483672,2.807159
HALLENNES LEZ HAUBOURDIN TT,France,https://www.google.com/maps/search/?api=1&query=%22HALLENNES+LEZ+HAUBOURDIN+TT%22+tennis+de+table+France,50.612827,2.959434
HALLINES ATT,France,https://www.google.com/maps/search/?api=1&query=%22HALLINES+ATT%22+tennis+de+table+France,50.707838,2.213873
HALLUIN TT,France,https://www.google.com/maps/search/?api=1&query=%22HALLUIN+TT%22+tennis+de+table+France,50.776936,3.099998
HAMBYE TENNIS DE TABLE,France,https://www.google.com/maps/search/?api=1&query=%22HAMBYE+TENNIS+DE+TABLE%22+tennis+de+table+France,48.948046,-1.270689
HANAU Tennis de Table,France,https://www.google.com/maps/search/?api=1&query=%22HANAU+Tennis+de+Table%22+tennis+de+table+France,48.874223,7.472748
Hannover 96,Allemagne,https://www.google.com/maps/search/?api=1&query=%22Hannover+96%22+Tischtennis+Deutschland,52.387311,9.727256
HANTAY FJEP,France,https://www.google.com/maps/search/?api=1&query=%22HANTAY+FJEP%22+tennis+de+table+France,50.534835,2.866696
HARCY FPT,France,https://www.google.com/maps/search/?api=1&query=%22HARCY+FPT%22+tennis+de+table+France,49.836531,4.563341
HAUBOURDIN CTT,France,https://www.google.com/maps/search/?api=1&query=%22HAUBOURDIN+CTT%22+tennis+de+table+France,50.613944,2.975999
HAUT BUGEY TT,France,https://www.google.com/maps/search/?api=1&query=%22HAUT+BUGEY+TT%22+tennis+de+table+France,46.187849,5.580951
HAUT PILAT TENNIS DE TABLE,France,https://www.google.com/maps/search/?api=1&query=%22HAUT+PILAT+TENNIS+DE+TABLE%22+tennis+de+table+France,45.337082,4.423859
HAUT TILLOIS TT,France,https://www.google.com/maps/search/?api=1&query=%22HAUT+TILLOIS+TT%22+tennis+de+table+France,49.461524,2.106301
Haute Correze Tenn.de Tabl,France,https://www.google.com/maps/search/?api=1&query=%22Haute+Correze+Tenn.de+Tabl%22+tennis+de+table+France,45.547636,2.315463
HAUTE VILAINE TT,France,https://www.google.com/maps/search/?api=1&query=%22HAUTE+VILAINE+TT%22+tennis+de+table+France,48.113057,-1.526361
HAUTERIVE-BRUGHEAS T.T.,France,https://www.google.com/maps/search/?api=1&query=%22HAUTERIVE-BRUGHEAS+T.T.%22+tennis+de+table+France,46.088458,3.443722
HAYANGE U.S.T.H. T.T.,France,https://www.google.com/maps/search/?api=1&query=%22HAYANGE+U.S.T.H.+T.T.%22+tennis+de+table+France,49.317938,6.059745
HAYLANDE ES,France,https://www.google.com/maps/search/?api=1&query=%22HAYLANDE+ES%22+tennis+de+table+France,48.800884,-1.388565
HAYTILLON SM,France,https://www.google.com/maps/search/?api=1&query=%22HAYTILLON+SM%22+tennis+de+table+France,49.290434,-1.537848
HEBECREVON ES,France,https://www.google.com/maps/search/?api=1&query=%22HEBECREVON+ES%22+tennis+de+table+France,49.105275,-1.173289
HEILLECOURT LOISIRS RENCON,France,https://www.google.com/maps/search/?api=1&query=%22HEILLECOURT+LOISIRS+RENCON%22+tennis+de+table+France,48.650047,6.195346
HEM PPC,France,https://www.google.com/maps/search/?api=1&query=%22HEM+PPC%22+tennis+de+table+France,50.663510,3.187207
HENONVILLE CO,France,https://www.google.com/maps/search/?api=1&query=%22HENONVILLE+CO%22+tennis+de+table+France,49.210930,2.054463
HERBERGEMENT ASTT,France,https://www.google.com/maps/search/?api=1&query=%22HERBERGEMENT+ASTT%22+tennis+de+table+France,46.907799,-1.378484
HERBIERS (LES) TENNIS DE TABLE,France,https://www.google.com/maps/search/?api=1&query=%22HERBIERS+%28LES%29+TENNIS+DE+TABLE%22+tennis+de+table+France,46.865532,-1.019986
HERBLAY ASTT,France,https://www.google.com/maps/search/?api=1&query=%22HERBLAY+ASTT%22+tennis+de+table+France,48.991460,2.163850
HERGNIES FRESNES CTT,France,https://www.google.com/maps/search/?api=1&query=%22HERGNIES+FRESNES+CTT%22+tennis+de+table+France,50.475177,3.537162
HERIC T.T.,France,https://www.google.com/maps/search/?api=1&query=%22HERIC+T.T.%22+tennis+de+table+France,47.411990,-1.653296
HERIMENIL T.T.,France,https://www.google.com/maps/search/?api=1&query=%22HERIMENIL+T.T.%22+tennis+de+table+France,48.568720,6.491603
HERIN USTT,France,https://www.google.com/maps/search/?api=1&query=%22HERIN+USTT%22+tennis+de+table+France,50.356267,3.453109
HERSERANGE ASTT,France,https://www.google.com/maps/search/?api=1&query=%22HERSERANGE+ASTT%22+tennis+de+table+France,49.517049,5.781353
HIRSON TTC,France,https://www.google.com/maps/search/?api=1&query=%22HIRSON+TTC%22+tennis+de+table+France,49.923100,4.077000
HOERDT T.T.,France,https://www.google.com/maps/search/?api=1&query=%22HOERDT+T.T.%22+tennis+de+table+France,48.695239,7.780490
HOLNON TT,France,https://www.google.com/maps/search/?api=1&query=%22HOLNON+TT%22+tennis+de+table+France,49.861600,3.213000
Hopitaux Universit. Strasbourg,France,https://www.google.com/maps/search/?api=1&query=%22Hopitaux+Universit.+Strasbourg%22+tennis+de+table+France,48.562253,7.748007
HORBOURG-WIHR TT,France,https://www.google.com/maps/search/?api=1&query=%22HORBOURG-WIHR+TT%22+tennis+de+table+France,48.078237,7.392201
HORNAING TT,France,https://www.google.com/maps/search/?api=1&query=%22HORNAING+TT%22+tennis+de+table+France,50.369593,3.335961
HOUDEMONT ATT,France,https://www.google.com/maps/search/?api=1&query=%22HOUDEMONT+ATT%22+tennis+de+table+France,48.643237,6.178950
HOUILLES SO,France,https://www.google.com/maps/search/?api=1&query=%22HOUILLES+SO%22+tennis+de+table+France,48.927951,2.199516
HOULGATAISE R,France,https://www.google.com/maps/search/?api=1&query=%22HOULGATAISE+R%22+tennis+de+table+France,49.294855,-0.078110
HOUPLINES FC,France,https://www.google.com/maps/search/?api=1&query=%22HOUPLINES+FC%22+tennis+de+table+France,50.694292,2.914599
HOUSSAY Esperance,France,https://www.google.com/maps/search/?api=1&query=%22HOUSSAY+Esperance%22+tennis+de+table+France,47.913997,-0.737255
HOYMILLE TT,France,https://www.google.com/maps/search/?api=1&query=%22HOYMILLE+TT%22+tennis+de+table+France,50.974767,2.450444
HUNDLING C.P.H.,France,https://www.google.com/maps/search/?api=1&query=%22HUNDLING+C.P.H.%22+tennis+de+table+France,49.108495,6.978250
Hundsmühler TV,Allemagne,https://www.google.com/maps/search/?api=1&query=%22Hundsm%C3%BChler+TV%22+Tischtennis+Deutschland,53.113565,8.191990
HUNINGUE TTC,France,https://www.google.com/maps/search/?api=1&query=%22HUNINGUE+TTC%22+tennis+de+table+France,47.593577,7.578973
HÔPITAL VIERZON PING,France,https://www.google.com/maps/search/?api=1&query=%22H%C3%94PITAL+VIERZON+PING%22+tennis+de+table+France,47.226847,2.062512
IBM ORLEANS,France,https://www.google.com/maps/search/?api=1&query=%22IBM+ORLEANS%22+tennis+de+table+France,47.915456,1.981628
IFC TORRENSE,Portugal,https://www.google.com/maps/search/?api=1&query=%22IFC+TORRENSE%22+t%C3%A9nis+de+mesa+Portugal,38.617701,-9.099888
IFFENDIC E.S.,France,https://www.google.com/maps/search/?api=1&query=%22IFFENDIC+E.S.%22+tennis+de+table+France,48.128170,-2.033760
IGN AS,France,https://www.google.com/maps/search/?api=1&query=%22IGN+AS%22+tennis+de+table+France,48.845200,2.423679
IGNY T.T.,France,https://www.google.com/maps/search/?api=1&query=%22IGNY+T.T.%22+tennis+de+table+France,48.738167,2.220588
ILE TUDY COMBRIT TT,France,https://www.google.com/maps/search/?api=1&query=%22ILE+TUDY+COMBRIT+TT%22+tennis+de+table+France,47.843455,-4.168597
ILLANGE USTT,France,https://www.google.com/maps/search/?api=1&query=%22ILLANGE+USTT%22+tennis+de+table+France,49.328958,6.180733
ILLAS CIES TM,Espagne,https://www.google.com/maps/search/?api=1&query=%22ILLAS+CIES+TM%22+tenis+de+mesa+Espa%C3%B1a,42.218925,-8.905576
ILLE ET RANCE TT,France,https://www.google.com/maps/search/?api=1&query=%22ILLE+ET+RANCE+TT%22+tennis+de+table+France,48.332607,-1.824565
ILLENC TENNIS DE TAULE,France,https://www.google.com/maps/search/?api=1&query=%22ILLENC+TENNIS+DE+TAULE%22+tennis+de+table+France,42.666672,2.616670
ILLKIRCH GRAFFENSTADEN AP,France,https://www.google.com/maps/search/?api=1&query=%22ILLKIRCH+GRAFFENSTADEN+AP%22+tennis+de+table+France,48.530646,7.710951
ILLZACH TTSJB,France,https://www.google.com/maps/search/?api=1&query=%22ILLZACH+TTSJB%22+tennis+de+table+France,47.777578,7.349422
INCA,Espagne,https://www.google.com/maps/search/?api=1&query=%22INCA%22+tenis+de+mesa+Espa%C3%B1a,39.721145,2.911149
INCHY-BEAUMONT UP,France,https://www.google.com/maps/search/?api=1&query=%22INCHY-BEAUMONT+UP%22+tennis+de+table+France,50.120014,3.465118
INDEPENDIENTE-AND,Espagne,https://www.google.com/maps/search/?api=1&query=%22INDEPENDIENTE-AND%22+tenis+de+mesa+Espa%C3%B1a,41.634485,-4.739018
INDEPENDIENTE-RFETM,Espagne,https://www.google.com/maps/search/?api=1&query=%22INDEPENDIENTE-RFETM%22+tenis+de+mesa+Espa%C3%B1a,37.287699,-7.146228
INDRE A.T.T.,France,https://www.google.com/maps/search/?api=1&query=%22INDRE+A.T.T.%22+tennis+de+table+France,47.200686,-1.672493
INGERSHEIM SSSA,France,https://www.google.com/maps/search/?api=1&query=%22INGERSHEIM+SSSA%22+tennis+de+table+France,48.091519,7.297885
INSEE PARIS CLUB,France,https://www.google.com/maps/search/?api=1&query=%22INSEE+PARIS+CLUB%22+tennis+de+table+France,48.824178,2.304292
ISBERGUES TT,France,https://www.google.com/maps/search/?api=1&query=%22ISBERGUES+TT%22+tennis+de+table+France,50.619235,2.454753
ISIGNY-MONTIGNY ENT P,France,https://www.google.com/maps/search/?api=1&query=%22ISIGNY-MONTIGNY+ENT+P%22+tennis+de+table+France,48.620990,-1.177512
ISIGNY/ST PELLERIN TT,France,https://www.google.com/maps/search/?api=1&query=%22ISIGNY%2FST+PELLERIN+TT%22+tennis+de+table+France,49.315601,-1.106876
ISSENHEIM TT,France,https://www.google.com/maps/search/?api=1&query=%22ISSENHEIM+TT%22+tennis+de+table+France,47.904751,7.252567
ISSOU TT,France,https://www.google.com/maps/search/?api=1&query=%22ISSOU+TT%22+tennis+de+table+France,48.985575,1.790012
ISSY-LES-MOULINEAUX,France,https://www.google.com/maps/search/?api=1&query=%22ISSY-LES-MOULINEAUX%22+tennis+de+table+France,48.816657,2.265368
ISTRES TENNIS DE TABLE,France,https://www.google.com/maps/search/?api=1&query=%22ISTRES+TENNIS+DE+TABLE%22+tennis+de+table+France,43.503908,4.967516
IVRY US TT,France,https://www.google.com/maps/search/?api=1&query=%22IVRY+US+TT%22+tennis+de+table+France,48.814642,2.396022
IZE Etoile Sportive,France,https://www.google.com/maps/search/?api=1&query=%22IZE+Etoile+Sportive%22+tennis+de+table+France,48.229629,-0.306649
J A M PARIS 14e,France,https://www.google.com/maps/search/?api=1&query=%22J+A+M+PARIS+14e%22+tennis+de+table+France,48.828028,2.327416
J D ARC DE DAX,France,https://www.google.com/maps/search/?api=1&query=%22J+D+ARC+DE+DAX%22+tennis+de+table+France,43.694750,-1.039990
J LANGON,France,https://www.google.com/maps/search/?api=1&query=%22J+LANGON%22+tennis+de+table+France,44.556332,-0.249213
J YVRAC,France,https://www.google.com/maps/search/?api=1&query=%22J+YVRAC%22+tennis+de+table+France,44.872815,-0.477040
J.S. OUROUX TT,France,https://www.google.com/maps/search/?api=1&query=%22J.S.+OUROUX+TT%22+tennis+de+table+France,46.718282,4.954502
J3 TT AMILLY,France,https://www.google.com/maps/search/?api=1&query=%22J3+TT+AMILLY%22+tennis+de+table+France,47.991787,2.771009
JA CALUIRE,France,https://www.google.com/maps/search/?api=1&query=%22JA+CALUIRE%22+tennis+de+table+France,45.801706,4.868626
JA GENILAC,France,https://www.google.com/maps/search/?api=1&query=%22JA+GENILAC%22+tennis+de+table+France,45.535624,4.584093
JA MAICHE,France,https://www.google.com/maps/search/?api=1&query=%22JA+MAICHE%22+tennis+de+table+France,47.247560,6.794469
JA VIOLAY,France,https://www.google.com/maps/search/?api=1&query=%22JA+VIOLAY%22+tennis+de+table+France,45.829879,4.375248
JACQUOLANDIN Tennis de Table,France,https://www.google.com/maps/search/?api=1&query=%22JACQUOLANDIN+Tennis+de+Table%22+tennis+de+table+France,48.089959,-1.697412
JANVILLE-LARDY ASL,France,https://www.google.com/maps/search/?api=1&query=%22JANVILLE-LARDY+ASL%22+tennis+de+table+France,48.516893,2.253081
JANZÉ TENNIS DE TABLE,France,https://www.google.com/maps/search/?api=1&query=%22JANZ%C3%89+TENNIS+DE+TABLE%22+tennis+de+table+France,47.959719,-1.494619
JARZE VILLAGES  TENNIS DE TABLE ,France,https://www.google.com/maps/search/?api=1&query=%22JARZE+VILLAGES++TENNIS+DE+TABLE+%22+tennis+de+table+France,47.553083,-0.227981
JAUMEGARDE TENNIS DE TABLE,France,https://www.google.com/maps/search/?api=1&query=%22JAUMEGARDE+TENNIS+DE+TABLE%22+tennis+de+table+France,49.710814,0.906029
JCOR JANNEYRIAS Tennis de Table,France,https://www.google.com/maps/search/?api=1&query=%22JCOR+JANNEYRIAS+Tennis+de+Table%22+tennis+de+table+France,45.755377,5.108971
JEANNE D ARC PLEUCADEUC,France,https://www.google.com/maps/search/?api=1&query=%22JEANNE+D+ARC+PLEUCADEUC%22+tennis+de+table+France,47.758841,-2.371673
Jeanne D'ARC EVREUX,France,https://www.google.com/maps/search/?api=1&query=%22Jeanne+D%27ARC+EVREUX%22+tennis+de+table+France,49.018961,1.136430
JEREZ,Espagne,https://www.google.com/maps/search/?api=1&query=%22JEREZ%22+tenis+de+mesa+Espa%C3%B1a,36.681694,-6.137740
JEUMONT PPC,France,https://www.google.com/maps/search/?api=1&query=%22JEUMONT+PPC%22+tennis+de+table+France,50.305556,4.094554
JEUNESSE ET CULTURE MONTFERRAND,France,https://www.google.com/maps/search/?api=1&query=%22JEUNESSE+ET+CULTURE+MONTFERRAND%22+tennis+de+table+France,47.187385,5.910648
JEUNESSE PONG.VALLIQUERVILL,France,https://www.google.com/maps/search/?api=1&query=%22JEUNESSE+PONG.VALLIQUERVILL%22+tennis+de+table+France,49.612171,0.689557
JOB TT,France,https://www.google.com/maps/search/?api=1&query=%22JOB+TT%22+tennis+de+table+France,45.618231,3.747594
JOEUF Tennis de Table,France,https://www.google.com/maps/search/?api=1&query=%22JOEUF+Tennis+de+Table%22+tennis+de+table+France,49.234560,6.014430
JOHN DEERE SARAN OMSP.,France,https://www.google.com/maps/search/?api=1&query=%22JOHN+DEERE+SARAN+OMSP.%22+tennis+de+table+France,47.915115,1.910258
JOINVILLE TENNIS DE TABLE,France,https://www.google.com/maps/search/?api=1&query=%22JOINVILLE+TENNIS+DE+TABLE%22+tennis+de+table+France,48.443797,5.154660
Jonzac CP,France,https://www.google.com/maps/search/?api=1&query=%22Jonzac+CP%22+tennis+de+table+France,45.446369,-0.435967
JOSASSIEN TT,France,https://www.google.com/maps/search/?api=1&query=%22JOSASSIEN+TT%22+tennis+de+table+France,48.762562,2.172654
JOUY LE MOUTIER-VAUREAL TT,France,https://www.google.com/maps/search/?api=1&query=%22JOUY+LE+MOUTIER-VAUREAL+TT%22+tennis+de+table+France,49.021729,2.028695
JOVEENNE LANGUEUROISE E.S.,France,https://www.google.com/maps/search/?api=1&query=%22JOVEENNE+LANGUEUROISE+E.S.%22+tennis+de+table+France,47.494720,-1.413798
JS CUGNAUX/VILLENEUVE TOLOSANE,France,https://www.google.com/maps/search/?api=1&query=%22JS+CUGNAUX%2FVILLENEUVE+TOLOSANE%22+tennis+de+table+France,43.523230,1.356959
JUBLAINS A.S.J.T.T,France,https://www.google.com/maps/search/?api=1&query=%22JUBLAINS+A.S.J.T.T%22+tennis+de+table+France,48.255367,-0.496887
JUMP,France,https://www.google.com/maps/search/?api=1&query=%22JUMP%22+tennis+de+table+France,48.862035,2.381048
JURA MOREZ TENNIS DE TABLE,France,https://www.google.com/maps/search/?api=1&query=%22JURA+MOREZ+TENNIS+DE+TABLE%22+tennis+de+table+France,46.558108,6.019890
JURANCON T.T.,France,https://www.google.com/maps/search/?api=1&query=%22JURANCON+T.T.%22+tennis+de+table+France,43.284788,-0.392419
JUVENTUD,Espagne,https://www.google.com/maps/search/?api=1&query=%22JUVENTUD%22+tenis+de+mesa+Espa%C3%B1a,42.341194,-3.722564
KEMBS TT,France,https://www.google.com/maps/search/?api=1&query=%22KEMBS+TT%22+tennis+de+table+France,47.670851,7.497570
KERVIGNAC TENNIS DE TABLE,France,https://www.google.com/maps/search/?api=1&query=%22KERVIGNAC+TENNIS+DE+TABLE%22+tennis+de+table+France,47.760493,-3.240568
KESKASTEL TT,France,https://www.google.com/maps/search/?api=1&query=%22KESKASTEL+TT%22+tennis+de+table+France,48.972037,7.048618
KNUTANGE-NILVANGE TT,France,https://www.google.com/maps/search/?api=1&query=%22KNUTANGE-NILVANGE+TT%22+tennis+de+table+France,49.342968,6.024750
KONACKER HAYANGE S.L.,France,https://www.google.com/maps/search/?api=1&query=%22KONACKER+HAYANGE+S.L.%22+tennis+de+table+France,49.352639,6.064762
KPP PLOUNEVEZ-LOCHRIST,France,https://www.google.com/maps/search/?api=1&query=%22KPP+PLOUNEVEZ-LOCHRIST%22+tennis+de+table+France,48.619882,-4.217382
KREMLIN BICETRE US,France,https://www.google.com/maps/search/?api=1&query=%22KREMLIN+BICETRE+US%22+tennis+de+table+France,48.807173,2.357240
Köpenicker SV-Ajax,Allemagne,https://www.google.com/maps/search/?api=1&query=%22K%C3%B6penicker+SV-Ajax%22+Tischtennis+Deutschland,52.439618,13.565528
L ATOUT STEPHANOIS,France,https://www.google.com/maps/search/?api=1&query=%22L+ATOUT+STEPHANOIS%22+tennis+de+table+France,44.050030,1.468758
L AVENIR MURETAIN T T,France,https://www.google.com/maps/search/?api=1&query=%22L+AVENIR+MURETAIN+T+T%22+tennis+de+table+France,43.449091,1.318791
L HIRONDELLE,France,https://www.google.com/maps/search/?api=1&query=%22L+HIRONDELLE%22+tennis+de+table+France,48.236941,2.362094
L HOPITAL P.P.C. ,France,https://www.google.com/maps/search/?api=1&query=%22L+HOPITAL+P.P.C.+%22+tennis+de+table+France,49.161395,6.739181
L HORME TT,France,https://www.google.com/maps/search/?api=1&query=%22L+HORME+TT%22+tennis+de+table+France,45.485644,4.546049
L'AIGLE SELLOIS TT,France,https://www.google.com/maps/search/?api=1&query=%22L%27AIGLE+SELLOIS+TT%22+tennis+de+table+France,47.276828,1.546344
L'AS DE TREFFL',France,https://www.google.com/maps/search/?api=1&query=%22L%27AS+DE+TREFFL%27%22+tennis+de+table+France,47.675800,-2.609170
L'INTREPIDE CLUB,France,https://www.google.com/maps/search/?api=1&query=%22L%27INTREPIDE+CLUB%22+tennis+de+table+France,14.606646,-61.050972
L'Isle d'Espagnac 3STT,France,https://www.google.com/maps/search/?api=1&query=%22L%27Isle+d%27Espagnac+3STT%22+tennis+de+table+France,45.662589,0.199146
LA BAROCHE S/S LUCE ASB,France,https://www.google.com/maps/search/?api=1&query=%22LA+BAROCHE+S%2FS+LUCE+ASB%22+tennis+de+table+France,48.492828,-0.539005
LA BOURGONCE ST MICHEL TT,France,https://www.google.com/maps/search/?api=1&query=%22LA+BOURGONCE+ST+MICHEL+TT%22+tennis+de+table+France,46.568775,4.406330
LA BOUSBOTTE,France,https://www.google.com/maps/search/?api=1&query=%22LA+BOUSBOTTE%22+tennis+de+table+France,47.240757,6.038126
LA BRESSE T.T.,France,https://www.google.com/maps/search/?api=1&query=%22LA+BRESSE+T.T.%22+tennis+de+table+France,48.006426,6.874683
LA CAPELLE TT,France,https://www.google.com/maps/search/?api=1&query=%22LA+CAPELLE+TT%22+tennis+de+table+France,49.973600,3.917300
LA CHAPELLE - ORRY PING,France,https://www.google.com/maps/search/?api=1&query=%22LA+CHAPELLE+-+ORRY+PING%22+tennis+de+table+France,49.131350,2.514530
LA CHAPELLE ALTT,France,https://www.google.com/maps/search/?api=1&query=%22LA+CHAPELLE+ALTT%22+tennis+de+table+France,48.033385,0.166244
LA CHAPELLE ST LUC AJFB,France,https://www.google.com/maps/search/?api=1&query=%22LA+CHAPELLE+ST+LUC+AJFB%22+tennis+de+table+France,48.320712,4.054964
LA CHARTRE A.P.,France,https://www.google.com/maps/search/?api=1&query=%22LA+CHARTRE+A.P.%22+tennis+de+table+France,47.729019,0.579990
LA CHATELAUDRINAISE,France,https://www.google.com/maps/search/?api=1&query=%22LA+CHATELAUDRINAISE%22+tennis+de+table+France,48.539589,-2.986493
LA CHATILLONNAISE TENNIS DETABLE,France,https://www.google.com/maps/search/?api=1&query=%22LA+CHATILLONNAISE+TENNIS+DETABLE%22+tennis+de+table+France,46.988376,1.178332
LA CHOQUE TTLC,France,https://www.google.com/maps/search/?api=1&query=%22LA+CHOQUE+TTLC%22+tennis+de+table+France,50.677315,2.874301
LA COMPANAISE,France,https://www.google.com/maps/search/?api=1&query=%22LA+COMPANAISE%22+tennis+de+table+France,48.994362,2.662345
LA COULONCHE ASL,France,https://www.google.com/maps/search/?api=1&query=%22LA+COULONCHE+ASL%22+tennis+de+table+France,48.642359,-0.456356
La Couronne COC,France,https://www.google.com/maps/search/?api=1&query=%22La+Couronne+COC%22+tennis+de+table+France,45.609297,0.100015
LA COUTURE TTLRV,France,https://www.google.com/maps/search/?api=1&query=%22LA+COUTURE+TTLRV%22+tennis+de+table+France,50.579772,2.713278
LA CRAVANCHOISE - CRAVANCHE TT,France,https://www.google.com/maps/search/?api=1&query=%22LA+CRAVANCHOISE+-+CRAVANCHE+TT%22+tennis+de+table+France,47.652883,6.828737
La Creche Sainte Neomaye TT,France,https://www.google.com/maps/search/?api=1&query=%22La+Creche+Sainte+Neomaye+TT%22+tennis+de+table+France,46.366066,-0.308192
LA CRIQUE  TT,France,https://www.google.com/maps/search/?api=1&query=%22LA+CRIQUE++TT%22+tennis+de+table+France,49.690091,1.197640
LA DOREE ATT ,France,https://www.google.com/maps/search/?api=1&query=%22LA+DOREE+ATT+%22+tennis+de+table+France,48.448521,-0.964110
LA FERRIERE AUX ETANGS J,France,https://www.google.com/maps/search/?api=1&query=%22LA+FERRIERE+AUX+ETANGS+J%22+tennis+de+table+France,48.645448,-0.523603
La Ferriere SL,France,https://www.google.com/maps/search/?api=1&query=%22La+Ferriere+SL%22+tennis+de+table+France,46.652561,-0.079613
LA FERTE ALAIS S.E.T.T.,France,https://www.google.com/maps/search/?api=1&query=%22LA+FERTE+ALAIS+S.E.T.T.%22+tennis+de+table+France,48.478951,2.348931
LA FERTE MACE ALTT,France,https://www.google.com/maps/search/?api=1&query=%22LA+FERTE+MACE+ALTT%22+tennis+de+table+France,48.593592,-0.358056
LA FERTE VS,France,https://www.google.com/maps/search/?api=1&query=%22LA+FERTE+VS%22+tennis+de+table+France,48.179105,0.653789
LA FEUILLANTINE,France,https://www.google.com/maps/search/?api=1&query=%22LA+FEUILLANTINE%22+tennis+de+table+France,45.502647,4.312590
LA FEUILLIE CREANCES TT,France,https://www.google.com/maps/search/?api=1&query=%22LA+FEUILLIE+CREANCES+TT%22+tennis+de+table+France,49.200692,-1.591043
LA FLECHE TENNIS DE TABLE,France,https://www.google.com/maps/search/?api=1&query=%22LA+FLECHE+TENNIS+DE+TABLE%22+tennis+de+table+France,47.700506,-0.051493
LA FRETTE ESFTT,France,https://www.google.com/maps/search/?api=1&query=%22LA+FRETTE+ESFTT%22+tennis+de+table+France,48.964868,2.181689
LA GARDE TENNIS DE TABLE,France,https://www.google.com/maps/search/?api=1&query=%22LA+GARDE+TENNIS+DE+TABLE%22+tennis+de+table+France,43.129620,6.017158
LA GARENNE COLOMBES AE,France,https://www.google.com/maps/search/?api=1&query=%22LA+GARENNE+COLOMBES+AE%22+tennis+de+table+France,48.907694,2.255617
LA GLACERIE US TT,France,https://www.google.com/maps/search/?api=1&query=%22LA+GLACERIE+US+TT%22+tennis+de+table+France,49.609140,-1.608445
LA HOUSSIERE-VANEMONT ASTT,France,https://www.google.com/maps/search/?api=1&query=%22LA+HOUSSIERE-VANEMONT+ASTT%22+tennis+de+table+France,48.173145,6.879002
LA LONGUEVILLE PPC,France,https://www.google.com/maps/search/?api=1&query=%22LA+LONGUEVILLE+PPC%22+tennis+de+table+France,50.289729,3.854635
LA MADELEINE US,France,https://www.google.com/maps/search/?api=1&query=%22LA+MADELEINE+US%22+tennis+de+table+France,50.662980,3.063270
LA MELORIENNE,France,https://www.google.com/maps/search/?api=1&query=%22LA+MELORIENNE%22+tennis+de+table+France,48.635989,-1.901912
LA MEZIERE A.S. T.T.,France,https://www.google.com/maps/search/?api=1&query=%22LA+MEZIERE+A.S.+T.T.%22+tennis+de+table+France,48.216245,-1.754773
LA MILESSE TTA,France,https://www.google.com/maps/search/?api=1&query=%22LA+MILESSE+TTA%22+tennis+de+table+France,48.058100,0.143687
La Mothe St Heray ACMTT,France,https://www.google.com/maps/search/?api=1&query=%22La+Mothe+St+Heray+ACMTT%22+tennis+de+table+France,46.353095,-0.112615
LA NEUVILLE EN TOURNE A FUY TTC,France,https://www.google.com/maps/search/?api=1&query=%22LA+NEUVILLE+EN+TOURNE+A+FUY+TTC%22+tennis+de+table+France,49.345628,4.376095
La petite raq. Montils-Marignac,France,https://www.google.com/maps/search/?api=1&query=%22La+petite+raq.+Montils-Marignac%22+tennis+de+table+France,45.652500,-0.505647
LA RAQUETTE CAVALAIROISE T.T,France,https://www.google.com/maps/search/?api=1&query=%22LA+RAQUETTE+CAVALAIROISE+T.T%22+tennis+de+table+France,43.169848,6.533752
LA RAQUETTE CHAUMONTOISE,France,https://www.google.com/maps/search/?api=1&query=%22LA+RAQUETTE+CHAUMONTOISE%22+tennis+de+table+France,49.273671,1.892216
LA RAQUETTE GUEGONNAISE,France,https://www.google.com/maps/search/?api=1&query=%22LA+RAQUETTE+GUEGONNAISE%22+tennis+de+table+France,47.933512,-2.565297
LA RAQUETTE MELECIENNE-PLUMELEC,France,https://www.google.com/maps/search/?api=1&query=%22LA+RAQUETTE+MELECIENNE-PLUMELEC%22+tennis+de+table+France,,
LA RICHARDAIS PING,France,https://www.google.com/maps/search/?api=1&query=%22LA+RICHARDAIS+PING%22+tennis+de+table+France,48.603332,-2.040415
La Roche Posay Tennis de Table,France,https://www.google.com/maps/search/?api=1&query=%22La+Roche+Posay+Tennis+de+Table%22+tennis+de+table+France,46.773813,0.818399
La Rochefoucauld UA TT,France,https://www.google.com/maps/search/?api=1&query=%22La+Rochefoucauld+UA+TT%22+tennis+de+table+France,45.741094,0.386261
La Rochelle ASPTT,France,https://www.google.com/maps/search/?api=1&query=%22La+Rochelle+ASPTT%22+tennis+de+table+France,46.186671,-1.179399
La Ronde TT,France,https://www.google.com/maps/search/?api=1&query=%22La+Ronde+TT%22+tennis+de+table+France,46.771307,-0.647914
LA SAINT MICHEL MORTEAU,France,https://www.google.com/maps/search/?api=1&query=%22LA+SAINT+MICHEL+MORTEAU%22+tennis+de+table+France,47.057201,6.606836
LA SAUTERELLE de SAULX,France,https://www.google.com/maps/search/?api=1&query=%22LA+SAUTERELLE+de+SAULX%22+tennis+de+table+France,47.690835,6.271144
LA SAVOUREUSE - CHATENOIS,France,https://www.google.com/maps/search/?api=1&query=%22LA+SAVOUREUSE+-+CHATENOIS%22+tennis+de+table+France,47.563331,6.849314
La Semeuse Nice,France,https://www.google.com/maps/search/?api=1&query=%22La+Semeuse+Nice%22+tennis+de+table+France,43.704751,7.252627
LA SOURCE AL,France,https://www.google.com/maps/search/?api=1&query=%22LA+SOURCE+AL%22+tennis+de+table+France,47.832059,1.933356
LA STEPHANOISE TT,France,https://www.google.com/maps/search/?api=1&query=%22LA+STEPHANOISE+TT%22+tennis+de+table+France,49.262690,0.564635
LA SUZE ES,France,https://www.google.com/maps/search/?api=1&query=%22LA+SUZE+ES%22+tennis+de+table+France,47.893362,0.038208
LA VAILLANTE TULLINS FURES,France,https://www.google.com/maps/search/?api=1&query=%22LA+VAILLANTE+TULLINS+FURES%22+tennis+de+table+France,45.296899,5.486884
LA VILLE DU BOIS CO,France,https://www.google.com/maps/search/?api=1&query=%22LA+VILLE+DU+BOIS+CO%22+tennis+de+table+France,48.662290,2.269591
LA VOULTE TT,France,https://www.google.com/maps/search/?api=1&query=%22LA+VOULTE+TT%22+tennis+de+table+France,44.804917,4.783450
LABOURSE TT,France,https://www.google.com/maps/search/?api=1&query=%22LABOURSE+TT%22+tennis+de+table+France,2.677749,50.496412
LABRUGUIERE FUN PING,France,https://www.google.com/maps/search/?api=1&query=%22LABRUGUIERE+FUN+PING%22+tennis+de+table+France,43.533202,2.267170
Lagarde Albussac Midi Correzien,France,https://www.google.com/maps/search/?api=1&query=%22Lagarde+Albussac+Midi+Correzien%22+tennis+de+table+France,45.131845,1.719910
LAGNY SUR MARNE TENNIS DE TABLE,France,https://www.google.com/maps/search/?api=1&query=%22LAGNY+SUR+MARNE+TENNIS+DE+TABLE%22+tennis+de+table+France,48.878533,2.722147
LAGRUERE-LE MAS-CALONGES,France,https://www.google.com/maps/search/?api=1&query=%22LAGRUERE-LE+MAS-CALONGES%22+tennis+de+table+France,44.374028,0.240817
LAIGNE ASTT,France,https://www.google.com/maps/search/?api=1&query=%22LAIGNE+ASTT%22+tennis+de+table+France,47.841870,-0.816874
LAILLE TT US,France,https://www.google.com/maps/search/?api=1&query=%22LAILLE+TT+US%22+tennis+de+table+France,47.980744,-1.714898
LAILLY CA TT,France,https://www.google.com/maps/search/?api=1&query=%22LAILLY+CA+TT%22+tennis+de+table+France,47.765298,1.688546
LAMBERSART CTT,France,https://www.google.com/maps/search/?api=1&query=%22LAMBERSART+CTT%22+tennis+de+table+France,50.650019,3.026490
LANDERNEAU TT,France,https://www.google.com/maps/search/?api=1&query=%22LANDERNEAU+TT%22+tennis+de+table+France,48.443918,-4.261943
LANDES GENUSSON E,France,https://www.google.com/maps/search/?api=1&query=%22LANDES+GENUSSON+E%22+tennis+de+table+France,46.966543,-1.120939
LANDRECIES TTC,France,https://www.google.com/maps/search/?api=1&query=%22LANDRECIES+TTC%22+tennis+de+table+France,50.123690,3.688628
LANGON ESPERANCE SPORTIVE,France,https://www.google.com/maps/search/?api=1&query=%22LANGON+ESPERANCE+SPORTIVE%22+tennis+de+table+France,47.718947,-1.853593
LANTRIAC TENNIS DE TABLE,France,https://www.google.com/maps/search/?api=1&query=%22LANTRIAC+TENNIS+DE+TABLE%22+tennis+de+table+France,45.004055,4.010395
LAON TT ,France,https://www.google.com/maps/search/?api=1&query=%22LAON+TT+%22+tennis+de+table+France,49.574500,3.626500
LAPUGNOY ASC,France,https://www.google.com/maps/search/?api=1&query=%22LAPUGNOY+ASC%22+tennis+de+table+France,50.515721,2.538984
LARCAY TENNIS DE TABLE,France,https://www.google.com/maps/search/?api=1&query=%22LARCAY+TENNIS+DE+TABLE%22+tennis+de+table+France,47.357126,0.770414
LARCHAMP MONTAUDIN T.T,France,https://www.google.com/maps/search/?api=1&query=%22LARCHAMP+MONTAUDIN+T.T%22+tennis+de+table+France,48.353263,-1.018260
LASSAY Tennis de Table S.C,France,https://www.google.com/maps/search/?api=1&query=%22LASSAY+Tennis+de+Table+S.C%22+tennis+de+table+France,48.436867,-0.493968
LAVAL BOURNY Tennis de Table,France,https://www.google.com/maps/search/?api=1&query=%22LAVAL+BOURNY+Tennis+de+Table%22+tennis+de+table+France,48.062385,-0.790075
LAVAL Francs Archers,France,https://www.google.com/maps/search/?api=1&query=%22LAVAL+Francs+Archers%22+tennis+de+table+France,48.070044,-0.761082
LAVERUNE FRTT,France,https://www.google.com/maps/search/?api=1&query=%22LAVERUNE+FRTT%22+tennis+de+table+France,43.584809,3.802192
LAXOU AMICALE L.EMILE ZOLA,France,https://www.google.com/maps/search/?api=1&query=%22LAXOU+AMICALE+L.EMILE+ZOLA%22+tennis+de+table+France,48.686321,6.142457
LAY SAINT CHRISTOPHE TTLSC,France,https://www.google.com/maps/search/?api=1&query=%22LAY+SAINT+CHRISTOPHE+TTLSC%22+tennis+de+table+France,48.748651,6.198632
LE CATEAU CJTT,France,https://www.google.com/maps/search/?api=1&query=%22LE+CATEAU+CJTT%22+tennis+de+table+France,50.108769,3.538294
LE CAYLAR PPC,France,https://www.google.com/maps/search/?api=1&query=%22LE+CAYLAR+PPC%22+tennis+de+table+France,43.951274,2.895073
LE CHEYLARD TENNIS DE TABLE,France,https://www.google.com/maps/search/?api=1&query=%22LE+CHEYLARD+TENNIS+DE+TABLE%22+tennis+de+table+France,44.908643,4.426500
LE CRES SALAISON  T.T.,France,https://www.google.com/maps/search/?api=1&query=%22LE+CRES+SALAISON++T.T.%22+tennis+de+table+France,43.658798,3.944470
LE CROISIC ESPADON TENNIS TABLE,France,https://www.google.com/maps/search/?api=1&query=%22LE+CROISIC+ESPADON+TENNIS+TABLE%22+tennis+de+table+France,47.289597,-2.517905
LE FLIP MONTOIS - ND DE MONTS,France,https://www.google.com/maps/search/?api=1&query=%22LE+FLIP+MONTOIS+-+ND+DE+MONTS%22+tennis+de+table+France,46.828000,-2.109862
LE GENEST,France,https://www.google.com/maps/search/?api=1&query=%22LE+GENEST%22+tennis+de+table+France,48.096094,-0.888391
LE GRAND LUCE USTT,France,https://www.google.com/maps/search/?api=1&query=%22LE+GRAND+LUCE+USTT%22+tennis+de+table+France,47.867812,0.469533
LE HAILLAN ST MEDARD TT,France,https://www.google.com/maps/search/?api=1&query=%22LE+HAILLAN+ST+MEDARD+TT%22+tennis+de+table+France,44.872738,-0.673589
LE HAVRE S'PORT,France,https://www.google.com/maps/search/?api=1&query=%22LE+HAVRE+S%27PORT%22+tennis+de+table+France,49.488413,0.118301
LE LUDE C.P.,France,https://www.google.com/maps/search/?api=1&query=%22LE+LUDE+C.P.%22+tennis+de+table+France,47.659290,0.152051
LE MANS ASPTT,France,https://www.google.com/maps/search/?api=1&query=%22LE+MANS+ASPTT%22+tennis+de+table+France,48.015720,0.165438
LE MANS CSCM TT,France,https://www.google.com/maps/search/?api=1&query=%22LE+MANS+CSCM+TT%22+tennis+de+table+France,47.972054,0.198715
LE MANS S.O MAINE,France,https://www.google.com/maps/search/?api=1&query=%22LE+MANS+S.O+MAINE%22+tennis+de+table+France,47.981973,0.217671
LE MANS SARTHE TENNIS DE TABLE,France,https://www.google.com/maps/search/?api=1&query=%22LE+MANS+SARTHE+TENNIS+DE+TABLE%22+tennis+de+table+France,47.993988,0.174104
LE MANS U.S.M.,France,https://www.google.com/maps/search/?api=1&query=%22LE+MANS+U.S.M.%22+tennis+de+table+France,48.007261,0.187272
LE MANS VILLARET  TT,France,https://www.google.com/maps/search/?api=1&query=%22LE+MANS+VILLARET++TT%22+tennis+de+table+France,48.014910,0.225821
LE MESNIL MAUGER LPT,France,https://www.google.com/maps/search/?api=1&query=%22LE+MESNIL+MAUGER+LPT%22+tennis+de+table+France,49.088700,0.016908
LE MONDE DU PINGPONG,France,https://www.google.com/maps/search/?api=1&query=%22LE+MONDE+DU+PINGPONG%22+tennis+de+table+France,43.279092,5.413360
LE MÉE SPORTS TT,France,https://www.google.com/maps/search/?api=1&query=%22LE+M%C3%89E+SPORTS+TT%22+tennis+de+table+France,48.543300,2.636173
LE PALAIS-SUR-VIENNE ESP. (87),France,https://www.google.com/maps/search/?api=1&query=%22LE+PALAIS-SUR-VIENNE+ESP.+%2887%29%22+tennis+de+table+France,45.861664,1.323903
LE PING CORBIGEOIS,France,https://www.google.com/maps/search/?api=1&query=%22LE+PING+CORBIGEOIS%22+tennis+de+table+France,47.254728,3.682532
LE PING PHOCEEN,France,https://www.google.com/maps/search/?api=1&query=%22LE+PING+PHOCEEN%22+tennis+de+table+France,43.304007,5.398155
LE PLESSIS PATE T.T.,France,https://www.google.com/maps/search/?api=1&query=%22LE+PLESSIS+PATE+T.T.%22+tennis+de+table+France,48.609995,2.323300
LE PONGISTE BULLYGEOIS,France,https://www.google.com/maps/search/?api=1&query=%22LE+PONGISTE+BULLYGEOIS%22+tennis+de+table+France,50.437166,2.713076
LE PORTEL AP,France,https://www.google.com/maps/search/?api=1&query=%22LE+PORTEL+AP%22+tennis+de+table+France,50.715084,1.589375
LE PRE D AUGE-LA BOISSIERE ATT,France,https://www.google.com/maps/search/?api=1&query=%22LE+PRE+D+AUGE-LA+BOISSIERE+ATT%22+tennis+de+table+France,49.149689,0.132035
LE SAP TT,France,https://www.google.com/maps/search/?api=1&query=%22LE+SAP+TT%22+tennis+de+table+France,48.669742,-1.867717
LE TEIL OASIS TENNIS DE TABLE,France,https://www.google.com/maps/search/?api=1&query=%22LE+TEIL+OASIS+TENNIS+DE+TABLE%22+tennis+de+table+France,44.547253,4.686672
LE TENNIS DE TABLE MANDELIEU,France,https://www.google.com/maps/search/?api=1&query=%22LE+TENNIS+DE+TABLE+MANDELIEU%22+tennis+de+table+France,43.553462,6.941546
LE TRAIT YAINVILLE PONGISTE,France,https://www.google.com/maps/search/?api=1&query=%22LE+TRAIT+YAINVILLE+PONGISTE%22+tennis+de+table+France,49.456165,0.830500
LE TREVOUX ADLTT,France,https://www.google.com/maps/search/?api=1&query=%22LE+TREVOUX+ADLTT%22+tennis+de+table+France,47.896389,-3.641589
LE VAL ST ELOI TT - LA BANNIE,France,https://www.google.com/maps/search/?api=1&query=%22LE+VAL+ST+ELOI+TT+-+LA+BANNIE%22+tennis+de+table+France,47.737352,6.183034
LECELLES TT,France,https://www.google.com/maps/search/?api=1&query=%22LECELLES+TT%22+tennis+de+table+France,50.471517,3.394356
LEDIGNAN ALASC,France,https://www.google.com/maps/search/?api=1&query=%22LEDIGNAN+ALASC%22+tennis+de+table+France,43.984512,4.104967
LEERS OMNISPORT STT,France,https://www.google.com/maps/search/?api=1&query=%22LEERS+OMNISPORT+STT%22+tennis+de+table+France,50.681955,3.241033
LEFOREST TENNIS DE TABLE,France,https://www.google.com/maps/search/?api=1&query=%22LEFOREST+TENNIS+DE+TABLE%22+tennis+de+table+France,50.436238,3.058086
LEGE A.S.T.T.,France,https://www.google.com/maps/search/?api=1&query=%22LEGE+A.S.T.T.%22+tennis+de+table+France,46.886769,-1.593318
LEGION ST PIERRE BREST,France,https://www.google.com/maps/search/?api=1&query=%22LEGION+ST+PIERRE+BREST%22+tennis+de+table+France,48.378725,-4.535208
LEKA ENEA IRUN,Espagne,https://www.google.com/maps/search/?api=1&query=%22LEKA+ENEA+IRUN%22+tenis+de+mesa+Espa%C3%B1a,43.341191,-1.772099
LENS TT,France,https://www.google.com/maps/search/?api=1&query=%22LENS+TT%22+tennis+de+table+France,50.442043,2.824394
LEOPARDS DE PLOERMEL,France,https://www.google.com/maps/search/?api=1&query=%22LEOPARDS+DE+PLOERMEL%22+tennis+de+table+France,47.928119,-2.396103
LEPIC POPULAIRE,France,https://www.google.com/maps/search/?api=1&query=%22LEPIC+POPULAIRE%22+tennis+de+table+France,48.897657,2.356341
LES ACHARDS TT U.S.,France,https://www.google.com/maps/search/?api=1&query=%22LES+ACHARDS+TT+U.S.%22+tennis+de+table+France,46.616933,-1.657799
LES AGEUX TT,France,https://www.google.com/maps/search/?api=1&query=%22LES+AGEUX+TT%22+tennis+de+table+France,49.317209,2.601916
LES COPING DU PONG,France,https://www.google.com/maps/search/?api=1&query=%22LES+COPING+DU+PONG%22+tennis+de+table+France,45.341168,1.685022
LES JEUNES D'ARGENTRE TT,France,https://www.google.com/maps/search/?api=1&query=%22LES+JEUNES+D%27ARGENTRE+TT%22+tennis+de+table+France,48.058113,-1.148923
LES LILAS TT,France,https://www.google.com/maps/search/?api=1&query=%22LES+LILAS+TT%22+tennis+de+table+France,48.887172,2.426454
LES LOUPS D'ANGERS TT,France,https://www.google.com/maps/search/?api=1&query=%22LES+LOUPS+D%27ANGERS+TT%22+tennis+de+table+France,47.487145,-0.524829
Les Loups de DAMVILLERS ASTT ,France,https://www.google.com/maps/search/?api=1&query=%22Les+Loups+de+DAMVILLERS+ASTT+%22+tennis+de+table+France,49.338753,5.400085
LES MAZURES TT,France,https://www.google.com/maps/search/?api=1&query=%22LES+MAZURES+TT%22+tennis+de+table+France,49.889715,4.624550
LES P'TITES RAQUETTES DE LOUVIGN,France,https://www.google.com/maps/search/?api=1&query=%22LES+P%27TITES+RAQUETTES+DE+LOUVIGN%22+tennis+de+table+France,46.336332,4.890777
LES PIEUX TENNIS DE TABLE,France,https://www.google.com/maps/search/?api=1&query=%22LES+PIEUX+TENNIS+DE+TABLE%22+tennis+de+table+France,49.510109,-1.805050
LES PONGISTES BIGOUDENS,France,https://www.google.com/maps/search/?api=1&query=%22LES+PONGISTES+BIGOUDENS%22+tennis+de+table+France,47.941305,-4.398401
LES PONGISTES CASTOIS,France,https://www.google.com/maps/search/?api=1&query=%22LES+PONGISTES+CASTOIS%22+tennis+de+table+France,,
LES PONGISTES DE L'AULNE,France,https://www.google.com/maps/search/?api=1&query=%22LES+PONGISTES+DE+L%27AULNE%22+tennis+de+table+France,48.187991,-3.815133
LES PONGISTES DU POHER,France,https://www.google.com/maps/search/?api=1&query=%22LES+PONGISTES+DU+POHER%22+tennis+de+table+France,48.274602,-3.555791
LES PONGISTES DU VENDOMOIS,France,https://www.google.com/maps/search/?api=1&query=%22LES+PONGISTES+DU+VENDOMOIS%22+tennis+de+table+France,47.798464,1.062708
LES PONGISTES MESNILOIS,France,https://www.google.com/maps/search/?api=1&query=%22LES+PONGISTES+MESNILOIS%22+tennis+de+table+France,48.770627,1.301695
LES RAQUETTES DE MAGNY,France,https://www.google.com/maps/search/?api=1&query=%22LES+RAQUETTES+DE+MAGNY%22+tennis+de+table+France,49.151788,1.781759
LES RAQUETTES MARTYNOLES,France,https://www.google.com/maps/search/?api=1&query=%22LES+RAQUETTES+MARTYNOLES%22+tennis+de+table+France,43.412023,2.291991
LES SABLES VENDEE TENNIS DE TABL,France,https://www.google.com/maps/search/?api=1&query=%22LES+SABLES+VENDEE+TENNIS+DE+TABL%22+tennis+de+table+France,46.502159,-1.733574
LES ULIS CO,France,https://www.google.com/maps/search/?api=1&query=%22LES+ULIS+CO%22+tennis+de+table+France,48.683111,2.162171
LES VOLTIGEURS DE BILLANCOURT,France,https://www.google.com/maps/search/?api=1&query=%22LES+VOLTIGEURS+DE+BILLANCOURT%22+tennis+de+table+France,48.830816,2.243776
LESPIGNAN PPC,France,https://www.google.com/maps/search/?api=1&query=%22LESPIGNAN+PPC%22+tennis+de+table+France,43.274582,3.168201
LESQUIN ASLTT,France,https://www.google.com/maps/search/?api=1&query=%22LESQUIN+ASLTT%22+tennis+de+table+France,50.587160,3.111963
LEUTENHEIM C.T.T.,France,https://www.google.com/maps/search/?api=1&query=%22LEUTENHEIM+C.T.T.%22+tennis+de+table+France,48.842441,8.023309
LEVAL SUR SAMBRE US,France,https://www.google.com/maps/search/?api=1&query=%22LEVAL+SUR+SAMBRE+US%22+tennis+de+table+France,50.178508,3.829452
LEVALLOIS SPORTING CLUB TT,France,https://www.google.com/maps/search/?api=1&query=%22LEVALLOIS+SPORTING+CLUB+TT%22+tennis+de+table+France,48.896309,2.278291
LEWARDE PPC,France,https://www.google.com/maps/search/?api=1&query=%22LEWARDE+PPC%22+tennis+de+table+France,50.335689,3.168385
LEZIGNAN CORBIERES MJC TT,France,https://www.google.com/maps/search/?api=1&query=%22LEZIGNAN+CORBIERES+MJC+TT%22+tennis+de+table+France,43.201211,2.761324
LFC LOUROSA,Portugal,https://www.google.com/maps/search/?api=1&query=%22LFC+LOUROSA%22+t%C3%A9nis+de+mesa+Portugal,40.983541,-8.549919
LIBERCOURT CP,France,https://www.google.com/maps/search/?api=1&query=%22LIBERCOURT+CP%22+tennis+de+table+France,50.481399,3.015284
LIEURON AVENIR,France,https://www.google.com/maps/search/?api=1&query=%22LIEURON+AVENIR%22+tennis+de+table+France,47.851628,-1.936114
LIEVIN USA Tennis de Table,France,https://www.google.com/maps/search/?api=1&query=%22LIEVIN+USA+Tennis+de+Table%22+tennis+de+table+France,50.414569,2.771445
LIFFRE U.S.,France,https://www.google.com/maps/search/?api=1&query=%22LIFFRE+U.S.%22+tennis+de+table+France,48.210439,-1.508031
LIGNE A.S.T.T.,France,https://www.google.com/maps/search/?api=1&query=%22LIGNE+A.S.T.T.%22+tennis+de+table+France,47.407287,-1.375029
LIGNY EN BARROIS T.T.,France,https://www.google.com/maps/search/?api=1&query=%22LIGNY+EN+BARROIS+T.T.%22+tennis+de+table+France,48.685916,5.326016
LILLE ATSCAF,France,https://www.google.com/maps/search/?api=1&query=%22LILLE+ATSCAF%22+tennis+de+table+France,50.596954,3.068855
LILLE CREDIT MUTUEL AS,France,https://www.google.com/maps/search/?api=1&query=%22LILLE+CREDIT+MUTUEL+AS%22+tennis+de+table+France,50.502050,3.112077
LILLE LOSC TENNIS DE TABLE,France,https://www.google.com/maps/search/?api=1&query=%22LILLE+LOSC+TENNIS+DE+TABLE%22+tennis+de+table+France,50.631727,3.097793
LILLE MET AS ATELIER MALECOT,France,https://www.google.com/maps/search/?api=1&query=%22LILLE+MET+AS+ATELIER+MALECOT%22+tennis+de+table+France,50.617817,3.064978
LILLE METROPOLE TENNIS DE TABLE,France,https://www.google.com/maps/search/?api=1&query=%22LILLE+METROPOLE+TENNIS+DE+TABLE%22+tennis+de+table+France,50.617817,3.064978
LILLY AS Tennis de Table,France,https://www.google.com/maps/search/?api=1&query=%22LILLY+AS+Tennis+de+Table%22+tennis+de+table+France,48.491870,7.684999
LIMAY ALJ,France,https://www.google.com/maps/search/?api=1&query=%22LIMAY+ALJ%22+tennis+de+table+France,49.002347,1.738968
LIMOGES ALOUETTE TT (87),France,https://www.google.com/maps/search/?api=1&query=%22LIMOGES+ALOUETTE+TT+%2887%29%22+tennis+de+table+France,45.827057,1.276962
LIMOGES C.A.P.O TT (87),France,https://www.google.com/maps/search/?api=1&query=%22LIMOGES+C.A.P.O+TT+%2887%29%22+tennis+de+table+France,45.843960,1.286062
LIMOGES LA SAINT-ANTOINE TT (87),France,https://www.google.com/maps/search/?api=1&query=%22LIMOGES+LA+SAINT-ANTOINE+TT+%2887%29%22+tennis+de+table+France,45.840699,1.282939
LIMOUX TT,France,https://www.google.com/maps/search/?api=1&query=%22LIMOUX+TT%22+tennis+de+table+France,43.057275,2.221212
LINAS MONTLHERY E.S.A.,France,https://www.google.com/maps/search/?api=1&query=%22LINAS+MONTLHERY+E.S.A.%22+tennis+de+table+France,48.623824,2.270253
LINSELLES TT,France,https://www.google.com/maps/search/?api=1&query=%22LINSELLES+TT%22+tennis+de+table+France,50.737937,3.082080
LISIEUX ASTT,France,https://www.google.com/maps/search/?api=1&query=%22LISIEUX+ASTT%22+tennis+de+table+France,49.137121,0.225253
LIVRY-GARGAN EP,France,https://www.google.com/maps/search/?api=1&query=%22LIVRY-GARGAN+EP%22+tennis+de+table+France,48.926477,2.541582
LJ ST ETIENNE DU BOIS,France,https://www.google.com/maps/search/?api=1&query=%22LJ+ST+ETIENNE+DU+BOIS%22+tennis+de+table+France,46.288295,5.299352
LLUISOS DE GRACIA,Espagne,https://www.google.com/maps/search/?api=1&query=%22LLUISOS+DE+GRACIA%22+tenis+de+mesa+Espa%C3%B1a,41.407369,2.155317
LOIGNEEN Club Pongiste,France,https://www.google.com/maps/search/?api=1&query=%22LOIGNEEN+Club+Pongiste%22+tennis+de+table+France,47.841590,-0.818352
LOIRE NORD TT,France,https://www.google.com/maps/search/?api=1&query=%22LOIRE+NORD+TT%22+tennis+de+table+France,46.065109,4.074677
LOIRON RUILLE CATT,France,https://www.google.com/maps/search/?api=1&query=%22LOIRON+RUILLE+CATT%22+tennis+de+table+France,48.060266,-0.938432
LOISON-SOUS-LENS ASTT,France,https://www.google.com/maps/search/?api=1&query=%22LOISON-SOUS-LENS+ASTT%22+tennis+de+table+France,50.437767,2.862029
LOMME CP,France,https://www.google.com/maps/search/?api=1&query=%22LOMME+CP%22+tennis+de+table+France,50.640620,2.990179
LOMPRET AJLTT,France,https://www.google.com/maps/search/?api=1&query=%22LOMPRET+AJLTT%22+tennis+de+table+France,50.665809,2.992505
LONGLAVILLE TT,France,https://www.google.com/maps/search/?api=1&query=%22LONGLAVILLE+TT%22+tennis+de+table+France,49.532931,5.799250
LONGPONT OMNISPORTS (L.O.S.),France,https://www.google.com/maps/search/?api=1&query=%22LONGPONT+OMNISPORTS+%28L.O.S.%29%22+tennis+de+table+France,48.645360,2.297480
LONGUE Athletic Club,France,https://www.google.com/maps/search/?api=1&query=%22LONGUE+Athletic+Club%22+tennis+de+table+France,47.375048,-0.114478
LONGUEAU ESC,France,https://www.google.com/maps/search/?api=1&query=%22LONGUEAU+ESC%22+tennis+de+table+France,49.869008,2.359226
LONGUEIL TT,France,https://www.google.com/maps/search/?api=1&query=%22LONGUEIL+TT%22+tennis+de+table+France,49.345591,2.718478
LONGUENEE ATTL,France,https://www.google.com/maps/search/?api=1&query=%22LONGUENEE+ATTL%22+tennis+de+table+France,47.541491,-0.672661
LONGUENESSE TENNIS DE TABLE,France,https://www.google.com/maps/search/?api=1&query=%22LONGUENESSE+TENNIS+DE+TABLE%22+tennis+de+table+France,50.736010,2.236060
LONGUYON E.S.L.,France,https://www.google.com/maps/search/?api=1&query=%22LONGUYON+E.S.L.%22+tennis+de+table+France,49.423469,5.616406
LOON PLAGE ATT,France,https://www.google.com/maps/search/?api=1&query=%22LOON+PLAGE+ATT%22+tennis+de+table+France,50.993358,2.218518
LOOS EN GOHELLE TT,France,https://www.google.com/maps/search/?api=1&query=%22LOOS+EN+GOHELLE+TT%22+tennis+de+table+France,50.452730,2.761323
LOOS SPORT TT,France,https://www.google.com/maps/search/?api=1&query=%22LOOS+SPORT+TT%22+tennis+de+table+France,50.612173,3.021046
LORGUES ETOILE SPORTIVE TT,France,https://www.google.com/maps/search/?api=1&query=%22LORGUES+ETOILE+SPORTIVE+TT%22+tennis+de+table+France,43.500254,6.348974
LOROUX BOTTEREAU (LE) CEPOLO,France,https://www.google.com/maps/search/?api=1&query=%22LOROUX+BOTTEREAU+%28LE%29+CEPOLO%22+tennis+de+table+France,47.236504,-1.344153
Los Angeles Spinners,USA,https://www.google.com/maps/search/?api=1&query=%22Los+Angeles+Spinners%22+table+tennis+USA,34.050283,-118.240520
LOS TRES BALCONES,Espagne,https://www.google.com/maps/search/?api=1&query=%22LOS+TRES+BALCONES%22+tenis+de+mesa+Espa%C3%B1a,36.419525,-5.155727
Loudun PPCL,France,https://www.google.com/maps/search/?api=1&query=%22Loudun+PPCL%22+tennis+de+table+France,47.013267,0.087816
LOUE Association Ping,France,https://www.google.com/maps/search/?api=1&query=%22LOUE+Association+Ping%22+tennis+de+table+France,47.996486,-0.155283
LOUGE ST BRICE ES,France,https://www.google.com/maps/search/?api=1&query=%22LOUGE+ST+BRICE+ES%22+tennis+de+table+France,48.693012,-0.226536
LOUVERNE Tennis de Table,France,https://www.google.com/maps/search/?api=1&query=%22LOUVERNE+Tennis+de+Table%22+tennis+de+table+France,48.121201,-0.715051
LOUVIGNY ASL TT,France,https://www.google.com/maps/search/?api=1&query=%22LOUVIGNY+ASL+TT%22+tennis+de+table+France,49.159265,-0.396133
LPBB St Galmier,France,https://www.google.com/maps/search/?api=1&query=%22LPBB+St+Galmier%22+tennis+de+table+France,45.590336,4.310663
LPO LONGJUMEAU,France,https://www.google.com/maps/search/?api=1&query=%22LPO+LONGJUMEAU%22+tennis+de+table+France,48.688991,2.289178
LUARCA TM,Espagne,https://www.google.com/maps/search/?api=1&query=%22LUARCA+TM%22+tenis+de+mesa+Espa%C3%B1a,43.537577,-6.536670
LUCON TT,France,https://www.google.com/maps/search/?api=1&query=%22LUCON+TT%22+tennis+de+table+France,46.455202,-1.161023
LUDRES FLAVIGNY TT,France,https://www.google.com/maps/search/?api=1&query=%22LUDRES+FLAVIGNY+TT%22+tennis+de+table+France,48.566111,6.190263
LUISANT AC Tennis de Table,France,https://www.google.com/maps/search/?api=1&query=%22LUISANT+AC+Tennis+de+Table%22+tennis+de+table+France,48.431279,1.473209
LUNEL TENNIS DE TABLE,France,https://www.google.com/maps/search/?api=1&query=%22LUNEL+TENNIS+DE+TABLE%22+tennis+de+table+France,43.673297,4.122793
LUNEVILLE A.L.T.T.,France,https://www.google.com/maps/search/?api=1&query=%22LUNEVILLE+A.L.T.T.%22+tennis+de+table+France,48.597103,6.509921
Lusignan AS Melusine,France,https://www.google.com/maps/search/?api=1&query=%22Lusignan+AS+Melusine%22+tennis+de+table+France,46.437344,0.116297
LUTINS DE LANGONNET,France,https://www.google.com/maps/search/?api=1&query=%22LUTINS+DE+LANGONNET%22+tennis+de+table+France,48.094680,-3.520975
LYON 7 TT GERLAND,France,https://www.google.com/maps/search/?api=1&query=%22LYON+7+TT+GERLAND%22+tennis+de+table+France,45.721753,4.826686
LYON EST SPORT TENNIS DE TABLE,France,https://www.google.com/maps/search/?api=1&query=%22LYON+EST+SPORT+TENNIS+DE+TABLE%22+tennis+de+table+France,45.766686,4.974461
LYS LILLE METROPOLE CP,France,https://www.google.com/maps/search/?api=1&query=%22LYS+LILLE+METROPOLE+CP%22+tennis+de+table+France,50.678400,3.215496
L´ESCALA,Espagne,https://www.google.com/maps/search/?api=1&query=%22L%C2%B4ESCALA%22+tenis+de+mesa+Espa%C3%B1a,42.113535,3.138742
L´HOSPITALET,Espagne,https://www.google.com/maps/search/?api=1&query=%22L%C2%B4HOSPITALET%22+tenis+de+mesa+Espa%C3%B1a,41.359512,2.099632
MACHECOUL GDRTT,France,https://www.google.com/maps/search/?api=1&query=%22MACHECOUL+GDRTT%22+tennis+de+table+France,46.991862,-1.820183
MACON TT,France,https://www.google.com/maps/search/?api=1&query=%22MACON+TT%22+tennis+de+table+France,46.326067,4.827553
MADRID CTM,Espagne,https://www.google.com/maps/search/?api=1&query=%22MADRID+CTM%22+tenis+de+mesa+Espa%C3%B1a,40.365875,-3.654978
Magnac/Touvre TT Pirons,France,https://www.google.com/maps/search/?api=1&query=%22Magnac%2FTouvre+TT+Pirons%22+tennis+de+table+France,45.673549,0.231257
MAGNANVILLE ES,France,https://www.google.com/maps/search/?api=1&query=%22MAGNANVILLE+ES%22+tennis+de+table+France,48.965015,1.683429
MAGNILS REIGNIERS ATT,France,https://www.google.com/maps/search/?api=1&query=%22MAGNILS+REIGNIERS+ATT%22+tennis+de+table+France,46.464303,-1.207717
MAHAIN JOKO HASPARREN,France,https://www.google.com/maps/search/?api=1&query=%22MAHAIN+JOKO+HASPARREN%22+tennis+de+table+France,43.383894,-1.304953
Maisons Alfort Tennis de table,France,https://www.google.com/maps/search/?api=1&query=%22Maisons+Alfort+Tennis+de+table%22+tennis+de+table+France,48.813696,2.434426
MAISONS-LAFFITTE. US,France,https://www.google.com/maps/search/?api=1&query=%22MAISONS-LAFFITTE.+US%22+tennis+de+table+France,48.953461,2.135922
MAIZIÈRES-LÈS-METZ T.T.,France,https://www.google.com/maps/search/?api=1&query=%22MAIZI%C3%88RES-L%C3%88S-METZ+T.T.%22+tennis+de+table+France,49.218491,6.146837
MALAKOFF USMM,France,https://www.google.com/maps/search/?api=1&query=%22MALAKOFF+USMM%22+tennis+de+table+France,48.823019,2.305150
MALLELOY F.J.E.P.,France,https://www.google.com/maps/search/?api=1&query=%22MALLELOY+F.J.E.P.%22+tennis+de+table+France,48.793530,6.166077
MAMERS CS,France,https://www.google.com/maps/search/?api=1&query=%22MAMERS+CS%22+tennis+de+table+France,48.354727,0.371704
MAMIROLLE TENNIS CLUB,France,https://www.google.com/maps/search/?api=1&query=%22MAMIROLLE+TENNIS+CLUB%22+tennis+de+table+France,47.203722,6.153954
MANDUEL ASTT,France,https://www.google.com/maps/search/?api=1&query=%22MANDUEL+ASTT%22+tennis+de+table+France,43.813200,4.472066
MANIN PARIS 19,France,https://www.google.com/maps/search/?api=1&query=%22MANIN+PARIS+19%22+tennis+de+table+France,48.877907,2.395421
MANOM J.S.,France,https://www.google.com/maps/search/?api=1&query=%22MANOM+J.S.%22+tennis+de+table+France,49.371722,6.191236
Mansle Coqs Rouges,France,https://www.google.com/maps/search/?api=1&query=%22Mansle+Coqs+Rouges%22+tennis+de+table+France,45.871692,0.172599
MANTAISE AS,France,https://www.google.com/maps/search/?api=1&query=%22MANTAISE+AS%22+tennis+de+table+France,48.987522,1.713663
MANTILLY US,France,https://www.google.com/maps/search/?api=1&query=%22MANTILLY+US%22+tennis+de+table+France,48.520253,-0.801806
MANZANARES,Espagne,https://www.google.com/maps/search/?api=1&query=%22MANZANARES%22+tenis+de+mesa+Espa%C3%B1a,38.996224,-3.372214
Marans-Courcon ALTT,France,https://www.google.com/maps/search/?api=1&query=%22Marans-Courcon+ALTT%22+tennis+de+table+France,46.302947,-0.984766
MARCHAUX TENNIS DE TABLE,France,https://www.google.com/maps/search/?api=1&query=%22MARCHAUX+TENNIS+DE+TABLE%22+tennis+de+table+France,49.089145,1.286566
MARCILLE US,France,https://www.google.com/maps/search/?api=1&query=%22MARCILLE+US%22+tennis+de+table+France,48.318670,-0.432165
MARCK PPC,France,https://www.google.com/maps/search/?api=1&query=%22MARCK+PPC%22+tennis+de+table+France,50.952855,1.936593
MARCOUSSIS AS,France,https://www.google.com/maps/search/?api=1&query=%22MARCOUSSIS+AS%22+tennis+de+table+France,48.643796,2.230660
MARCQ EN BAROEUL TT,France,https://www.google.com/maps/search/?api=1&query=%22MARCQ+EN+BAROEUL+TT%22+tennis+de+table+France,50.667154,3.083675
MAREIL FR,France,https://www.google.com/maps/search/?api=1&query=%22MAREIL+FR%22+tennis+de+table+France,49.069934,2.424146
Marennes Oleron CPPMO,France,https://www.google.com/maps/search/?api=1&query=%22Marennes+Oleron+CPPMO%22+tennis+de+table+France,45.847032,-1.148787
MARESCHE E.P. 138,France,https://www.google.com/maps/search/?api=1&query=%22MARESCHE+E.P.+138%22+tennis+de+table+France,48.212000,0.152256
MAREUIL PIERRY PP,France,https://www.google.com/maps/search/?api=1&query=%22MAREUIL+PIERRY+PP%22+tennis+de+table+France,49.020456,3.939864
MARINOIS TT,France,https://www.google.com/maps/search/?api=1&query=%22MARINOIS+TT%22+tennis+de+table+France,49.149345,1.985209
MARLE TT,France,https://www.google.com/maps/search/?api=1&query=%22MARLE+TT%22+tennis+de+table+France,49.736600,3.660000
MARLY LE ROI US,France,https://www.google.com/maps/search/?api=1&query=%22MARLY+LE+ROI+US%22+tennis+de+table+France,48.876044,2.093113
MARLY TTM,France,https://www.google.com/maps/search/?api=1&query=%22MARLY+TTM%22+tennis+de+table+France,50.346271,3.553041
MARMOUTIER CSE,France,https://www.google.com/maps/search/?api=1&query=%22MARMOUTIER+CSE%22+tennis+de+table+France,48.690710,7.379790
MARQUETTE  SMS  TT,France,https://www.google.com/maps/search/?api=1&query=%22MARQUETTE++SMS++TT%22+tennis+de+table+France,50.680279,3.068530
MARQUISE ASTT,France,https://www.google.com/maps/search/?api=1&query=%22MARQUISE+ASTT%22+tennis+de+table+France,50.813180,1.709740
MARSACAIS TENNIS DE TABLE,France,https://www.google.com/maps/search/?api=1&query=%22MARSACAIS+TENNIS+DE+TABLE%22+tennis+de+table+France,47.594251,-1.688203
MARSEILLAN TT,France,https://www.google.com/maps/search/?api=1&query=%22MARSEILLAN+TT%22+tennis+de+table+France,43.360532,3.524614
MARSEILLE 13 TENNIS DE TABLE,France,https://www.google.com/maps/search/?api=1&query=%22MARSEILLE+13+TENNIS+DE+TABLE%22+tennis+de+table+France,43.318600,5.408400
MARSEILLE PING,France,https://www.google.com/maps/search/?api=1&query=%22MARSEILLE+PING%22+tennis+de+table+France,43.337512,5.362692
MARSEILLE TENNIS DE TABLE,France,https://www.google.com/maps/search/?api=1&query=%22MARSEILLE+TENNIS+DE+TABLE%22+tennis+de+table+France,43.256227,5.393909
MARTIGNE BRIAND A.S.,France,https://www.google.com/maps/search/?api=1&query=%22MARTIGNE+BRIAND+A.S.%22+tennis+de+table+France,47.235621,-0.384632
MARVEJOLS TT,France,https://www.google.com/maps/search/?api=1&query=%22MARVEJOLS+TT%22+tennis+de+table+France,44.551868,3.294770
MASQUEFA TTC,Espagne,https://www.google.com/maps/search/?api=1&query=%22MASQUEFA+TTC%22+tenis+de+mesa+Espa%C3%B1a,41.502635,1.811072
MASSILIA PROVENCE TT,France,https://www.google.com/maps/search/?api=1&query=%22MASSILIA+PROVENCE+TT%22+tennis+de+table+France,43.309662,5.439278
MASSY ES,France,https://www.google.com/maps/search/?api=1&query=%22MASSY+ES%22+tennis+de+table+France,48.734234,2.240880
MASTAING TT,France,https://www.google.com/maps/search/?api=1&query=%22MASTAING+TT%22+tennis+de+table+France,50.306186,3.307580
MAUBEUGE UTT,France,https://www.google.com/maps/search/?api=1&query=%22MAUBEUGE+UTT%22+tennis+de+table+France,,
MAUGUIO MJC,France,https://www.google.com/maps/search/?api=1&query=%22MAUGUIO+MJC%22+tennis+de+table+France,43.619923,4.014127
Mauleon Trinitaires TT,France,https://www.google.com/maps/search/?api=1&query=%22Mauleon+Trinitaires+TT%22+tennis+de+table+France,46.927249,-0.747190
MAULOISE US,France,https://www.google.com/maps/search/?api=1&query=%22MAULOISE+US%22+tennis+de+table+France,48.905463,1.860395
MAURIENNE TENNIS DE TABLE,France,https://www.google.com/maps/search/?api=1&query=%22MAURIENNE+TENNIS+DE+TABLE%22+tennis+de+table+France,45.363853,6.297853
MAUSSANE PING,France,https://www.google.com/maps/search/?api=1&query=%22MAUSSANE+PING%22+tennis+de+table+France,43.722293,4.806271
MAUVES TT,France,https://www.google.com/maps/search/?api=1&query=%22MAUVES+TT%22+tennis+de+table+France,47.293249,-1.389728
MAY-JALLAIS ENT. tennis table,France,https://www.google.com/maps/search/?api=1&query=%22MAY-JALLAIS+ENT.+tennis+table%22+tennis+de+table+France,47.141707,-0.889351
MAYET VIGILANTE TT,France,https://www.google.com/maps/search/?api=1&query=%22MAYET+VIGILANTE+TT%22+tennis+de+table+France,47.766765,0.273169
MAZE AUTHION TENNIS DE TABLE,France,https://www.google.com/maps/search/?api=1&query=%22MAZE+AUTHION+TENNIS+DE+TABLE%22+tennis+de+table+France,47.460943,-0.273248
MAZINGARBE MAEJS,France,https://www.google.com/maps/search/?api=1&query=%22MAZINGARBE+MAEJS%22+tennis+de+table+France,50.463798,2.710896
MEDAVY AS,France,https://www.google.com/maps/search/?api=1&query=%22MEDAVY+AS%22+tennis+de+table+France,48.674698,0.084442
MEDIDENT,France,https://www.google.com/maps/search/?api=1&query=%22MEDIDENT%22+tennis+de+table+France,47.302321,-1.560549
MEDREAC-QUEDILLAC U.P.,France,https://www.google.com/maps/search/?api=1&query=%22MEDREAC-QUEDILLAC+U.P.%22+tennis+de+table+France,48.249380,-2.143916
MEILLERAIE R,France,https://www.google.com/maps/search/?api=1&query=%22MEILLERAIE+R%22+tennis+de+table+France,46.742882,-0.845183
MELESSE PING,France,https://www.google.com/maps/search/?api=1&query=%22MELESSE+PING%22+tennis+de+table+France,48.219180,-1.704290
MENESTREAU-EN-VILLETTE,France,https://www.google.com/maps/search/?api=1&query=%22MENESTREAU-EN-VILLETTE%22+tennis+de+table+France,47.695957,2.024024
MENNECY TT,France,https://www.google.com/maps/search/?api=1&query=%22MENNECY+TT%22+tennis+de+table+France,48.564589,2.436615
MENUCOURT ASTT,France,https://www.google.com/maps/search/?api=1&query=%22MENUCOURT+ASTT%22+tennis+de+table+France,49.029666,1.977447
MERCY LE BAS F.E.P.,France,https://www.google.com/maps/search/?api=1&query=%22MERCY+LE+BAS+F.E.P.%22+tennis+de+table+France,49.389191,5.755826
MERIGNIES T.T.,France,https://www.google.com/maps/search/?api=1&query=%22MERIGNIES+T.T.%22+tennis+de+table+France,50.502050,3.112077
MERLIMONT TT,France,https://www.google.com/maps/search/?api=1&query=%22MERLIMONT+TT%22+tennis+de+table+France,50.460797,1.580486
Merpins  U S,France,https://www.google.com/maps/search/?api=1&query=%22Merpins++U+S%22+tennis+de+table+France,45.673856,-0.359212
MERS LE TREPORT EU TT,France,https://www.google.com/maps/search/?api=1&query=%22MERS+LE+TREPORT+EU+TT%22+tennis+de+table+France,50.050880,1.423208
MERU PPC,France,https://www.google.com/maps/search/?api=1&query=%22MERU+PPC%22+tennis+de+table+France,49.233777,2.129546
MERY US TT,France,https://www.google.com/maps/search/?api=1&query=%22MERY+US+TT%22+tennis+de+table+France,49.065695,2.182785
MESANGER ATT,France,https://www.google.com/maps/search/?api=1&query=%22MESANGER+ATT%22+tennis+de+table+France,47.445459,-1.230641
MESLAY DU MAINE Tennis de Table,France,https://www.google.com/maps/search/?api=1&query=%22MESLAY+DU+MAINE+Tennis+de+Table%22+tennis+de+table+France,47.951241,-0.552637
MESNIL ST D. AS,France,https://www.google.com/maps/search/?api=1&query=%22MESNIL+ST+D.+AS%22+tennis+de+table+France,48.748369,1.961304
MESNIL-ESNARDTT,France,https://www.google.com/maps/search/?api=1&query=%22MESNIL-ESNARDTT%22+tennis+de+table+France,49.406578,1.142070
Messe US,France,https://www.google.com/maps/search/?api=1&query=%22Messe+US%22+tennis+de+table+France,46.269119,-0.026484
Mettmann-Sport e.V.,Allemagne,https://www.google.com/maps/search/?api=1&query=%22Mettmann-Sport+e.V.%22+Tischtennis+Deutschland,51.145731,6.938919
METZ GRANGE AUX BOIS TT,France,https://www.google.com/maps/search/?api=1&query=%22METZ+GRANGE+AUX+BOIS+TT%22+tennis+de+table+France,49.099115,6.239458
METZ Tennis de Table,France,https://www.google.com/maps/search/?api=1&query=%22METZ+Tennis+de+Table%22+tennis+de+table+France,49.113843,6.155712
MEUDON AS,France,https://www.google.com/maps/search/?api=1&query=%22MEUDON+AS%22+tennis+de+table+France,48.787387,2.232851
MEULAN-MUR. UTT,France,https://www.google.com/maps/search/?api=1&query=%22MEULAN-MUR.+UTT%22+tennis+de+table+France,49.007306,1.918983
MEURCHIN ESPOIR  TT,France,https://www.google.com/maps/search/?api=1&query=%22MEURCHIN+ESPOIR++TT%22+tennis+de+table+France,50.501004,2.891020
MEXIMIEUX TT,France,https://www.google.com/maps/search/?api=1&query=%22MEXIMIEUX+TT%22+tennis+de+table+France,45.905048,5.190349
MEYMAC ATHLETIC CLUB,France,https://www.google.com/maps/search/?api=1&query=%22MEYMAC+ATHLETIC+CLUB%22+tennis+de+table+France,45.529737,2.141709
MEZIERES S PONTHOUIN AS,France,https://www.google.com/maps/search/?api=1&query=%22MEZIERES+S+PONTHOUIN+AS%22+tennis+de+table+France,48.191862,0.301333
MICROCHIP,France,https://www.google.com/maps/search/?api=1&query=%22MICROCHIP%22+tennis+de+table+France,47.268392,-1.458894
MILLAS TENNIS DE TABLE,France,https://www.google.com/maps/search/?api=1&query=%22MILLAS+TENNIS+DE+TABLE%22+tennis+de+table+France,42.692087,2.694880
MILLY MAISSE TENNIS DE TABLE,France,https://www.google.com/maps/search/?api=1&query=%22MILLY+MAISSE+TENNIS+DE+TABLE%22+tennis+de+table+France,48.401263,2.476271
Mirambeau MTT,France,https://www.google.com/maps/search/?api=1&query=%22Mirambeau+MTT%22+tennis+de+table+France,45.377560,-0.567748
MIRECOURT Lift Club,France,https://www.google.com/maps/search/?api=1&query=%22MIRECOURT+Lift+Club%22+tennis+de+table+France,48.297359,6.127590
MIRIBEL TENNIS DE TABLE,France,https://www.google.com/maps/search/?api=1&query=%22MIRIBEL+TENNIS+DE+TABLE%22+tennis+de+table+France,45.821800,4.944419
MISSILLAC TTC,France,https://www.google.com/maps/search/?api=1&query=%22MISSILLAC+TTC%22+tennis+de+table+France,47.518435,-2.041008
MJ EPENOY,France,https://www.google.com/maps/search/?api=1&query=%22MJ+EPENOY%22+tennis+de+table+France,47.110519,6.419761
MJC CHAPONOST,France,https://www.google.com/maps/search/?api=1&query=%22MJC+CHAPONOST%22+tennis+de+table+France,45.711208,4.748671
MJC DOLE,France,https://www.google.com/maps/search/?api=1&query=%22MJC+DOLE%22+tennis+de+table+France,47.089085,5.489229
MJC GOURDON TT,France,https://www.google.com/maps/search/?api=1&query=%22MJC+GOURDON+TT%22+tennis+de+table+France,44.730286,1.378000
MJC GRUISSAN TENNIS DE TABLE,France,https://www.google.com/maps/search/?api=1&query=%22MJC+GRUISSAN+TENNIS+DE+TABLE%22+tennis+de+table+France,43.115206,3.095130
MJC IMPHY,France,https://www.google.com/maps/search/?api=1&query=%22MJC+IMPHY%22+tennis+de+table+France,46.928801,3.258767
MJC LE BEAUSSET TT,France,https://www.google.com/maps/search/?api=1&query=%22MJC+LE+BEAUSSET+TT%22+tennis+de+table+France,43.194029,5.811675
MJC RIVE DE GIER,France,https://www.google.com/maps/search/?api=1&query=%22MJC+RIVE+DE+GIER%22+tennis+de+table+France,45.530280,4.626611
MOELAN TENNIS DE TABLE,France,https://www.google.com/maps/search/?api=1&query=%22MOELAN+TENNIS+DE+TABLE%22+tennis+de+table+France,47.817558,-3.624326
MOGNEVILLE MONCHY LAIGNEVILLE EP,France,https://www.google.com/maps/search/?api=1&query=%22MOGNEVILLE+MONCHY+LAIGNEVILLE+EP%22+tennis+de+table+France,49.297169,2.441599
MOGUES TT,France,https://www.google.com/maps/search/?api=1&query=%22MOGUES+TT%22+tennis+de+table+France,49.651028,5.279679
MOISSY CRAMAYEL TT,France,https://www.google.com/maps/search/?api=1&query=%22MOISSY+CRAMAYEL+TT%22+tennis+de+table+France,48.621581,2.588656
MONCE TENNIS DE TABLE,France,https://www.google.com/maps/search/?api=1&query=%22MONCE+TENNIS+DE+TABLE%22+tennis+de+table+France,47.897529,0.189931
MONDEVILLE TT,France,https://www.google.com/maps/search/?api=1&query=%22MONDEVILLE+TT%22+tennis+de+table+France,49.172779,-0.324693
MONFLANQUIN TT,France,https://www.google.com/maps/search/?api=1&query=%22MONFLANQUIN+TT%22+tennis+de+table+France,44.509096,0.758127
MONQUI PONG,France,https://www.google.com/maps/search/?api=1&query=%22MONQUI+PONG%22+tennis+de+table+France,45.870429,4.820485
MONS TT,France,https://www.google.com/maps/search/?api=1&query=%22MONS+TT%22+tennis+de+table+France,50.643142,3.096805
MONT SAINT AIGNAN TT,France,https://www.google.com/maps/search/?api=1&query=%22MONT+SAINT+AIGNAN+TT%22+tennis+de+table+France,49.464322,1.076023
MONTADY  CAPESTANG TT,France,https://www.google.com/maps/search/?api=1&query=%22MONTADY++CAPESTANG+TT%22+tennis+de+table+France,43.329377,3.038266
MONTAGNE (LA) A.S.C.,France,https://www.google.com/maps/search/?api=1&query=%22MONTAGNE+%28LA%29+A.S.C.%22+tennis+de+table+France,47.186504,-1.675296
Montamise TT,France,https://www.google.com/maps/search/?api=1&query=%22Montamise+TT%22+tennis+de+table+France,46.621520,0.420599
MONTAMORA SC,Portugal,https://www.google.com/maps/search/?api=1&query=%22MONTAMORA+SC%22+t%C3%A9nis+de+mesa+Portugal,40.397249,-8.228717
MONTARGIS CP,France,https://www.google.com/maps/search/?api=1&query=%22MONTARGIS+CP%22+tennis+de+table+France,47.994398,2.735594
MONTAUBAN DE BRETAGNE O.C.,France,https://www.google.com/maps/search/?api=1&query=%22MONTAUBAN+DE+BRETAGNE+O.C.%22+tennis+de+table+France,48.199120,-2.054410
MONTBOUTON,France,https://www.google.com/maps/search/?api=1&query=%22MONTBOUTON%22+tennis+de+table+France,47.469467,6.920400
Montbron Club Pongiste,France,https://www.google.com/maps/search/?api=1&query=%22Montbron+Club+Pongiste%22+tennis+de+table+France,45.666493,0.502907
MONTCHANIN TT,France,https://www.google.com/maps/search/?api=1&query=%22MONTCHANIN+TT%22+tennis+de+table+France,46.753634,4.475192
MONTCHEVREUIL ASTT,France,https://www.google.com/maps/search/?api=1&query=%22MONTCHEVREUIL+ASTT%22+tennis+de+table+France,49.278732,2.003230
MONTCY NOTRE DAME PPC,France,https://www.google.com/maps/search/?api=1&query=%22MONTCY+NOTRE+DAME+PPC%22+tennis+de+table+France,49.774020,4.749460
MONTDIDIER PPC,France,https://www.google.com/maps/search/?api=1&query=%22MONTDIDIER+PPC%22+tennis+de+table+France,49.651250,2.567570
MONTE PORREIRO,Espagne,https://www.google.com/maps/search/?api=1&query=%22MONTE+PORREIRO%22+tenis+de+mesa+Espa%C3%B1a,42.446265,-8.624308
MONTEBOURG SAEL,France,https://www.google.com/maps/search/?api=1&query=%22MONTEBOURG+SAEL%22+tennis+de+table+France,49.489821,-1.377894
MONTESSON TT,France,https://www.google.com/maps/search/?api=1&query=%22MONTESSON+TT%22+tennis+de+table+France,48.927250,2.142707
MONTFORT T.T.,France,https://www.google.com/maps/search/?api=1&query=%22MONTFORT+T.T.%22+tennis+de+table+France,48.192038,-2.196770
MONTFORT TT,France,https://www.google.com/maps/search/?api=1&query=%22MONTFORT+TT%22+tennis+de+table+France,48.053224,0.389633
MONTFORT TT US,France,https://www.google.com/maps/search/?api=1&query=%22MONTFORT+TT+US%22+tennis+de+table+France,48.774848,1.815946
MONTGERMONT TT,France,https://www.google.com/maps/search/?api=1&query=%22MONTGERMONT+TT%22+tennis+de+table+France,48.157240,-1.715570
MONTGERON (ESMTT),France,https://www.google.com/maps/search/?api=1&query=%22MONTGERON+%28ESMTT%29%22+tennis+de+table+France,48.696044,2.453710
MONTHERME CTT,France,https://www.google.com/maps/search/?api=1&query=%22MONTHERME+CTT%22+tennis+de+table+France,49.886526,4.733411
MONTHUREUX SUR SAONE TT,France,https://www.google.com/maps/search/?api=1&query=%22MONTHUREUX+SUR+SAONE+TT%22+tennis+de+table+France,48.032646,5.971992
MONTIGNY AS,France,https://www.google.com/maps/search/?api=1&query=%22MONTIGNY+AS%22+tennis+de+table+France,48.763908,2.037846
MONTIGNY EN OSTREVENT CTT,France,https://www.google.com/maps/search/?api=1&query=%22MONTIGNY+EN+OSTREVENT+CTT%22+tennis+de+table+France,50.375594,3.183941
MONTIGNY LE ROI AJP,France,https://www.google.com/maps/search/?api=1&query=%22MONTIGNY+LE+ROI+AJP%22+tennis+de+table+France,47.999402,5.490218
MONTIGNY LES METZ T.T.,France,https://www.google.com/maps/search/?api=1&query=%22MONTIGNY+LES+METZ+T.T.%22+tennis+de+table+France,49.086363,6.153736
MONTIVILLIERS Tennis de Table,France,https://www.google.com/maps/search/?api=1&query=%22MONTIVILLIERS+Tennis+de+Table%22+tennis+de+table+France,49.552287,0.175746
MONTJEAN Tennis de Table,France,https://www.google.com/maps/search/?api=1&query=%22MONTJEAN+Tennis+de+Table%22+tennis+de+table+France,48.006349,-0.960906
Montlieu LA GARDE T T,France,https://www.google.com/maps/search/?api=1&query=%22Montlieu+LA+GARDE+T+T%22+tennis+de+table+France,46.310766,5.065295
MONTMAGNY GROSLAY TTC,France,https://www.google.com/maps/search/?api=1&query=%22MONTMAGNY+GROSLAY+TTC%22+tennis+de+table+France,,
MONTMORENCY ASMTT,France,https://www.google.com/maps/search/?api=1&query=%22MONTMORENCY+ASMTT%22+tennis+de+table+France,49.002452,2.323388
MONTOIR ST MALO TT,France,https://www.google.com/maps/search/?api=1&query=%22MONTOIR+ST+MALO+TT%22+tennis+de+table+France,47.303031,-2.174549
MONTOIRE PING,France,https://www.google.com/maps/search/?api=1&query=%22MONTOIRE+PING%22+tennis+de+table+France,47.755765,0.872003
MONTPELLIER CSCM TT,France,https://www.google.com/maps/search/?api=1&query=%22MONTPELLIER+CSCM+TT%22+tennis+de+table+France,43.587658,3.874113
MONTPELLIER TT,France,https://www.google.com/maps/search/?api=1&query=%22MONTPELLIER+TT%22+tennis+de+table+France,43.619507,3.869171
MONTREUIL ESD,France,https://www.google.com/maps/search/?api=1&query=%22MONTREUIL+ESD%22+tennis+de+table+France,48.853558,2.420184
MONTREUIL JUIGNE As.Pongis,France,https://www.google.com/maps/search/?api=1&query=%22MONTREUIL+JUIGNE+As.Pongis%22+tennis+de+table+France,47.526822,-0.607852
MONTREUIL L'ARGILLE TENNIS DE TA,France,https://www.google.com/maps/search/?api=1&query=%22MONTREUIL+L%27ARGILLE+TENNIS+DE+TA%22+tennis+de+table+France,49.006115,0.534101
MONTREVAULT SUR EVRE TT,France,https://www.google.com/maps/search/?api=1&query=%22MONTREVAULT+SUR+EVRE+TT%22+tennis+de+table+France,47.269872,-1.030529
MONTSOULT USMBM,France,https://www.google.com/maps/search/?api=1&query=%22MONTSOULT+USMBM%22+tennis+de+table+France,49.067086,2.323094
MORDELLES J.A.,France,https://www.google.com/maps/search/?api=1&query=%22MORDELLES+J.A.%22+tennis+de+table+France,48.075531,-1.849404
MORESTEL TENNIS DE TABLE,France,https://www.google.com/maps/search/?api=1&query=%22MORESTEL+TENNIS+DE+TABLE%22+tennis+de+table+France,45.678760,5.463910
MOREUIL PPC,France,https://www.google.com/maps/search/?api=1&query=%22MOREUIL+PPC%22+tennis+de+table+France,49.772181,2.484188
MORLAIX ST-MARTIN TT,France,https://www.google.com/maps/search/?api=1&query=%22MORLAIX+ST-MARTIN+TT%22+tennis+de+table+France,48.569777,-3.846569
MORMANT Tennis de Table,France,https://www.google.com/maps/search/?api=1&query=%22MORMANT+Tennis+de+Table%22+tennis+de+table+France,48.611658,2.880586
Mornac Tennis de Table,France,https://www.google.com/maps/search/?api=1&query=%22Mornac+Tennis+de+Table%22+tennis+de+table+France,45.676411,0.271157
MORSANG TENNIS DE TABLE,France,https://www.google.com/maps/search/?api=1&query=%22MORSANG+TENNIS+DE+TABLE%22+tennis+de+table+France,48.660980,2.353698
MORSBACH Sarre et Moselle ASTT,France,https://www.google.com/maps/search/?api=1&query=%22MORSBACH+Sarre+et+Moselle+ASTT%22+tennis+de+table+France,49.168047,6.874436
MORTAGNAISE USTT,France,https://www.google.com/maps/search/?api=1&query=%22MORTAGNAISE+USTT%22+tennis+de+table+France,48.522090,0.548958
MORTAGNE FRATERNELLE,France,https://www.google.com/maps/search/?api=1&query=%22MORTAGNE+FRATERNELLE%22+tennis+de+table+France,46.989897,-0.948769
MORTAINAISE ENT TT,France,https://www.google.com/maps/search/?api=1&query=%22MORTAINAISE+ENT+TT%22+tennis+de+table+France,48.630853,-0.983323
MOUCHAMPS SJTT,France,https://www.google.com/maps/search/?api=1&query=%22MOUCHAMPS+SJTT%22+tennis+de+table+France,46.783307,-1.056608
MOUILLERON TT CLUB,France,https://www.google.com/maps/search/?api=1&query=%22MOUILLERON+TT+CLUB%22+tennis+de+table+France,46.709634,-1.461614
MOULAY Sport T.Table,France,https://www.google.com/maps/search/?api=1&query=%22MOULAY+Sport+T.Table%22+tennis+de+table+France,48.281509,-0.624863
MOULINS LES METZ FC,France,https://www.google.com/maps/search/?api=1&query=%22MOULINS+LES+METZ+FC%22+tennis+de+table+France,49.102454,6.104470
MOULTAIS AVENIR SPORTIF,France,https://www.google.com/maps/search/?api=1&query=%22MOULTAIS+AVENIR+SPORTIF%22+tennis+de+table+France,49.112507,-0.171814
MOURMELON Tennis de Table,France,https://www.google.com/maps/search/?api=1&query=%22MOURMELON+Tennis+de+Table%22+tennis+de+table+France,49.138444,4.364571
MOUROUX TENNIS DE TABLE,France,https://www.google.com/maps/search/?api=1&query=%22MOUROUX+TENNIS+DE+TABLE%22+tennis+de+table+France,48.821813,3.035096
MOUSSEY CS,France,https://www.google.com/maps/search/?api=1&query=%22MOUSSEY+CS%22+tennis+de+table+France,48.219846,4.116040
MOUTIERS MAUXFAITS TT,France,https://www.google.com/maps/search/?api=1&query=%22MOUTIERS+MAUXFAITS+TT%22+tennis+de+table+France,46.495690,-1.430222
MOUY EP USD,France,https://www.google.com/maps/search/?api=1&query=%22MOUY+EP+USD%22+tennis+de+table+France,49.316496,2.316464
MOUZILLON E.T.T.,France,https://www.google.com/maps/search/?api=1&query=%22MOUZILLON+E.T.T.%22+tennis+de+table+France,47.140229,-1.283671
MOYAUSAINE ATT,France,https://www.google.com/maps/search/?api=1&query=%22MOYAUSAINE+ATT%22+tennis+de+table+France,49.186178,0.354125
MOYENMOUTIER VRTT,France,https://www.google.com/maps/search/?api=1&query=%22MOYENMOUTIER+VRTT%22+tennis+de+table+France,48.377228,6.903809
MSV Hettstedt,Allemagne,https://www.google.com/maps/search/?api=1&query=%22MSV+Hettstedt%22+Tischtennis+Deutschland,52.235063,11.006438
MTV 1881 Ingolstadt,Allemagne,https://www.google.com/maps/search/?api=1&query=%22MTV+1881+Ingolstadt%22+Tischtennis+Deutschland,48.763016,11.425040
MTV Eintracht Bledeln,Allemagne,https://www.google.com/maps/search/?api=1&query=%22MTV+Eintracht+Bledeln%22+Tischtennis+Deutschland,52.269773,9.925342
MTV Jever,Allemagne,https://www.google.com/maps/search/?api=1&query=%22MTV+Jever%22+Tischtennis+Deutschland,53.578665,7.894043
MUILLE PPC,France,https://www.google.com/maps/search/?api=1&query=%22MUILLE+PPC%22+tennis+de+table+France,49.730984,3.067496
MULHOUSE C.C.C. T-T,France,https://www.google.com/maps/search/?api=1&query=%22MULHOUSE+C.C.C.+T-T%22+tennis+de+table+France,47.750338,7.352629
MULHOUSE FC,France,https://www.google.com/maps/search/?api=1&query=%22MULHOUSE+FC%22+tennis+de+table+France,47.759223,7.341143
MULHOUSE TENNIS DE TABLE,France,https://www.google.com/maps/search/?api=1&query=%22MULHOUSE+TENNIS+DE+TABLE%22+tennis+de+table+France,47.753516,7.307242
MULSANNE PPC,France,https://www.google.com/maps/search/?api=1&query=%22MULSANNE+PPC%22+tennis+de+table+France,47.910479,0.249202
Muron Tennis de Table FR,France,https://www.google.com/maps/search/?api=1&query=%22Muron+Tennis+de+Table+FR%22+tennis+de+table+France,46.030399,-0.828941
MURS ERIGNE ASITT,France,https://www.google.com/maps/search/?api=1&query=%22MURS+ERIGNE+ASITT%22+tennis+de+table+France,47.399422,-0.543195
MUZILLAC TT,France,https://www.google.com/maps/search/?api=1&query=%22MUZILLAC+TT%22+tennis+de+table+France,47.550701,-2.480661
NACRE TENNIS DE TABLE,France,https://www.google.com/maps/search/?api=1&query=%22NACRE+TENNIS+DE+TABLE%22+tennis+de+table+France,49.330202,-0.420051
Naintre MJC,France,https://www.google.com/maps/search/?api=1&query=%22Naintre+MJC%22+tennis+de+table+France,46.757895,0.487271
NANCY ASPTT-JARVILLE Jeune,France,https://www.google.com/maps/search/?api=1&query=%22NANCY+ASPTT-JARVILLE+Jeune%22+tennis+de+table+France,48.668087,6.202336
NANCY S.L.U.C.,France,https://www.google.com/maps/search/?api=1&query=%22NANCY+S.L.U.C.%22+tennis+de+table+France,48.697034,6.172311
NANGIS T.T.,France,https://www.google.com/maps/search/?api=1&query=%22NANGIS+T.T.%22+tennis+de+table+France,48.553883,3.015339
NANTERRE ES,France,https://www.google.com/maps/search/?api=1&query=%22NANTERRE+ES%22+tennis+de+table+France,48.895776,2.219254
NANTES AS CHU,France,https://www.google.com/maps/search/?api=1&query=%22NANTES+AS+CHU%22+tennis+de+table+France,47.205302,-1.546068
NANTES ASCBG,France,https://www.google.com/maps/search/?api=1&query=%22NANTES+ASCBG%22+tennis+de+table+France,47.195388,-1.538387
NANTES ASPTT,France,https://www.google.com/maps/search/?api=1&query=%22NANTES+ASPTT%22+tennis+de+table+France,47.302321,-1.560549
NANTES LE BAUT TT,France,https://www.google.com/maps/search/?api=1&query=%22NANTES+LE+BAUT+TT%22+tennis+de+table+France,47.252450,-1.554384
NANTES MELLINET (LA),France,https://www.google.com/maps/search/?api=1&query=%22NANTES+MELLINET+%28LA%29%22+tennis+de+table+France,47.212641,-1.571507
NANTES MUNICIPAUX,France,https://www.google.com/maps/search/?api=1&query=%22NANTES+MUNICIPAUX%22+tennis+de+table+France,47.204457,-1.542767
NANTES RACC,France,https://www.google.com/maps/search/?api=1&query=%22NANTES+RACC%22+tennis+de+table+France,47.232176,-1.499549
NANTES ST JOSEPH TENNIS DE TABLE,France,https://www.google.com/maps/search/?api=1&query=%22NANTES+ST+JOSEPH+TENNIS+DE+TABLE%22+tennis+de+table+France,47.261624,-1.514327
NANTES ST MEDARD DOULON,France,https://www.google.com/maps/search/?api=1&query=%22NANTES+ST+MEDARD+DOULON%22+tennis+de+table+France,47.239735,-1.505793
NANTES TENNIS DE TABLE,France,https://www.google.com/maps/search/?api=1&query=%22NANTES+TENNIS+DE+TABLE%22+tennis+de+table+France,47.204457,-1.542767
NANTES TOUTES AIDES - ASTA,France,https://www.google.com/maps/search/?api=1&query=%22NANTES+TOUTES+AIDES+-+ASTA%22+tennis+de+table+France,47.227854,-1.519745
NANTIAT USTT (87),France,https://www.google.com/maps/search/?api=1&query=%22NANTIAT+USTT+%2887%29%22+tennis+de+table+France,46.006114,1.149465
NARBONNE Tennis de Table,France,https://www.google.com/maps/search/?api=1&query=%22NARBONNE+Tennis+de+Table%22+tennis+de+table+France,43.177629,2.996470
NATACIO MATARO,Espagne,https://www.google.com/maps/search/?api=1&query=%22NATACIO+MATARO%22+tenis+de+mesa+Espa%C3%B1a,41.539835,2.444893
NATIXIS BRED,France,https://www.google.com/maps/search/?api=1&query=%22NATIXIS+BRED%22+tennis+de+table+France,48.826316,2.402010
NCR VALONGO,Portugal,https://www.google.com/maps/search/?api=1&query=%22NCR+VALONGO%22+t%C3%A9nis+de+mesa+Portugal,41.190979,-8.498051
NERAC ALBRET TT,France,https://www.google.com/maps/search/?api=1&query=%22NERAC+ALBRET+TT%22+tennis+de+table+France,44.137927,0.339081
NEUBOURG QUITTEBEUF TT,France,https://www.google.com/maps/search/?api=1&query=%22NEUBOURG+QUITTEBEUF+TT%22+tennis+de+table+France,49.139379,0.905594
NEUFCHATEAU T.T.,France,https://www.google.com/maps/search/?api=1&query=%22NEUFCHATEAU+T.T.%22+tennis+de+table+France,50.429834,3.063315
NEUILLY AS ST PIERRE,France,https://www.google.com/maps/search/?api=1&query=%22NEUILLY+AS+ST+PIERRE%22+tennis+de+table+France,48.883897,2.254621
NEUILLY SUR MARNE TT,France,https://www.google.com/maps/search/?api=1&query=%22NEUILLY+SUR+MARNE+TT%22+tennis+de+table+France,48.860193,2.526588
NEUVES MAISONS TT,France,https://www.google.com/maps/search/?api=1&query=%22NEUVES+MAISONS+TT%22+tennis+de+table+France,48.611867,6.101461
NEUVILLE EN FERRAIN PP,France,https://www.google.com/maps/search/?api=1&query=%22NEUVILLE+EN+FERRAIN+PP%22+tennis+de+table+France,50.746735,3.161149
Neuville FJEPS,France,https://www.google.com/maps/search/?api=1&query=%22Neuville+FJEPS%22+tennis+de+table+France,46.685389,0.268558
NEUVILLE SPORTS TT,France,https://www.google.com/maps/search/?api=1&query=%22NEUVILLE+SPORTS+TT%22+tennis+de+table+France,48.065199,2.055980
NEVEZ PING,France,https://www.google.com/maps/search/?api=1&query=%22NEVEZ+PING%22+tennis+de+table+France,47.817285,-3.789936
NEVIAN TT 2001,France,https://www.google.com/maps/search/?api=1&query=%22NEVIAN+TT+2001%22+tennis+de+table+France,43.208936,2.904778
New York Slice,USA,https://www.google.com/maps/search/?api=1&query=%22New+York+Slice%22+table+tennis+USA,40.797448,-73.970746
NICE CAVIGAL TENNIS DE TABLE,France,https://www.google.com/maps/search/?api=1&query=%22NICE+CAVIGAL+TENNIS+DE+TABLE%22+tennis+de+table+France,43.679274,7.217303
NIDERVILLER Eden Pongiste,France,https://www.google.com/maps/search/?api=1&query=%22NIDERVILLER+Eden+Pongiste%22+tennis+de+table+France,48.719315,7.116313
NIEPPE TENNIS DE TABLE ,France,https://www.google.com/maps/search/?api=1&query=%22NIEPPE+TENNIS+DE+TABLE+%22+tennis+de+table+France,50.702694,2.848741
NIEUL TENNIS DE TABLE,France,https://www.google.com/maps/search/?api=1&query=%22NIEUL+TENNIS+DE+TABLE%22+tennis+de+table+France,46.574888,-1.504001
NIMES ASPC,France,https://www.google.com/maps/search/?api=1&query=%22NIMES+ASPC%22+tennis+de+table+France,43.841847,4.340305
NIMES ASPTT TENNIS DE TABLE,France,https://www.google.com/maps/search/?api=1&query=%22NIMES+ASPTT+TENNIS+DE+TABLE%22+tennis+de+table+France,43.858257,4.395220
NIMES ST CESAIRE AM,France,https://www.google.com/maps/search/?api=1&query=%22NIMES+ST+CESAIRE+AM%22+tennis+de+table+France,43.816019,4.329217
Niort Tennis de Table,France,https://www.google.com/maps/search/?api=1&query=%22Niort+Tennis+de+Table%22+tennis+de+table+France,46.322266,-0.445747
NOEUX LES MINES CL FJEP,France,https://www.google.com/maps/search/?api=1&query=%22NOEUX+LES+MINES+CL+FJEP%22+tennis+de+table+France,50.464349,2.669460
NOGENT ASNTT,France,https://www.google.com/maps/search/?api=1&query=%22NOGENT+ASNTT%22+tennis+de+table+France,48.028714,5.347515
NOGENT TT,France,https://www.google.com/maps/search/?api=1&query=%22NOGENT+TT%22+tennis+de+table+France,48.834427,2.482256
NOGENT/OISE ZUP JEUNES,France,https://www.google.com/maps/search/?api=1&query=%22NOGENT%2FOISE+ZUP+JEUNES%22+tennis+de+table+France,49.270499,2.459216
NOIDANS TENNIS DE TABLE,France,https://www.google.com/maps/search/?api=1&query=%22NOIDANS+TENNIS+DE+TABLE%22+tennis+de+table+France,47.616526,6.132415
NOIRMOUTIER AL,France,https://www.google.com/maps/search/?api=1&query=%22NOIRMOUTIER+AL%22+tennis+de+table+France,47.003192,-2.237959
NOISEAU SS TENNIS DE TABLE,France,https://www.google.com/maps/search/?api=1&query=%22NOISEAU+SS+TENNIS+DE+TABLE%22+tennis+de+table+France,48.773352,2.541731
NOISIEL VLAN,France,https://www.google.com/maps/search/?api=1&query=%22NOISIEL+VLAN%22+tennis+de+table+France,48.849904,2.614998
NOISY LE GRAND CSTT,France,https://www.google.com/maps/search/?api=1&query=%22NOISY+LE+GRAND+CSTT%22+tennis+de+table+France,48.838275,2.550063
NONAISIENNE US T.T.,France,https://www.google.com/maps/search/?api=1&query=%22NONAISIENNE+US+T.T.%22+tennis+de+table+France,48.547418,-1.956085
NORD EST VENDEE TT,France,https://www.google.com/maps/search/?api=1&query=%22NORD+EST+VENDEE+TT%22+tennis+de+table+France,47.016520,-1.192908
NORT SUR ERDRE N.A.C.T.T.,France,https://www.google.com/maps/search/?api=1&query=%22NORT+SUR+ERDRE+N.A.C.T.T.%22+tennis+de+table+France,47.437969,-1.496797
NORVILLE,France,https://www.google.com/maps/search/?api=1&query=%22NORVILLE%22+tennis+de+table+France,49.487455,0.647756
Nouaille-Maupertuis TT,France,https://www.google.com/maps/search/?api=1&query=%22Nouaille-Maupertuis+TT%22+tennis+de+table+France,46.504558,0.411562
NOUVION FLIZE USC,France,https://www.google.com/maps/search/?api=1&query=%22NOUVION+FLIZE+USC%22+tennis+de+table+France,49.696131,4.776183
NOUZONVILLE CTT,France,https://www.google.com/maps/search/?api=1&query=%22NOUZONVILLE+CTT%22+tennis+de+table+France,49.814846,4.747395
NOVACARTAMA TM,Espagne,https://www.google.com/maps/search/?api=1&query=%22NOVACARTAMA+TM%22+tenis+de+mesa+Espa%C3%B1a,36.710072,-4.631539
NOYELLES GODAULT PPC,France,https://www.google.com/maps/search/?api=1&query=%22NOYELLES+GODAULT+PPC%22+tennis+de+table+France,50.414705,2.989532
NOYELLES GODAULT TTSM,France,https://www.google.com/maps/search/?api=1&query=%22NOYELLES+GODAULT+TTSM%22+tennis+de+table+France,50.416043,2.988195
NOYELLES/LENS EP,France,https://www.google.com/maps/search/?api=1&query=%22NOYELLES%2FLENS+EP%22+tennis+de+table+France,50.428943,2.875235
NOYERS ST MARTIN ATT,France,https://www.google.com/maps/search/?api=1&query=%22NOYERS+ST+MARTIN+ATT%22+tennis+de+table+France,49.565017,2.223031
NOYON TT,France,https://www.google.com/maps/search/?api=1&query=%22NOYON+TT%22+tennis+de+table+France,49.577136,2.994062
NUEIL TENNIS DE TABLE,France,https://www.google.com/maps/search/?api=1&query=%22NUEIL+TENNIS+DE+TABLE%22+tennis+de+table+France,47.146977,-0.538251
Nueil-les-Aubiers A.P.,France,https://www.google.com/maps/search/?api=1&query=%22Nueil-les-Aubiers+A.P.%22+tennis+de+table+France,46.940448,-0.585376
NUILLE l'HUISSERIE,France,https://www.google.com/maps/search/?api=1&query=%22NUILLE+l%27HUISSERIE%22+tennis+de+table+France,47.983854,-0.779587
O.ANTIBES JUAN LES PINS,France,https://www.google.com/maps/search/?api=1&query=%22O.ANTIBES+JUAN+LES+PINS%22+tennis+de+table+France,43.600031,7.119378
O2etCie Urgence BPCO,France,https://www.google.com/maps/search/?api=1&query=%22O2etCie+Urgence+BPCO%22+tennis+de+table+France,0.000000,0.000000
OBENHEIM Club Tennis Table,France,https://www.google.com/maps/search/?api=1&query=%22OBENHEIM+Club+Tennis+Table%22+tennis+de+table+France,48.358691,7.693637
Oberalster VfW,Allemagne,https://www.google.com/maps/search/?api=1&query=%22Oberalster+VfW%22+Tischtennis+Deutschland,53.629384,10.030538
OBERENA,Espagne,https://www.google.com/maps/search/?api=1&query=%22OBERENA%22+tenis+de+mesa+Espa%C3%B1a,42.804392,-1.637328
OBERGAILBACH U.P.,France,https://www.google.com/maps/search/?api=1&query=%22OBERGAILBACH+U.P.%22+tennis+de+table+France,49.116742,7.218858
OBERNAI CA,France,https://www.google.com/maps/search/?api=1&query=%22OBERNAI+CA%22+tennis+de+table+France,48.459979,7.494455
OFFEMONT TENNIS DE TABLE,France,https://www.google.com/maps/search/?api=1&query=%22OFFEMONT+TENNIS+DE+TABLE%22+tennis+de+table+France,47.658621,6.874794
Oldenburger TB,Allemagne,https://www.google.com/maps/search/?api=1&query=%22Oldenburger+TB%22+Tischtennis+Deutschland,53.951423,13.610877
OLLAINVILLE ASS SPORTIVE,France,https://www.google.com/maps/search/?api=1&query=%22OLLAINVILLE+ASS+SPORTIVE%22+tennis+de+table+France,48.669899,2.323670
OLOT,Espagne,https://www.google.com/maps/search/?api=1&query=%22OLOT%22+tenis+de+mesa+Espa%C3%B1a,42.182218,2.489021
OLYMPIC CLUB TENNIS TABLE,France,https://www.google.com/maps/search/?api=1&query=%22OLYMPIC+CLUB+TENNIS+TABLE%22+tennis+de+table+France,45.572074,6.159363
OLYMPIC MONTREUIL LANDAVRAN,France,https://www.google.com/maps/search/?api=1&query=%22OLYMPIC+MONTREUIL+LANDAVRAN%22+tennis+de+table+France,48.151506,-1.242862
OLYMPIQUE CABRIES-CALAS TT,France,https://www.google.com/maps/search/?api=1&query=%22OLYMPIQUE+CABRIES-CALAS+TT%22+tennis+de+table+France,43.447313,5.341908
Olympique Club d'AGNEAUX,France,https://www.google.com/maps/search/?api=1&query=%22Olympique+Club+d%27AGNEAUX%22+tennis+de+table+France,49.115464,-1.118944
OLYMPIQUE SAINT-QUENTINOIS,France,https://www.google.com/maps/search/?api=1&query=%22OLYMPIQUE+SAINT-QUENTINOIS%22+tennis+de+table+France,45.640297,5.102992
ONET LE CHATEAU T.T.,France,https://www.google.com/maps/search/?api=1&query=%22ONET+LE+CHATEAU+T.T.%22+tennis+de+table+France,44.368109,2.588475
ONNAING TT,France,https://www.google.com/maps/search/?api=1&query=%22ONNAING+TT%22+tennis+de+table+France,50.396165,3.590568
ORADOUR-SUR-VAYRES TT (87),France,https://www.google.com/maps/search/?api=1&query=%22ORADOUR-SUR-VAYRES+TT+%2887%29%22+tennis+de+table+France,45.723011,0.867941
ORAISON TENNIS DE TABLE,France,https://www.google.com/maps/search/?api=1&query=%22ORAISON+TENNIS+DE+TABLE%22+tennis+de+table+France,43.920607,5.919279
ORCHIES AL,France,https://www.google.com/maps/search/?api=1&query=%22ORCHIES+AL%22+tennis+de+table+France,50.467672,3.244792
OREE D'ANJOU TT,France,https://www.google.com/maps/search/?api=1&query=%22OREE+D%27ANJOU+TT%22+tennis+de+table+France,47.339796,-1.203197
ORGERUS-THOIRY SCTT,France,https://www.google.com/maps/search/?api=1&query=%22ORGERUS-THOIRY+SCTT%22+tennis+de+table+France,48.866801,1.794903
ORGEVAL TT,France,https://www.google.com/maps/search/?api=1&query=%22ORGEVAL+TT%22+tennis+de+table+France,48.914056,1.980636
ORLEANS USOPOC,France,https://www.google.com/maps/search/?api=1&query=%22ORLEANS+USOPOC%22+tennis+de+table+France,47.915115,1.910258
ORLY AS,France,https://www.google.com/maps/search/?api=1&query=%22ORLY+AS%22+tennis+de+table+France,48.743915,2.397085
ORMES EVEIL SPORTIF,France,https://www.google.com/maps/search/?api=1&query=%22ORMES+EVEIL+SPORTIF%22+tennis+de+table+France,47.941707,1.815446
ORMESSON US,France,https://www.google.com/maps/search/?api=1&query=%22ORMESSON+US%22+tennis+de+table+France,48.778890,2.533818
ORMOY TENNIS DE TABLE,France,https://www.google.com/maps/search/?api=1&query=%22ORMOY+TENNIS+DE+TABLE%22+tennis+de+table+France,48.576220,2.447007
ORSAY CA,France,https://www.google.com/maps/search/?api=1&query=%22ORSAY+CA%22+tennis+de+table+France,48.705808,2.193700
ORVAULT SPORT TENNIS DE TABLE,France,https://www.google.com/maps/search/?api=1&query=%22ORVAULT+SPORT+TENNIS+DE+TABLE%22+tennis+de+table+France,47.251356,-1.611114
OS UGAS A.D.C. EGA,Portugal,https://www.google.com/maps/search/?api=1&query=%22OS+UGAS+A.D.C.+EGA%22+t%C3%A9nis+de+mesa+Portugal,40.097568,-8.538607
OSSLO,France,https://www.google.com/maps/search/?api=1&query=%22OSSLO%22+tennis+de+table+France,47.911874,1.908812
OSTHEIM CPPC,France,https://www.google.com/maps/search/?api=1&query=%22OSTHEIM+CPPC%22+tennis+de+table+France,48.157238,7.365142
OSTHOFFEN FC,France,https://www.google.com/maps/search/?api=1&query=%22OSTHOFFEN+FC%22+tennis+de+table+France,48.586260,7.551398
OUEST SPORT TENNIS DE TABLE,France,https://www.google.com/maps/search/?api=1&query=%22OUEST+SPORT+TENNIS+DE+TABLE%22+tennis+de+table+France,20.000000,20.000000
OUTREAU APB,France,https://www.google.com/maps/search/?api=1&query=%22OUTREAU+APB%22+tennis+de+table+France,50.698883,1.588261
OVIEDO-MADRID,Espagne,https://www.google.com/maps/search/?api=1&query=%22OVIEDO-MADRID%22+tenis+de+mesa+Espa%C3%B1a,40.446729,-3.671876
OXYGENE STELLANTIS,France,https://www.google.com/maps/search/?api=1&query=%22OXYGENE+STELLANTIS%22+tennis+de+table+France,48.935455,2.044101
OYE-PLAGE TTC,France,https://www.google.com/maps/search/?api=1&query=%22OYE-PLAGE+TTC%22+tennis+de+table+France,50.977262,2.045328
P P C AMBERT,France,https://www.google.com/maps/search/?api=1&query=%22P+P+C+AMBERT%22+tennis+de+table+France,45.540756,3.750204
P P C COURTHEZONNAIS,France,https://www.google.com/maps/search/?api=1&query=%22P+P+C+COURTHEZONNAIS%22+tennis+de+table+France,44.090791,4.882737
P P C SISTERONNAIS,France,https://www.google.com/maps/search/?api=1&query=%22P+P+C+SISTERONNAIS%22+tennis+de+table+France,44.185125,5.949417
P.C. COLTAINVILLE TT.,France,https://www.google.com/maps/search/?api=1&query=%22P.C.+COLTAINVILLE+TT.%22+tennis+de+table+France,48.486599,1.586320
P.P. NORD GIRONDE,France,https://www.google.com/maps/search/?api=1&query=%22P.P.+NORD+GIRONDE%22+tennis+de+table+France,45.225902,-0.570046
P.P.C. ORLEAT,France,https://www.google.com/maps/search/?api=1&query=%22P.P.C.+ORLEAT%22+tennis+de+table+France,45.870682,3.468795
P.P.C. ST MARTIN LE BEAU,France,https://www.google.com/maps/search/?api=1&query=%22P.P.C.+ST+MARTIN+LE+BEAU%22+tennis+de+table+France,47.362854,0.891655
PACE/ST GREGOIRE T.T. ENT.,France,https://www.google.com/maps/search/?api=1&query=%22PACE%2FST+GREGOIRE+T.T.+ENT.%22+tennis+de+table+France,48.152869,-1.770717
PALAISEAU US,France,https://www.google.com/maps/search/?api=1&query=%22PALAISEAU+US%22+tennis+de+table+France,42.577558,2.073430
PALLET (LE) TT,France,https://www.google.com/maps/search/?api=1&query=%22PALLET+%28LE%29+TT%22+tennis+de+table+France,47.138641,-1.345233
PALMA TT,Espagne,https://www.google.com/maps/search/?api=1&query=%22PALMA+TT%22+tenis+de+mesa+Espa%C3%B1a,39.569582,2.650075
PANAZOL PANA-LOISIRS TT (87),France,https://www.google.com/maps/search/?api=1&query=%22PANAZOL+PANA-LOISIRS+TT+%2887%29%22+tennis+de+table+France,45.828799,1.308986
PANNES PPH,France,https://www.google.com/maps/search/?api=1&query=%22PANNES+PPH%22+tennis+de+table+France,48.019345,2.699142
PANTIN CTT,France,https://www.google.com/maps/search/?api=1&query=%22PANTIN+CTT%22+tennis+de+table+France,48.890075,2.406588
PARCE TT,France,https://www.google.com/maps/search/?api=1&query=%22PARCE+TT%22+tennis+de+table+France,47.845530,-0.202472
PARIGNE L'EVEQUE TTC,France,https://www.google.com/maps/search/?api=1&query=%22PARIGNE+L%27EVEQUE+TTC%22+tennis+de+table+France,47.933652,0.364603
PARIS 13 TENNIS DE TABLE,France,https://www.google.com/maps/search/?api=1&query=%22PARIS+13+TENNIS+DE+TABLE%22+tennis+de+table+France,48.830894,2.362619
PARIS IX ATT,France,https://www.google.com/maps/search/?api=1&query=%22PARIS+IX+ATT%22+tennis+de+table+France,48.878137,2.333367
Parthenay PPC,France,https://www.google.com/maps/search/?api=1&query=%22Parthenay+PPC%22+tennis+de+table+France,46.643092,-0.253667
PAVILLONNAIS SE,France,https://www.google.com/maps/search/?api=1&query=%22PAVILLONNAIS+SE%22+tennis+de+table+France,48.908531,2.497667
PAYS COMPIEGNOIS TT,France,https://www.google.com/maps/search/?api=1&query=%22PAYS+COMPIEGNOIS+TT%22+tennis+de+table+France,49.420995,2.827909
PAYS COURVILLOIS TT,France,https://www.google.com/maps/search/?api=1&query=%22PAYS+COURVILLOIS+TT%22+tennis+de+table+France,48.472673,1.320584
PAYS DE BITCHE TT,France,https://www.google.com/maps/search/?api=1&query=%22PAYS+DE+BITCHE+TT%22+tennis+de+table+France,49.052522,7.305676
PAYS ROCHOIS et GENEVOIS TT 74,France,https://www.google.com/maps/search/?api=1&query=%22PAYS+ROCHOIS+et+GENEVOIS+TT+74%22+tennis+de+table+France,46.069678,6.305503
PAYS SIERCKOIS SPORTS ET LOISIRS,France,https://www.google.com/maps/search/?api=1&query=%22PAYS+SIERCKOIS+SPORTS+ET+LOISIRS%22+tennis+de+table+France,49.462050,6.372036
PAZENAISE T.T.,France,https://www.google.com/maps/search/?api=1&query=%22PAZENAISE+T.T.%22+tennis+de+table+France,47.098200,-1.813900
PC PLABENNEC,France,https://www.google.com/maps/search/?api=1&query=%22PC+PLABENNEC%22+tennis+de+table+France,48.506737,-4.429141
PECQ US,France,https://www.google.com/maps/search/?api=1&query=%22PECQ+US%22+tennis+de+table+France,48.893140,2.109719
PELLERIN (LE),France,https://www.google.com/maps/search/?api=1&query=%22PELLERIN+%28LE%29%22+tennis+de+table+France,47.197169,-1.758174
PENHOET U.M.,France,https://www.google.com/maps/search/?api=1&query=%22PENHOET+U.M.%22+tennis+de+table+France,47.299882,-2.187797
PENTHIEVRE LAMBALLE TT,France,https://www.google.com/maps/search/?api=1&query=%22PENTHIEVRE+LAMBALLE+TT%22+tennis+de+table+France,48.462904,-2.514318
PERENCHIES US,France,https://www.google.com/maps/search/?api=1&query=%22PERENCHIES+US%22+tennis+de+table+France,50.671401,2.971452
PERIERS SPORTS TT,France,https://www.google.com/maps/search/?api=1&query=%22PERIERS+SPORTS+TT%22+tennis+de+table+France,49.184398,-1.399249
Perigne TT,France,https://www.google.com/maps/search/?api=1&query=%22Perigne+TT%22+tennis+de+table+France,46.187957,-0.254391
PEROLS PPC,France,https://www.google.com/maps/search/?api=1&query=%22PEROLS+PPC%22+tennis+de+table+France,43.559540,3.948352
PERONNE TT,France,https://www.google.com/maps/search/?api=1&query=%22PERONNE+TT%22+tennis+de+table+France,49.937605,2.925287
PERPIGNAN ROUSSILLON TENNIS DE T,France,https://www.google.com/maps/search/?api=1&query=%22PERPIGNAN+ROUSSILLON+TENNIS+DE+T%22+tennis+de+table+France,42.690169,2.871902
PERPIGNAN ST GAUDERIQUE TT,France,https://www.google.com/maps/search/?api=1&query=%22PERPIGNAN+ST+GAUDERIQUE+TT%22+tennis+de+table+France,42.688501,2.913368
PERRAY ES,France,https://www.google.com/maps/search/?api=1&query=%22PERRAY+ES%22+tennis+de+table+France,48.691479,1.852776
PERREUX AP,France,https://www.google.com/maps/search/?api=1&query=%22PERREUX+AP%22+tennis+de+table+France,48.851155,2.503596
PERTUIS SUD LUBERON TT,France,https://www.google.com/maps/search/?api=1&query=%22PERTUIS+SUD+LUBERON+TT%22+tennis+de+table+France,43.695102,5.510341
PETIT MARS T.T.,France,https://www.google.com/maps/search/?api=1&query=%22PETIT+MARS+T.T.%22+tennis+de+table+France,47.397892,-1.454405
PETITE-SYNTHE SM,France,https://www.google.com/maps/search/?api=1&query=%22PETITE-SYNTHE+SM%22+tennis+de+table+France,51.022853,2.353028
PETRUVIENNE US,France,https://www.google.com/maps/search/?api=1&query=%22PETRUVIENNE+US%22+tennis+de+table+France,49.016067,-0.028248
PEXIORA TENNIS DE TABLE,France,https://www.google.com/maps/search/?api=1&query=%22PEXIORA+TENNIS+DE+TABLE%22+tennis+de+table+France,43.267906,2.037366
PHINIA ROTO-SPORTS,France,https://www.google.com/maps/search/?api=1&query=%22PHINIA+ROTO-SPORTS%22+tennis+de+table+France,47.598326,1.338371
PIERREPONT/AVRE USL,France,https://www.google.com/maps/search/?api=1&query=%22PIERREPONT%2FAVRE+USL%22+tennis+de+table+France,49.715996,2.539474
PING CATURIGE,France,https://www.google.com/maps/search/?api=1&query=%22PING+CATURIGE%22+tennis+de+table+France,44.570947,6.091015
PING CHEMAUDIN-ET-VAUX,France,https://www.google.com/maps/search/?api=1&query=%22PING+CHEMAUDIN-ET-VAUX%22+tennis+de+table+France,47.216849,5.896620
PING CLUB CHIGNACOIS,France,https://www.google.com/maps/search/?api=1&query=%22PING+CLUB+CHIGNACOIS%22+tennis+de+table+France,45.125590,0.855840
PING CLUB D'OLEMPS,France,https://www.google.com/maps/search/?api=1&query=%22PING+CLUB+D%27OLEMPS%22+tennis+de+table+France,44.340965,2.553405
PING DE MARGENCEL,France,https://www.google.com/maps/search/?api=1&query=%22PING+DE+MARGENCEL%22+tennis+de+table+France,46.340747,6.416196
Ping du Pays de Naucelles,France,https://www.google.com/maps/search/?api=1&query=%22Ping+du+Pays+de+Naucelles%22+tennis+de+table+France,44.958450,2.416761
PING FRANQUEVILLAIS,France,https://www.google.com/maps/search/?api=1&query=%22PING+FRANQUEVILLAIS%22+tennis+de+table+France,49.402130,1.177219
PING GAILLARDIN,France,https://www.google.com/maps/search/?api=1&query=%22PING+GAILLARDIN%22+tennis+de+table+France,46.189400,6.212766
PING PARIS 14,France,https://www.google.com/maps/search/?api=1&query=%22PING+PARIS+14%22+tennis+de+table+France,48.826823,2.325315
PING PASSION CHATEAUNEUF,France,https://www.google.com/maps/search/?api=1&query=%22PING+PASSION+CHATEAUNEUF%22+tennis+de+table+France,43.674810,6.993310
PING PONG CAPDENACOIS,France,https://www.google.com/maps/search/?api=1&query=%22PING+PONG+CAPDENACOIS%22+tennis+de+table+France,44.569410,2.073882
PING PONG CLUB AVIGNONNAIS,France,https://www.google.com/maps/search/?api=1&query=%22PING+PONG+CLUB+AVIGNONNAIS%22+tennis+de+table+France,43.933882,4.840378
PING PONG CLUB DE VALREAS,France,https://www.google.com/maps/search/?api=1&query=%22PING+PONG+CLUB+DE+VALREAS%22+tennis+de+table+France,44.384500,5.003800
PING PONG CLUB DIEULEFITOIS,France,https://www.google.com/maps/search/?api=1&query=%22PING+PONG+CLUB+DIEULEFITOIS%22+tennis+de+table+France,44.522423,5.058675
PING PONG CLUB GERMANOIS,France,https://www.google.com/maps/search/?api=1&query=%22PING+PONG+CLUB+GERMANOIS%22+tennis+de+table+France,45.833019,3.997176
PING PONG CLUB HONDOUVILLE,France,https://www.google.com/maps/search/?api=1&query=%22PING+PONG+CLUB+HONDOUVILLE%22+tennis+de+table+France,49.139711,1.120925
PING PONG CLUB ISSOLDUNOIS,France,https://www.google.com/maps/search/?api=1&query=%22PING+PONG+CLUB+ISSOLDUNOIS%22+tennis+de+table+France,46.955223,1.991741
PING PONG CLUB MAZERIEN,France,https://www.google.com/maps/search/?api=1&query=%22PING+PONG+CLUB+MAZERIEN%22+tennis+de+table+France,43.243544,1.677423
Ping Pong Club VARENNOIS,France,https://www.google.com/maps/search/?api=1&query=%22Ping+Pong+Club+VARENNOIS%22+tennis+de+table+France,46.314133,3.399622
PING PONG DE VENELLES,France,https://www.google.com/maps/search/?api=1&query=%22PING+PONG+DE+VENELLES%22+tennis+de+table+France,43.594709,5.494375
PING PONG JOUQUARD,France,https://www.google.com/maps/search/?api=1&query=%22PING+PONG+JOUQUARD%22+tennis+de+table+France,49.020694,7.493735
PING PONG MEZOSSAIS,France,https://www.google.com/maps/search/?api=1&query=%22PING+PONG+MEZOSSAIS%22+tennis+de+table+France,44.071521,-1.153739
PING PONG OLLIOULAIS,France,https://www.google.com/maps/search/?api=1&query=%22PING+PONG+OLLIOULAIS%22+tennis+de+table+France,43.139181,5.843713
PING SAINT MICHEL SUR ORGE,France,https://www.google.com/maps/search/?api=1&query=%22PING+SAINT+MICHEL+SUR+ORGE%22+tennis+de+table+France,48.634545,2.300429
Ping Salviacois -Tennis de table,France,https://www.google.com/maps/search/?api=1&query=%22Ping+Salviacois+-Tennis+de+table%22+tennis+de+table+France,44.679539,1.267671
Ping Sarroux St Julien,France,https://www.google.com/maps/search/?api=1&query=%22Ping+Sarroux+St+Julien%22+tennis+de+table+France,,
PING SASSAY LOISIRS,France,https://www.google.com/maps/search/?api=1&query=%22PING+SASSAY+LOISIRS%22+tennis+de+table+France,47.392500,1.440214
PING ST JEAN 45,France,https://www.google.com/maps/search/?api=1&query=%22PING+ST+JEAN+45%22+tennis+de+table+France,47.920322,1.884740
PING ST PAULAIS PAYS DE COCAGNE ,France,https://www.google.com/maps/search/?api=1&query=%22PING+ST+PAULAIS+PAYS+DE+COCAGNE+%22+tennis+de+table+France,43.645386,1.977603
PING VAL D'USIERS,France,https://www.google.com/maps/search/?api=1&query=%22PING+VAL+D%27USIERS%22+tennis+de+table+France,46.971158,6.276469
PING VALLON,France,https://www.google.com/maps/search/?api=1&query=%22PING+VALLON%22+tennis+de+table+France,44.471991,2.466516
Ping Vallon Pont d'Arc,France,https://www.google.com/maps/search/?api=1&query=%22Ping+Vallon+Pont+d%27Arc%22+tennis+de+table+France,44.408212,4.398207
PING VENDINOIS,France,https://www.google.com/maps/search/?api=1&query=%22PING+VENDINOIS%22+tennis+de+table+France,50.451929,2.845491
PING-NEMOURS,France,https://www.google.com/maps/search/?api=1&query=%22PING-NEMOURS%22+tennis+de+table+France,48.272588,2.705774
PINON-ANIZY TT,France,https://www.google.com/maps/search/?api=1&query=%22PINON-ANIZY+TT%22+tennis+de+table+France,49.504744,3.443382
PINS-JUSTARET VILLATE TT,France,https://www.google.com/maps/search/?api=1&query=%22PINS-JUSTARET+VILLATE+TT%22+tennis+de+table+France,43.478958,1.383004
PIRATES LAURAGAIS,France,https://www.google.com/maps/search/?api=1&query=%22PIRATES+LAURAGAIS%22+tennis+de+table+France,43.451855,1.616092
PL BEAUJARDIN RASPAIL PAUL BERT,France,https://www.google.com/maps/search/?api=1&query=%22PL+BEAUJARDIN+RASPAIL+PAUL+BERT%22+tennis+de+table+France,47.377031,0.702049
PL SANQUER BREST,France,https://www.google.com/maps/search/?api=1&query=%22PL+SANQUER+BREST%22+tennis+de+table+France,48.393042,-4.474433
PL VILLETTE PAUL BERT,France,https://www.google.com/maps/search/?api=1&query=%22PL+VILLETTE+PAUL+BERT%22+tennis+de+table+France,45.747082,4.872196
PLAISIROIS CP,France,https://www.google.com/maps/search/?api=1&query=%22PLAISIROIS+CP%22+tennis+de+table+France,48.819964,1.942495
PLATEAU HAVRAIS TT,France,https://www.google.com/maps/search/?api=1&query=%22PLATEAU+HAVRAIS+TT%22+tennis+de+table+France,49.525590,0.113443
PLESSIER ROZAINVILLERS SC,France,https://www.google.com/maps/search/?api=1&query=%22PLESSIER+ROZAINVILLERS+SC%22+tennis+de+table+France,49.748377,2.551419
PLESSIS GRAMMOIRE (LE)-ASC,France,https://www.google.com/maps/search/?api=1&query=%22PLESSIS+GRAMMOIRE+%28LE%29-ASC%22+tennis+de+table+France,47.497816,-0.429653
PLESSIS ROBINSON TT,France,https://www.google.com/maps/search/?api=1&query=%22PLESSIS+ROBINSON+TT%22+tennis+de+table+France,48.776743,2.263392
PLESSIS-TREVISE TENNIS DE TABLE,France,https://www.google.com/maps/search/?api=1&query=%22PLESSIS-TREVISE+TENNIS+DE+TABLE%22+tennis+de+table+France,48.803496,2.574033
PLOEMEUR 56 TT,France,https://www.google.com/maps/search/?api=1&query=%22PLOEMEUR+56+TT%22+tennis+de+table+France,47.733393,-3.442310
PLOGONNEC SPORT TENNIS DE TABLE,France,https://www.google.com/maps/search/?api=1&query=%22PLOGONNEC+SPORT+TENNIS+DE+TABLE%22+tennis+de+table+France,48.075559,-4.191824
PLOMEUR TT,France,https://www.google.com/maps/search/?api=1&query=%22PLOMEUR+TT%22+tennis+de+table+France,47.812251,-4.281954
PLONEOUR-LANVERN TT,France,https://www.google.com/maps/search/?api=1&query=%22PLONEOUR-LANVERN+TT%22+tennis+de+table+France,47.904004,-4.282331
PLOUBAZLANEC Tennis de Table,France,https://www.google.com/maps/search/?api=1&query=%22PLOUBAZLANEC+Tennis+de+Table%22+tennis+de+table+France,48.802849,-3.039104
PLOUDALMEZEAU TENNIS DE TABLE,France,https://www.google.com/maps/search/?api=1&query=%22PLOUDALMEZEAU+TENNIS+DE+TABLE%22+tennis+de+table+France,48.544764,-4.657324
PLOUESCAT Tennis de Table Club,France,https://www.google.com/maps/search/?api=1&query=%22PLOUESCAT+Tennis+de+Table+Club%22+tennis+de+table+France,48.656492,-4.174161
PLOURAY TENNIS DE TABLE,France,https://www.google.com/maps/search/?api=1&query=%22PLOURAY+TENNIS+DE+TABLE%22+tennis+de+table+France,48.142237,-3.390262
PODENSAC ASC,France,https://www.google.com/maps/search/?api=1&query=%22PODENSAC+ASC%22+tennis+de+table+France,44.651939,-0.360560
POINTIS RIVIERE STT,France,https://www.google.com/maps/search/?api=1&query=%22POINTIS+RIVIERE+STT%22+tennis+de+table+France,43.090558,0.626483
POIRE SUR VIE AL,France,https://www.google.com/maps/search/?api=1&query=%22POIRE+SUR+VIE+AL%22+tennis+de+table+France,46.769215,-1.511694
POISSY USC,France,https://www.google.com/maps/search/?api=1&query=%22POISSY+USC%22+tennis+de+table+France,48.918503,2.031290
Poitiers Stade Poitevin TT,France,https://www.google.com/maps/search/?api=1&query=%22Poitiers+Stade+Poitevin+TT%22+tennis+de+table+France,46.593752,0.352872
Poitiers TTACC 86,France,https://www.google.com/maps/search/?api=1&query=%22Poitiers+TTACC+86%22+tennis+de+table+France,46.563436,0.386005
POIX DE PICARDIE USTT,France,https://www.google.com/maps/search/?api=1&query=%22POIX+DE+PICARDIE+USTT%22+tennis+de+table+France,49.778819,1.984618
POIX DU NORD ASTT,France,https://www.google.com/maps/search/?api=1&query=%22POIX+DU+NORD+ASTT%22+tennis+de+table+France,50.189673,3.607454
POIX TERRON CTT,France,https://www.google.com/maps/search/?api=1&query=%22POIX+TERRON+CTT%22+tennis+de+table+France,49.647743,4.635133
Poland,Allemagne,https://www.google.com/maps/search/?api=1&query=%22Poland%22+Tischtennis+Deutschland,52.069300,19.480300
POMEROLS FRTT 34,France,https://www.google.com/maps/search/?api=1&query=%22POMEROLS+FRTT+34%22+tennis+de+table+France,43.392301,3.499198
POMJEANNAIS Tennis de Table,France,https://www.google.com/maps/search/?api=1&query=%22POMJEANNAIS+Tennis+de+Table%22+tennis+de+table+France,47.363305,-0.857954
POMMERIEUX Eclair Sports,France,https://www.google.com/maps/search/?api=1&query=%22POMMERIEUX+Eclair+Sports%22+tennis+de+table+France,47.845024,-0.894082
Pompaire Menigoute,France,https://www.google.com/maps/search/?api=1&query=%22Pompaire+Menigoute%22+tennis+de+table+France,46.606207,-0.233740
Pongiste Club BELLEMOIS,France,https://www.google.com/maps/search/?api=1&query=%22Pongiste+Club+BELLEMOIS%22+tennis+de+table+France,48.369862,0.566130
PONGISTE CLUB DOUJANI (P.C.D),France,https://www.google.com/maps/search/?api=1&query=%22PONGISTE+CLUB+DOUJANI+%28P.C.D%29%22+tennis+de+table+France,12.793293,-45.210855
PONGISTES ARTIGUAIS,France,https://www.google.com/maps/search/?api=1&query=%22PONGISTES+ARTIGUAIS%22+tennis+de+table+France,44.867228,-0.497331
PONGISTES DE COMBRAY,France,https://www.google.com/maps/search/?api=1&query=%22PONGISTES+DE+COMBRAY%22+tennis+de+table+France,48.302938,1.250133
PONGISTES DE VILLENOY,France,https://www.google.com/maps/search/?api=1&query=%22PONGISTES+DE+VILLENOY%22+tennis+de+table+France,48.944570,2.863420
PONGISTES GEROMOIS,France,https://www.google.com/maps/search/?api=1&query=%22PONGISTES+GEROMOIS%22+tennis+de+table+France,48.075451,6.874785
PONGISTES LILOTS,France,https://www.google.com/maps/search/?api=1&query=%22PONGISTES+LILOTS%22+tennis+de+table+France,45.621431,5.211394
PONT A MOUSSON A.S.T.T.,France,https://www.google.com/maps/search/?api=1&query=%22PONT+A+MOUSSON+A.S.T.T.%22+tennis+de+table+France,48.916783,6.058990
PONT A VENDIN ALTT,France,https://www.google.com/maps/search/?api=1&query=%22PONT+A+VENDIN+ALTT%22+tennis+de+table+France,50.473504,2.894083
PONT DE BRIQUES TT,France,https://www.google.com/maps/search/?api=1&query=%22PONT+DE+BRIQUES+TT%22+tennis+de+table+France,50.673632,1.629057
PONT L EVEQUE US,France,https://www.google.com/maps/search/?api=1&query=%22PONT+L+EVEQUE+US%22+tennis+de+table+France,49.284707,0.178860
PONT ST MARTIN U.S.,France,https://www.google.com/maps/search/?api=1&query=%22PONT+ST+MARTIN+U.S.%22+tennis+de+table+France,47.126301,-1.580411
PONT-SCORFF GESTEL TT,France,https://www.google.com/maps/search/?api=1&query=%22PONT-SCORFF+GESTEL+TT%22+tennis+de+table+France,47.803403,-3.439407
PONTCHARRA - ST FORGEUX TT,France,https://www.google.com/maps/search/?api=1&query=%22PONTCHARRA+-+ST+FORGEUX+TT%22+tennis+de+table+France,45.833539,4.467588
PONTIVY-ST THURIAU-MALGUENAC TT,France,https://www.google.com/maps/search/?api=1&query=%22PONTIVY-ST+THURIAU-MALGUENAC+TT%22+tennis+de+table+France,48.066136,-2.976285
PONTOISE CERGY A.S.,France,https://www.google.com/maps/search/?api=1&query=%22PONTOISE+CERGY+A.S.%22+tennis+de+table+France,49.045663,2.084235
PONTORSON TT AL,France,https://www.google.com/maps/search/?api=1&query=%22PONTORSON+TT+AL%22+tennis+de+table+France,48.564707,-1.470155
PONTS DE CE (LES) - AAEEC,France,https://www.google.com/maps/search/?api=1&query=%22PONTS+DE+CE+%28LES%29+-+AAEEC%22+tennis+de+table+France,47.431457,-0.526870
PONVEL TENNIS DE TABLE,France,https://www.google.com/maps/search/?api=1&query=%22PONVEL+TENNIS+DE+TABLE%22+tennis+de+table+France,48.299237,-3.592277
PORCHEVILLE AS,France,https://www.google.com/maps/search/?api=1&query=%22PORCHEVILLE+AS%22+tennis+de+table+France,48.975388,1.782241
PORT BRILLET,France,https://www.google.com/maps/search/?api=1&query=%22PORT+BRILLET%22+tennis+de+table+France,48.113495,-0.968597
PORT EN BESSIN C,France,https://www.google.com/maps/search/?api=1&query=%22PORT+EN+BESSIN+C%22+tennis+de+table+France,49.343920,-0.760335
Portland Paddlers,USA,https://www.google.com/maps/search/?api=1&query=%22Portland+Paddlers%22+table+tennis+USA,45.498041,-122.647672
PORTUENSE,Espagne,https://www.google.com/maps/search/?api=1&query=%22PORTUENSE%22+tenis+de+mesa+Espa%C3%B1a,40.379585,-3.706437
Post SV Gütersloh,Allemagne,https://www.google.com/maps/search/?api=1&query=%22Post+SV+G%C3%BCtersloh%22+Tischtennis+Deutschland,51.907184,8.330585
Post SV Mühlhausen 1951 e.V.,Allemagne,https://www.google.com/maps/search/?api=1&query=%22Post+SV+M%C3%BChlhausen+1951+e.V.%22+Tischtennis+Deutschland,48.503224,8.462938
Post SV Zeulenroda,Allemagne,https://www.google.com/maps/search/?api=1&query=%22Post+SV+Zeulenroda%22+Tischtennis+Deutschland,50.648744,11.979507
POUEZE-LOUROUX - UP,France,https://www.google.com/maps/search/?api=1&query=%22POUEZE-LOUROUX+-+UP%22+tennis+de+table+France,47.518093,-0.881329
POULIGUEN (LE),France,https://www.google.com/maps/search/?api=1&query=%22POULIGUEN+%28LE%29%22+tennis+de+table+France,47.266361,-2.435397
POUTOU BEBEROU T.T,France,https://www.google.com/maps/search/?api=1&query=%22POUTOU+BEBEROU+T.T%22+tennis+de+table+France,-12.781964,45.221912
POUZAUGES A.C.T.T.,France,https://www.google.com/maps/search/?api=1&query=%22POUZAUGES+A.C.T.T.%22+tennis+de+table+France,46.775764,-0.844881
PP CLUB L'ISLOIS,France,https://www.google.com/maps/search/?api=1&query=%22PP+CLUB+L%27ISLOIS%22+tennis+de+table+France,47.450518,6.578148
PP.ST-GEORGES/CHER,France,https://www.google.com/maps/search/?api=1&query=%22PP.ST-GEORGES%2FCHER%22+tennis+de+table+France,47.325201,1.119146
PPC APPAMEEN,France,https://www.google.com/maps/search/?api=1&query=%22PPC+APPAMEEN%22+tennis+de+table+France,43.114918,1.610417
PPC AVALLONNAIS,France,https://www.google.com/maps/search/?api=1&query=%22PPC+AVALLONNAIS%22+tennis+de+table+France,47.486496,3.898646
PPC BASTIA,France,https://www.google.com/maps/search/?api=1&query=%22PPC+BASTIA%22+tennis+de+table+France,42.673911,9.441628
PPC BAVANS,France,https://www.google.com/maps/search/?api=1&query=%22PPC+BAVANS%22+tennis+de+table+France,47.479491,6.732761
PPC CAUSSADAIS,France,https://www.google.com/maps/search/?api=1&query=%22PPC+CAUSSADAIS%22+tennis+de+table+France,44.166112,1.551813
PPC CLEDEROIS,France,https://www.google.com/maps/search/?api=1&query=%22PPC+CLEDEROIS%22+tennis+de+table+France,48.662283,-4.100431
PPC DE MALAUSE,France,https://www.google.com/maps/search/?api=1&query=%22PPC+DE+MALAUSE%22+tennis+de+table+France,44.095524,0.969078
PPC FESCHES LE CHATEL,France,https://www.google.com/maps/search/?api=1&query=%22PPC+FESCHES+LE+CHATEL%22+tennis+de+table+France,47.522481,6.912569
PPC FUXEEN,France,https://www.google.com/maps/search/?api=1&query=%22PPC+FUXEEN%22+tennis+de+table+France,42.951276,1.615089
PPC KERHUONNAIS,France,https://www.google.com/maps/search/?api=1&query=%22PPC+KERHUONNAIS%22+tennis+de+table+France,48.400470,-4.396212
PPC L'ISLE SUR LA SORGUE,France,https://www.google.com/maps/search/?api=1&query=%22PPC+L%27ISLE+SUR+LA+SORGUE%22+tennis+de+table+France,43.932563,5.056626
PPC LIOUJACOIS,France,https://www.google.com/maps/search/?api=1&query=%22PPC+LIOUJACOIS%22+tennis+de+table+France,44.407919,2.641196
PPC PERNOIS,France,https://www.google.com/maps/search/?api=1&query=%22PPC+PERNOIS%22+tennis+de+table+France,43.999195,5.067897
PPC PLOZEVET,France,https://www.google.com/maps/search/?api=1&query=%22PPC+PLOZEVET%22+tennis+de+table+France,47.990343,-4.430124
PPC SORGUAIS,France,https://www.google.com/maps/search/?api=1&query=%22PPC+SORGUAIS%22+tennis+de+table+France,43.995984,4.879954
PPC ST LAURENT EN CAUX,France,https://www.google.com/maps/search/?api=1&query=%22PPC+ST+LAURENT+EN+CAUX%22+tennis+de+table+France,49.674718,1.707855
PPC VILLEFRANCHOIS,France,https://www.google.com/maps/search/?api=1&query=%22PPC+VILLEFRANCHOIS%22+tennis+de+table+France,44.358979,2.034835
PPC VILLENEUVE,France,https://www.google.com/maps/search/?api=1&query=%22PPC+VILLENEUVE%22+tennis+de+table+France,44.394195,0.709321
PRADES CONFLENT CANIGÓ TT,France,https://www.google.com/maps/search/?api=1&query=%22PRADES+CONFLENT+CANIG%C3%93+TT%22+tennis+de+table+France,42.619431,2.418653
PRADES ST GELY TT,France,https://www.google.com/maps/search/?api=1&query=%22PRADES+ST+GELY+TT%22+tennis+de+table+France,43.699752,3.809771
PRE EN PAIL Intrepide,France,https://www.google.com/maps/search/?api=1&query=%22PRE+EN+PAIL+Intrepide%22+tennis+de+table+France,48.460843,-0.201643
PREIGNAN AUBIET CASTELNAU TT,France,https://www.google.com/maps/search/?api=1&query=%22PREIGNAN+AUBIET+CASTELNAU+TT%22+tennis+de+table+France,43.595535,0.722948
PRESLES Tennis de Table,France,https://www.google.com/maps/search/?api=1&query=%22PRESLES+Tennis+de+Table%22+tennis+de+table+France,49.115082,2.284465
PRESQU ILE T.T.,France,https://www.google.com/maps/search/?api=1&query=%22PRESQU+ILE+T.T.%22+tennis+de+table+France,47.327544,-2.419531
PRESQU ILE TT QUIBERON,France,https://www.google.com/maps/search/?api=1&query=%22PRESQU+ILE+TT+QUIBERON%22+tennis+de+table+France,47.479267,-3.111541
PRESQU'ILE de CROZON TT,France,https://www.google.com/maps/search/?api=1&query=%22PRESQU%27ILE+de+CROZON+TT%22+tennis+de+table+France,48.247021,-4.506360
PREURES-LONGFOSSE TT,France,https://www.google.com/maps/search/?api=1&query=%22PREURES-LONGFOSSE+TT%22+tennis+de+table+France,50.587712,1.876755
PRIEGO MUJER Y PROGRESO TM,Espagne,https://www.google.com/maps/search/?api=1&query=%22PRIEGO+MUJER+Y+PROGRESO+TM%22+tenis+de+mesa+Espa%C3%B1a,38.097501,-1.799221
Princeton Revolution,USA,https://www.google.com/maps/search/?api=1&query=%22Princeton+Revolution%22+table+tennis+USA,34.421649,-118.596318
PROVILLE ASL,France,https://www.google.com/maps/search/?api=1&query=%22PROVILLE+ASL%22+tennis+de+table+France,47.271968,4.483948
PROYART ASTT,France,https://www.google.com/maps/search/?api=1&query=%22PROYART+ASTT%22+tennis+de+table+France,49.886700,2.706944
PSA AIXE-SUR-VIENNE  (87),France,https://www.google.com/maps/search/?api=1&query=%22PSA+AIXE-SUR-VIENNE++%2887%29%22+tennis+de+table+France,45.797874,1.136512
PSV Oberhausen,Allemagne,https://www.google.com/maps/search/?api=1&query=%22PSV+Oberhausen%22+Tischtennis+Deutschland,51.287359,13.128006
PUBLIMAX C.D. SANTIAGO T.M.,Espagne,https://www.google.com/maps/search/?api=1&query=%22PUBLIMAX+C.D.+SANTIAGO+T.M.%22+tenis+de+mesa+Espa%C3%B1a,40.379585,-3.706437
PUISEAUX AS,France,https://www.google.com/maps/search/?api=1&query=%22PUISEAUX+AS%22+tennis+de+table+France,48.207650,2.468529
PUTANGES US,France,https://www.google.com/maps/search/?api=1&query=%22PUTANGES+US%22+tennis+de+table+France,48.762863,-0.248057
PUTEAUX TT CSM,France,https://www.google.com/maps/search/?api=1&query=%22PUTEAUX+TT+CSM%22+tennis+de+table+France,48.886310,2.240982
Puymoyen Tennis de Table,France,https://www.google.com/maps/search/?api=1&query=%22Puymoyen+Tennis+de+Table%22+tennis+de+table+France,45.615887,0.180120
PUZEAUX AAE,France,https://www.google.com/maps/search/?api=1&query=%22PUZEAUX+AAE%22+tennis+de+table+France,49.797195,2.821914
Périgny Ping,France,https://www.google.com/maps/search/?api=1&query=%22P%C3%A9rigny+Ping%22+tennis+de+table+France,46.155031,-1.081702
QUERQUEVILLAISE ASTT,France,https://www.google.com/maps/search/?api=1&query=%22QUERQUEVILLAISE+ASTT%22+tennis+de+table+France,49.657124,-1.700247
QUESNOY SUR DEULE TT,France,https://www.google.com/maps/search/?api=1&query=%22QUESNOY+SUR+DEULE+TT%22+tennis+de+table+France,50.720803,3.004818
QUIERY LA MOTTE CTT,France,https://www.google.com/maps/search/?api=1&query=%22QUIERY+LA+MOTTE+CTT%22+tennis+de+table+France,50.366065,2.979561
QUIESTEDE TT,France,https://www.google.com/maps/search/?api=1&query=%22QUIESTEDE+TT%22+tennis+de+table+France,50.679552,2.330863
QUIEVRECHAIN ASQTT,France,https://www.google.com/maps/search/?api=1&query=%22QUIEVRECHAIN+ASQTT%22+tennis+de+table+France,50.393132,3.667422
QUIMPER CORNOUAILLE TT,France,https://www.google.com/maps/search/?api=1&query=%22QUIMPER+CORNOUAILLE+TT%22+tennis+de+table+France,47.988196,-4.091386
QUINT FONSEGRIVES TENNIS DE TABL,France,https://www.google.com/maps/search/?api=1&query=%22QUINT+FONSEGRIVES+TENNIS+DE+TABL%22+tennis+de+table+France,43.575546,1.554468
QUISSAC T.T.,France,https://www.google.com/maps/search/?api=1&query=%22QUISSAC+T.T.%22+tennis+de+table+France,43.913215,3.998608
R LINDOISE,France,https://www.google.com/maps/search/?api=1&query=%22R+LINDOISE%22+tennis+de+table+France,44.839684,0.760698
R. PONCHAPTOISE EN PAYS FOYEN,France,https://www.google.com/maps/search/?api=1&query=%22R.+PONCHAPTOISE+EN+PAYS+FOYEN%22+tennis+de+table+France,44.889666,0.203326
R.C. BALLAN,France,https://www.google.com/maps/search/?api=1&query=%22R.C.+BALLAN%22+tennis+de+table+France,47.346167,0.614403
R.S. ST CYR-SUR-LOIRE,France,https://www.google.com/maps/search/?api=1&query=%22R.S.+ST+CYR-SUR-LOIRE%22+tennis+de+table+France,47.419352,0.653494
R.S.C. CHAMPIGNY,France,https://www.google.com/maps/search/?api=1&query=%22R.S.C.+CHAMPIGNY%22+tennis+de+table+France,48.812874,2.491000
RACING CLUB PORT DU HAVRE,France,https://www.google.com/maps/search/?api=1&query=%22RACING+CLUB+PORT+DU+HAVRE%22+tennis+de+table+France,49.502010,0.168966
RACING CLUB TT TALMONDAIS - RC3T,France,https://www.google.com/maps/search/?api=1&query=%22RACING+CLUB+TT+TALMONDAIS+-+RC3T%22+tennis+de+table+France,46.465321,-1.631707
RADINGHEM EN WEPPES AS,France,https://www.google.com/maps/search/?api=1&query=%22RADINGHEM+EN+WEPPES+AS%22+tennis+de+table+France,50.621527,2.900892
RAILLENCOURT STE OLLE TTC,France,https://www.google.com/maps/search/?api=1&query=%22RAILLENCOURT+STE+OLLE+TTC%22+tennis+de+table+France,50.182222,3.199639
RAIMBEAUCOURT PPC,France,https://www.google.com/maps/search/?api=1&query=%22RAIMBEAUCOURT+PPC%22+tennis+de+table+France,50.443266,3.097701
RAMBOUILLET TT,France,https://www.google.com/maps/search/?api=1&query=%22RAMBOUILLET+TT%22+tennis+de+table+France,48.647871,1.825723
RAQ ESQUIBIENNOISE,France,https://www.google.com/maps/search/?api=1&query=%22RAQ+ESQUIBIENNOISE%22+tennis+de+table+France,48.017568,-4.530625
RAQUETTE ARDOISIERE,France,https://www.google.com/maps/search/?api=1&query=%22RAQUETTE+ARDOISIERE%22+tennis+de+table+France,45.253971,1.467516
RAQUETTE BRECEENNE,France,https://www.google.com/maps/search/?api=1&query=%22RAQUETTE+BRECEENNE%22+tennis+de+table+France,48.106895,-1.485075
RAQUETTE CLAIRACAISE,France,https://www.google.com/maps/search/?api=1&query=%22RAQUETTE+CLAIRACAISE%22+tennis+de+table+France,44.362595,0.388928
RAQUETTE CRIELLOISE,France,https://www.google.com/maps/search/?api=1&query=%22RAQUETTE+CRIELLOISE%22+tennis+de+table+France,50.019586,1.318508
RAQUETTE D OR A.T.T.,France,https://www.google.com/maps/search/?api=1&query=%22RAQUETTE+D+OR+A.T.T.%22+tennis+de+table+France,48.127876,-1.821766
Raquette d'Oust de PEILLAC,France,https://www.google.com/maps/search/?api=1&query=%22Raquette+d%27Oust+de+PEILLAC%22+tennis+de+table+France,47.725359,-2.278505
RAQUETTE DU PORZAY,France,https://www.google.com/maps/search/?api=1&query=%22RAQUETTE+DU+PORZAY%22+tennis+de+table+France,48.125798,-4.248958
Raquette Golbéenne,France,https://www.google.com/maps/search/?api=1&query=%22Raquette+Golb%C3%A9enne%22+tennis+de+table+France,48.204485,6.422136
RAQUETTE GUJANAISE,France,https://www.google.com/maps/search/?api=1&query=%22RAQUETTE+GUJANAISE%22+tennis+de+table+France,44.638927,-1.112140
RAQUETTE MARMANDAISE,France,https://www.google.com/maps/search/?api=1&query=%22RAQUETTE+MARMANDAISE%22+tennis+de+table+France,44.496321,0.175791
RAQUETTE NEUFCHATELOISE,France,https://www.google.com/maps/search/?api=1&query=%22RAQUETTE+NEUFCHATELOISE%22+tennis+de+table+France,49.733726,1.438755
RAQUETTE PLOM-TREM-PLUG,France,https://www.google.com/maps/search/?api=1&query=%22RAQUETTE+PLOM-TREM-PLUG%22+tennis+de+table+France,47.932766,-4.147905
RAQUETTE SEISSANNAISE,France,https://www.google.com/maps/search/?api=1&query=%22RAQUETTE+SEISSANNAISE%22+tennis+de+table+France,43.493506,0.594064
RAQUETTE SPORTIVE ENVERMEU,France,https://www.google.com/maps/search/?api=1&query=%22RAQUETTE+SPORTIVE+ENVERMEU%22+tennis+de+table+France,49.893162,1.269995
RAS ROMILLY AS,France,https://www.google.com/maps/search/?api=1&query=%22RAS+ROMILLY+AS%22+tennis+de+table+France,49.333965,1.256340
RC BRIEC DE L ODET,France,https://www.google.com/maps/search/?api=1&query=%22RC+BRIEC+DE+L+ODET%22+tennis+de+table+France,48.099667,-3.997263
RC CAUDEBEC,France,https://www.google.com/maps/search/?api=1&query=%22RC+CAUDEBEC%22+tennis+de+table+France,49.277492,1.024766
Real Cerveirense 1321 - AD,Portugal,https://www.google.com/maps/search/?api=1&query=%22Real+Cerveirense+1321+-+AD%22+t%C3%A9nis+de+mesa+Portugal,41.280178,-7.710108
REAL CLUB PRIEGO TM,Espagne,https://www.google.com/maps/search/?api=1&query=%22REAL+CLUB+PRIEGO+TM%22+tenis+de+mesa+Espa%C3%B1a,37.436931,-4.222775
REAL CTM LINARES,Espagne,https://www.google.com/maps/search/?api=1&query=%22REAL+CTM+LINARES%22+tenis+de+mesa+Espa%C3%B1a,38.087695,-3.640179
REIMS AMICALE JAMIN,France,https://www.google.com/maps/search/?api=1&query=%22REIMS+AMICALE+JAMIN%22+tennis+de+table+France,49.290867,4.119392
REIMS ASPTT,France,https://www.google.com/maps/search/?api=1&query=%22REIMS+ASPTT%22+tennis+de+table+France,49.256554,4.051961
REIMS OLYMPIQUE TT,France,https://www.google.com/maps/search/?api=1&query=%22REIMS+OLYMPIQUE+TT%22+tennis+de+table+France,49.237647,4.004050
REMILLY Tennis de Table,France,https://www.google.com/maps/search/?api=1&query=%22REMILLY+Tennis+de+Table%22+tennis+de+table+France,49.006660,6.394804
RENAZEEN Tennis de Table,France,https://www.google.com/maps/search/?api=1&query=%22RENAZEEN+Tennis+de+Table%22+tennis+de+table+France,47.789036,-1.058519
RENNES AVENIR,France,https://www.google.com/maps/search/?api=1&query=%22RENNES+AVENIR%22+tennis+de+table+France,48.120147,-1.717506
RENNES CERCLE PAUL BERT,France,https://www.google.com/maps/search/?api=1&query=%22RENNES+CERCLE+PAUL+BERT%22+tennis+de+table+France,48.097910,-1.650280
RENNES TOUR D AUVERGNE,France,https://www.google.com/maps/search/?api=1&query=%22RENNES+TOUR+D+AUVERGNE%22+tennis+de+table+France,48.103843,-1.683596
RETHELOIS PPC,France,https://www.google.com/maps/search/?api=1&query=%22RETHELOIS+PPC%22+tennis+de+table+France,49.514510,4.365801
RETOURNAC TT,France,https://www.google.com/maps/search/?api=1&query=%22RETOURNAC+TT%22+tennis+de+table+France,45.205974,4.035115
REVEIL CHAMBONNAIRE,France,https://www.google.com/maps/search/?api=1&query=%22REVEIL+CHAMBONNAIRE%22+tennis+de+table+France,45.399408,4.333982
Reveil Pongiste Vasseen,France,https://www.google.com/maps/search/?api=1&query=%22Reveil+Pongiste+Vasseen%22+tennis+de+table+France,48.851558,-0.676830
REVIN - HAYBOISE TT,France,https://www.google.com/maps/search/?api=1&query=%22REVIN+-+HAYBOISE+TT%22+tennis+de+table+France,49.949710,4.646939
REZE AEPR,France,https://www.google.com/maps/search/?api=1&query=%22REZE+AEPR%22+tennis+de+table+France,47.178519,-1.570126
REZE TENNIS DE TABLE,France,https://www.google.com/maps/search/?api=1&query=%22REZE+TENNIS+DE+TABLE%22+tennis+de+table+France,47.190803,-1.553193
RF HEUQUEVILLE,France,https://www.google.com/maps/search/?api=1&query=%22RF+HEUQUEVILLE%22+tennis+de+table+France,49.610844,0.142024
RHODIA CLUB,France,https://www.google.com/maps/search/?api=1&query=%22RHODIA+CLUB%22+tennis+de+table+France,45.351377,4.804037
RHONE SPORTIF,France,https://www.google.com/maps/search/?api=1&query=%22RHONE+SPORTIF%22+tennis+de+table+France,45.747836,4.828365
RIBECOURT US,France,https://www.google.com/maps/search/?api=1&query=%22RIBECOURT+US%22+tennis+de+table+France,49.506196,2.924670
RIBEMONT/ANCRE TT,France,https://www.google.com/maps/search/?api=1&query=%22RIBEMONT%2FANCRE+TT%22+tennis+de+table+France,49.958508,2.566007
RIEUMES MAUZAC SLTT,France,https://www.google.com/maps/search/?api=1&query=%22RIEUMES+MAUZAC+SLTT%22+tennis+de+table+France,43.410304,1.114104
RILLIEUX AUVR,France,https://www.google.com/maps/search/?api=1&query=%22RILLIEUX+AUVR%22+tennis+de+table+France,45.825022,4.897254
RINXENT-HYDREQUENT  TT,France,https://www.google.com/maps/search/?api=1&query=%22RINXENT-HYDREQUENT++TT%22+tennis+de+table+France,50.806284,1.747803
RIS ORANGIS US,France,https://www.google.com/maps/search/?api=1&query=%22RIS+ORANGIS+US%22+tennis+de+table+France,48.639401,2.410689
RIVESALTES CTT,France,https://www.google.com/maps/search/?api=1&query=%22RIVESALTES+CTT%22+tennis+de+table+France,42.767833,2.881498
RIXHEIM PPA,France,https://www.google.com/maps/search/?api=1&query=%22RIXHEIM+PPA%22+tennis+de+table+France,47.761898,7.394756
ROANNE MABLY TENNIS DE TABLE,France,https://www.google.com/maps/search/?api=1&query=%22ROANNE+MABLY+TENNIS+DE+TABLE%22+tennis+de+table+France,46.065109,4.074677
Rochefort CRTT,France,https://www.google.com/maps/search/?api=1&query=%22Rochefort+CRTT%22+tennis+de+table+France,45.940164,-0.976195
ROCHEFORT-BEAULIEU T.T.,France,https://www.google.com/maps/search/?api=1&query=%22ROCHEFORT-BEAULIEU+T.T.%22+tennis+de+table+France,47.314109,-0.610032
ROGNAC UTT,France,https://www.google.com/maps/search/?api=1&query=%22ROGNAC+UTT%22+tennis+de+table+France,43.483604,5.233105
ROHRBACH-LES-BITCHE TT,France,https://www.google.com/maps/search/?api=1&query=%22ROHRBACH-LES-BITCHE+TT%22+tennis+de+table+France,49.040630,7.272200
ROMAGNE (LA) - S.S.,France,https://www.google.com/maps/search/?api=1&query=%22ROMAGNE+%28LA%29+-+S.S.%22+tennis+de+table+France,47.063974,-1.026632
ROMAINVILLOIS TT,France,https://www.google.com/maps/search/?api=1&query=%22ROMAINVILLOIS+TT%22+tennis+de+table+France,48.879541,2.443846
ROMILLY SPORTS 10,France,https://www.google.com/maps/search/?api=1&query=%22ROMILLY+SPORTS+10%22+tennis+de+table+France,48.511287,3.724467
ROMILLY-VILLENAUXE CAP,France,https://www.google.com/maps/search/?api=1&query=%22ROMILLY-VILLENAUXE+CAP%22+tennis+de+table+France,48.582613,3.551228
RONCHIN EP,France,https://www.google.com/maps/search/?api=1&query=%22RONCHIN+EP%22+tennis+de+table+France,50.613088,3.081594
RONCQ ULJAP,France,https://www.google.com/maps/search/?api=1&query=%22RONCQ+ULJAP%22+tennis+de+table+France,50.750412,3.120482
ROOST-WARENDIN-DMF AS,France,https://www.google.com/maps/search/?api=1&query=%22ROOST-WARENDIN-DMF+AS%22+tennis+de+table+France,50.402673,3.105325
Rorthais AP,France,https://www.google.com/maps/search/?api=1&query=%22Rorthais+AP%22+tennis+de+table+France,,
ROSENAU TT,France,https://www.google.com/maps/search/?api=1&query=%22ROSENAU+TT%22+tennis+de+table+France,47.633660,7.534465
ROSHEIM CA,France,https://www.google.com/maps/search/?api=1&query=%22ROSHEIM+CA%22+tennis+de+table+France,48.499845,7.476447
ROSNY JA,France,https://www.google.com/maps/search/?api=1&query=%22ROSNY+JA%22+tennis+de+table+France,48.863328,2.491674
ROSNY S/BOIS MARNAUDES TT,France,https://www.google.com/maps/search/?api=1&query=%22ROSNY+S%2FBOIS+MARNAUDES+TT%22+tennis+de+table+France,48.863328,2.491674
ROUBAIX AP,France,https://www.google.com/maps/search/?api=1&query=%22ROUBAIX+AP%22+tennis+de+table+France,50.686264,3.177717
ROUGEMONTIER SPORTS LOISIRS,France,https://www.google.com/maps/search/?api=1&query=%22ROUGEMONTIER+SPORTS+LOISIRS%22+tennis+de+table+France,49.358570,0.718530
ROUHLING CTT,France,https://www.google.com/maps/search/?api=1&query=%22ROUHLING+CTT%22+tennis+de+table+France,49.137918,7.010881
ROUSSY LE VILLAGE TT,France,https://www.google.com/maps/search/?api=1&query=%22ROUSSY+LE+VILLAGE+TT%22+tennis+de+table+France,49.435007,6.111610
Royan Gazelec Sports,France,https://www.google.com/maps/search/?api=1&query=%22Royan+Gazelec+Sports%22+tennis+de+table+France,45.641533,-1.025337
ROYE PPC,France,https://www.google.com/maps/search/?api=1&query=%22ROYE+PPC%22+tennis+de+table+France,0.000000,0.000000
ROZ-BAGUER U.P.,France,https://www.google.com/maps/search/?api=1&query=%22ROZ-BAGUER+U.P.%22+tennis+de+table+France,48.528266,-1.770910
ROZAY EN BRIE TT,France,https://www.google.com/maps/search/?api=1&query=%22ROZAY+EN+BRIE+TT%22+tennis+de+table+France,48.683181,2.962195
ROZOY THIERACHE TT,France,https://www.google.com/maps/search/?api=1&query=%22ROZOY+THIERACHE+TT%22+tennis+de+table+France,49.707972,4.131956
RP FOUESNANT,France,https://www.google.com/maps/search/?api=1&query=%22RP+FOUESNANT%22+tennis+de+table+France,47.892659,-4.017527
RSV 1921 Klein-Winternheim e. V.,Allemagne,https://www.google.com/maps/search/?api=1&query=%22RSV+1921+Klein-Winternheim+e.+V.%22+Tischtennis+Deutschland,49.939863,8.214833
RUAUDIN TENNIS DE TABLE,France,https://www.google.com/maps/search/?api=1&query=%22RUAUDIN+TENNIS+DE+TABLE%22+tennis+de+table+France,47.937625,0.258481
RUE  U.P.,France,https://www.google.com/maps/search/?api=1&query=%22RUE++U.P.%22+tennis+de+table+France,50.276655,1.662978
RUEIL ATHLETIC CLUB TT,France,https://www.google.com/maps/search/?api=1&query=%22RUEIL+ATHLETIC+CLUB+TT%22+tennis+de+table+France,48.873602,2.195621
Ruffec Club Tennis de Table,France,https://www.google.com/maps/search/?api=1&query=%22Ruffec+Club+Tennis+de+Table%22+tennis+de+table+France,46.033551,0.205734
RUILLE FROID FONDS P.P.C,France,https://www.google.com/maps/search/?api=1&query=%22RUILLE+FROID+FONDS+P.P.C%22+tennis+de+table+France,47.900055,-0.641241
RUNGIS PING,France,https://www.google.com/maps/search/?api=1&query=%22RUNGIS+PING%22+tennis+de+table+France,48.751962,2.348785
S SOTTEVILLAIS CHEMN C,France,https://www.google.com/maps/search/?api=1&query=%22S+SOTTEVILLAIS+CHEMN+C%22+tennis+de+table+France,49.407374,1.086777
S U AGENAIS T T,France,https://www.google.com/maps/search/?api=1&query=%22S+U+AGENAIS+T+T%22+tennis+de+table+France,44.204177,0.609765
S.C. MOREE TT,France,https://www.google.com/maps/search/?api=1&query=%22S.C.+MOREE+TT%22+tennis+de+table+France,47.992770,1.337290
SA MERIGNAC,France,https://www.google.com/maps/search/?api=1&query=%22SA+MERIGNAC%22+tennis+de+table+France,44.858514,-0.653076
SA Moncoutant TT,France,https://www.google.com/maps/search/?api=1&query=%22SA+Moncoutant+TT%22+tennis+de+table+France,46.723289,-0.590470
SA ST SEVER TT,France,https://www.google.com/maps/search/?api=1&query=%22SA+ST+SEVER+TT%22+tennis+de+table+France,43.754360,-0.575583
SABLE TENNIS DE TABLE,France,https://www.google.com/maps/search/?api=1&query=%22SABLE+TENNIS+DE+TABLE%22+tennis+de+table+France,47.831817,-0.322216
SACE MARTIGNE A.S,France,https://www.google.com/maps/search/?api=1&query=%22SACE+MARTIGNE+A.S%22+tennis+de+table+France,48.192573,-0.659973
SACLAY ASCEA,France,https://www.google.com/maps/search/?api=1&query=%22SACLAY+ASCEA%22+tennis+de+table+France,48.708969,2.160339
SACLAY CO,France,https://www.google.com/maps/search/?api=1&query=%22SACLAY+CO%22+tennis+de+table+France,48.730674,2.169609
SADA TENNIS DE TABLE,France,https://www.google.com/maps/search/?api=1&query=%22SADA+TENNIS+DE+TABLE%22+tennis+de+table+France,-12.845668,45.116110
SAEL TENNIS DE TABLE BREHAL,France,https://www.google.com/maps/search/?api=1&query=%22SAEL+TENNIS+DE+TABLE+BREHAL%22+tennis+de+table+France,46.310766,5.065295
SAFRAN NACELLES NORMANDIE SPORTS,France,https://www.google.com/maps/search/?api=1&query=%22SAFRAN+NACELLES+NORMANDIE+SPORTS%22+tennis+de+table+France,49.503409,0.202230
SAG CESTAS,France,https://www.google.com/maps/search/?api=1&query=%22SAG+CESTAS%22+tennis+de+table+France,44.760022,-0.683149
SAILLY LABOURSE TT,France,https://www.google.com/maps/search/?api=1&query=%22SAILLY+LABOURSE+TT%22+tennis+de+table+France,50.503249,2.696999
SAILLY SUR LA LYS TT,France,https://www.google.com/maps/search/?api=1&query=%22SAILLY+SUR+LA+LYS+TT%22+tennis+de+table+France,50.656995,2.767778
SAINS RICHAUMONT TT,France,https://www.google.com/maps/search/?api=1&query=%22SAINS+RICHAUMONT+TT%22+tennis+de+table+France,49.825826,3.702215
SAINT AMAND PING,France,https://www.google.com/maps/search/?api=1&query=%22SAINT+AMAND+PING%22+tennis+de+table+France,46.435000,2.302800
SAINT ANDRE ASTT Dryate,France,https://www.google.com/maps/search/?api=1&query=%22SAINT+ANDRE+ASTT+Dryate%22+tennis+de+table+France,48.281139,4.057677
SAINT ARNOULT US,France,https://www.google.com/maps/search/?api=1&query=%22SAINT+ARNOULT+US%22+tennis+de+table+France,48.574026,1.954031
SAINT AVOLD C.T.T.,France,https://www.google.com/maps/search/?api=1&query=%22SAINT+AVOLD+C.T.T.%22+tennis+de+table+France,49.117709,6.711263
SAINT BLAISE TENNIS DE TABLE,France,https://www.google.com/maps/search/?api=1&query=%22SAINT+BLAISE+TENNIS+DE+TABLE%22+tennis+de+table+France,45.373823,5.515439
SAINT CHAMOND TT,France,https://www.google.com/maps/search/?api=1&query=%22SAINT+CHAMOND+TT%22+tennis+de+table+France,45.454919,4.505889
SAINT CHRISTO/ST ROMAIN TT,France,https://www.google.com/maps/search/?api=1&query=%22SAINT+CHRISTO%2FST+ROMAIN+TT%22+tennis+de+table+France,45.541134,4.488557
SAINT CYR L'ECOLE TT,France,https://www.google.com/maps/search/?api=1&query=%22SAINT+CYR+L%27ECOLE+TT%22+tennis+de+table+France,48.808822,2.062401
SAINT DIE SRDTT,France,https://www.google.com/maps/search/?api=1&query=%22SAINT+DIE+SRDTT%22+tennis+de+table+France,48.280019,6.952049
SAINT GERMAIN LES CORBEIL TT,France,https://www.google.com/maps/search/?api=1&query=%22SAINT+GERMAIN+LES+CORBEIL+TT%22+tennis+de+table+France,48.621259,2.506169
SAINT GERMAIN TUE,France,https://www.google.com/maps/search/?api=1&query=%22SAINT+GERMAIN+TUE%22+tennis+de+table+France,48.891389,2.067707
SAINT HILAIRE/PARIGNY,France,https://www.google.com/maps/search/?api=1&query=%22SAINT+HILAIRE%2FPARIGNY%22+tennis+de+table+France,48.580161,-1.105126
SAINT JAMES TT,France,https://www.google.com/maps/search/?api=1&query=%22SAINT+JAMES+TT%22+tennis+de+table+France,48.521258,-1.326817
SAINT JEAN DES CHAMPS RC,France,https://www.google.com/maps/search/?api=1&query=%22SAINT+JEAN+DES+CHAMPS+RC%22+tennis+de+table+France,48.825217,-1.464009
SAINT JEAN DES VIGNES SPORTS,France,https://www.google.com/maps/search/?api=1&query=%22SAINT+JEAN+DES+VIGNES+SPORTS%22+tennis+de+table+France,45.875260,4.684095
SAINT JEAN KOURTZERODE LJ,France,https://www.google.com/maps/search/?api=1&query=%22SAINT+JEAN+KOURTZERODE+LJ%22+tennis+de+table+France,48.755973,7.194996
SAINT JEAN T.T.,France,https://www.google.com/maps/search/?api=1&query=%22SAINT+JEAN+T.T.%22+tennis+de+table+France,48.963509,3.013005
SAINT JEAN TENNIS DE TABLE,France,https://www.google.com/maps/search/?api=1&query=%22SAINT+JEAN+TENNIS+DE+TABLE%22+tennis+de+table+France,45.971922,4.905657
SAINT JOUAN TENNIS DE TABLE,France,https://www.google.com/maps/search/?api=1&query=%22SAINT+JOUAN+TENNIS+DE+TABLE%22+tennis+de+table+France,48.599702,-1.983151
SAINT JULIEN LES METZ TT,France,https://www.google.com/maps/search/?api=1&query=%22SAINT+JULIEN+LES+METZ+TT%22+tennis+de+table+France,49.130625,6.195372
SAINT LAURENT BLANGY  TTI,France,https://www.google.com/maps/search/?api=1&query=%22SAINT+LAURENT+BLANGY++TTI%22+tennis+de+table+France,50.300907,2.799705
Saint Laurs Club Pongiste,France,https://www.google.com/maps/search/?api=1&query=%22Saint+Laurs+Club+Pongiste%22+tennis+de+table+France,44.659186,4.765087
SAINT LO PL,France,https://www.google.com/maps/search/?api=1&query=%22SAINT+LO+PL%22+tennis+de+table+France,49.105461,-1.087068
SAINT LOUB PING,France,https://www.google.com/maps/search/?api=1&query=%22SAINT+LOUB+PING%22+tennis+de+table+France,44.912930,-0.429575
SAINT LOUP SUR SEMOUSE,France,https://www.google.com/maps/search/?api=1&query=%22SAINT+LOUP+SUR+SEMOUSE%22+tennis+de+table+France,47.881665,6.293703
SAINT LYS OLYMPIQUE,France,https://www.google.com/maps/search/?api=1&query=%22SAINT+LYS+OLYMPIQUE%22+tennis+de+table+France,43.514173,1.185032
SAINT MARCEL TT  SMTT,France,https://www.google.com/maps/search/?api=1&query=%22SAINT+MARCEL+TT++SMTT%22+tennis+de+table+France,49.099088,1.449728
SAINT MARTIN LEZ TATINGHEM TT,France,https://www.google.com/maps/search/?api=1&query=%22SAINT+MARTIN+LEZ+TATINGHEM+TT%22+tennis+de+table+France,50.744844,2.207819
SAINT MAURICE TT,France,https://www.google.com/maps/search/?api=1&query=%22SAINT+MAURICE+TT%22+tennis+de+table+France,48.814985,2.459851
SAINT MAX T.T.H.R.,France,https://www.google.com/maps/search/?api=1&query=%22SAINT+MAX+T.T.H.R.%22+tennis+de+table+France,48.707548,6.206383
SAINT MEDARD T.T.,France,https://www.google.com/maps/search/?api=1&query=%22SAINT+MEDARD+T.T.%22+tennis+de+table+France,48.272770,-1.656116
SAINT MIHIEL P.P.C.,France,https://www.google.com/maps/search/?api=1&query=%22SAINT+MIHIEL+P.P.C.%22+tennis+de+table+France,48.893141,5.540765
SAINT NOM (Sports Loisirs SNLB),France,https://www.google.com/maps/search/?api=1&query=%22SAINT+NOM+%28Sports+Loisirs+SNLB%29%22+tennis+de+table+France,48.857220,2.014896
SAINT OMER TENNIS DE TABLE,France,https://www.google.com/maps/search/?api=1&query=%22SAINT+OMER+TENNIS+DE+TABLE%22+tennis+de+table+France,50.748841,2.278667
SAINT PAIR BRICQUEVILLE TT,France,https://www.google.com/maps/search/?api=1&query=%22SAINT+PAIR+BRICQUEVILLE+TT%22+tennis+de+table+France,48.814135,-1.568038
SAINT PAVACE AS/NEUVILLE,France,https://www.google.com/maps/search/?api=1&query=%22SAINT+PAVACE+AS%2FNEUVILLE%22+tennis+de+table+France,48.042774,0.189108
SAINT PIERRE EGLISE TT,France,https://www.google.com/maps/search/?api=1&query=%22SAINT+PIERRE+EGLISE+TT%22+tennis+de+table+France,49.669847,-1.402399
SAINT REMY T.T.,France,https://www.google.com/maps/search/?api=1&query=%22SAINT+REMY+T.T.%22+tennis+de+table+France,46.766693,4.830787
SAINT SEBASTIEN TENNIS DE TABLE,France,https://www.google.com/maps/search/?api=1&query=%22SAINT+SEBASTIEN+TENNIS+DE+TABLE%22+tennis+de+table+France,49.011153,1.088537
SAINT SULPICE TENNIS DE TABLE,France,https://www.google.com/maps/search/?api=1&query=%22SAINT+SULPICE+TENNIS+DE+TABLE%22+tennis+de+table+France,43.773822,1.668652
SAINT-DENIS TT93,France,https://www.google.com/maps/search/?api=1&query=%22SAINT-DENIS+TT93%22+tennis+de+table+France,48.947123,2.351525
SAINT-DIDIER CHATEAUBOURG TT,France,https://www.google.com/maps/search/?api=1&query=%22SAINT-DIDIER+CHATEAUBOURG+TT%22+tennis+de+table+France,48.095819,-1.376967
SAINT-DIVY SPORT TT,France,https://www.google.com/maps/search/?api=1&query=%22SAINT-DIVY+SPORT+TT%22+tennis+de+table+France,48.457261,-4.340767
SAINT-GENCE ELAN SPORTIF (87),France,https://www.google.com/maps/search/?api=1&query=%22SAINT-GENCE+ELAN+SPORTIF+%2887%29%22+tennis+de+table+France,45.924229,1.137723
SAINT-HILAIRE COTTES CPP,France,https://www.google.com/maps/search/?api=1&query=%22SAINT-HILAIRE+COTTES+CPP%22+tennis+de+table+France,50.590420,2.405049
SAINT-JUNIEN AS (87),France,https://www.google.com/maps/search/?api=1&query=%22SAINT-JUNIEN+AS+%2887%29%22+tennis+de+table+France,45.889162,0.902334
SAINT-LOUIS TT,France,https://www.google.com/maps/search/?api=1&query=%22SAINT-LOUIS+TT%22+tennis+de+table+France,47.599878,7.554435
SAINT-ORENS TENNIS DE TABLE,France,https://www.google.com/maps/search/?api=1&query=%22SAINT-ORENS+TENNIS+DE+TABLE%22+tennis+de+table+France,43.575132,1.514294
SAINT-REMY-CHEVREUSE TT,France,https://www.google.com/maps/search/?api=1&query=%22SAINT-REMY-CHEVREUSE+TT%22+tennis+de+table+France,48.706790,2.068950
SAINT-RENAN TT,France,https://www.google.com/maps/search/?api=1&query=%22SAINT-RENAN+TT%22+tennis+de+table+France,48.436126,-4.627007
SAINT-YRIEIX-LA-PERCHE EATT (87),France,https://www.google.com/maps/search/?api=1&query=%22SAINT-YRIEIX-LA-PERCHE+EATT+%2887%29%22+tennis+de+table+France,45.504559,1.198251
SAINTE CATHERINE LEZ ARRAS ASTT,France,https://www.google.com/maps/search/?api=1&query=%22SAINTE+CATHERINE+LEZ+ARRAS+ASTT%22+tennis+de+table+France,50.308366,2.760676
SAINTE FORTUNADE CORNIL TT,France,https://www.google.com/maps/search/?api=1&query=%22SAINTE+FORTUNADE+CORNIL+TT%22+tennis+de+table+France,45.206960,1.771577
SAINTE MARGUERITE C.T.T.,France,https://www.google.com/maps/search/?api=1&query=%22SAINTE+MARGUERITE+C.T.T.%22+tennis+de+table+France,48.267647,6.978456
SAINTE MARIE KERQUE USTT,France,https://www.google.com/maps/search/?api=1&query=%22SAINTE+MARIE+KERQUE+USTT%22+tennis+de+table+France,50.898849,2.140409
SAINTE MENEHOULD VVV,France,https://www.google.com/maps/search/?api=1&query=%22SAINTE+MENEHOULD+VVV%22+tennis+de+table+France,49.095971,4.915134
SAINTE-MAURE TENNIS DE TABLE,France,https://www.google.com/maps/search/?api=1&query=%22SAINTE-MAURE+TENNIS+DE+TABLE%22+tennis+de+table+France,47.115043,0.625976
Saintes USSTT,France,https://www.google.com/maps/search/?api=1&query=%22Saintes+USSTT%22+tennis+de+table+France,45.741798,-0.627945
SAINTINES ATT,France,https://www.google.com/maps/search/?api=1&query=%22SAINTINES+ATT%22+tennis+de+table+France,49.307160,2.769297
SALBRIS SOLOGNE TT.,France,https://www.google.com/maps/search/?api=1&query=%22SALBRIS+SOLOGNE+TT.%22+tennis+de+table+France,47.424324,2.042239
SALINDRES AS,France,https://www.google.com/maps/search/?api=1&query=%22SALINDRES+AS%22+tennis+de+table+France,44.164960,4.159328
SALINE TENNIS DE TABLE,France,https://www.google.com/maps/search/?api=1&query=%22SALINE+TENNIS+DE+TABLE%22+tennis+de+table+France,49.180184,-0.222215
SALLANCHES TT,France,https://www.google.com/maps/search/?api=1&query=%22SALLANCHES+TT%22+tennis+de+table+France,45.945113,6.627785
SALLENT,Espagne,https://www.google.com/maps/search/?api=1&query=%22SALLENT%22+tenis+de+mesa+Espa%C3%B1a,41.839040,1.908161
SALLERTAINE TTM,France,https://www.google.com/maps/search/?api=1&query=%22SALLERTAINE+TTM%22+tennis+de+table+France,46.866377,-1.941348
SALON TENNIS DE TABLE,France,https://www.google.com/maps/search/?api=1&query=%22SALON+TENNIS+DE+TABLE%22+tennis+de+table+France,43.645108,5.089565
SAM TT LESPARRE,France,https://www.google.com/maps/search/?api=1&query=%22SAM+TT+LESPARRE%22+tennis+de+table+France,45.300590,-0.929021
SAMER T T,France,https://www.google.com/maps/search/?api=1&query=%22SAMER+T+T%22+tennis+de+table+France,50.633333,1.750000
SAN JOSE,Espagne,https://www.google.com/maps/search/?api=1&query=%22SAN+JOSE%22+tenis+de+mesa+Espa%C3%B1a,38.922063,1.293994
SAN SEBASTIAN REYES,Espagne,https://www.google.com/maps/search/?api=1&query=%22SAN+SEBASTIAN+REYES%22+tenis+de+mesa+Espa%C3%B1a,43.315557,-1.980738
SANARY TT ASSOCIATION,France,https://www.google.com/maps/search/?api=1&query=%22SANARY+TT+ASSOCIATION%22+tennis+de+table+France,43.136540,5.794767
SANNOIS  TT,France,https://www.google.com/maps/search/?api=1&query=%22SANNOIS++TT%22+tennis+de+table+France,48.978903,2.237252
SANT CUGAT,Espagne,https://www.google.com/maps/search/?api=1&query=%22SANT+CUGAT%22+tenis+de+mesa+Espa%C3%B1a,41.470793,2.084881
SANTA EULARIA,Espagne,https://www.google.com/maps/search/?api=1&query=%22SANTA+EULARIA%22+tenis+de+mesa+Espa%C3%B1a,42.709584,0.902078
SANTES CTT,France,https://www.google.com/maps/search/?api=1&query=%22SANTES+CTT%22+tennis+de+table+France,50.589736,2.957989
SAONE-VALLEE TT,France,https://www.google.com/maps/search/?api=1&query=%22SAONE-VALLEE+TT%22+tennis+de+table+France,45.945754,4.767293
SARAN USM,France,https://www.google.com/maps/search/?api=1&query=%22SARAN+USM%22+tennis+de+table+France,47.950369,1.898394
SARLIAC TENNIS DE TABLE,France,https://www.google.com/maps/search/?api=1&query=%22SARLIAC+TENNIS+DE+TABLE%22+tennis+de+table+France,45.237994,0.874971
SARRE-UNION CTT,France,https://www.google.com/maps/search/?api=1&query=%22SARRE-UNION+CTT%22+tennis+de+table+France,48.937168,7.090052
SARREBOURG TT,France,https://www.google.com/maps/search/?api=1&query=%22SARREBOURG+TT%22+tennis+de+table+France,48.735270,7.068809
SARS POTERIES/BEUGNIES PPC,France,https://www.google.com/maps/search/?api=1&query=%22SARS+POTERIES%2FBEUGNIES+PPC%22+tennis+de+table+France,50.168073,4.034924
SARTROUVILLOIS TT,France,https://www.google.com/maps/search/?api=1&query=%22SARTROUVILLOIS+TT%22+tennis+de+table+France,48.926408,2.164213
SAUMUR TTSC,France,https://www.google.com/maps/search/?api=1&query=%22SAUMUR+TTSC%22+tennis+de+table+France,47.243789,-0.074766
SAUNIER DUVAL,France,https://www.google.com/maps/search/?api=1&query=%22SAUNIER+DUVAL%22+tennis+de+table+France,47.302321,-1.560549
Sauvagnat Sainte Marthe TT,France,https://www.google.com/maps/search/?api=1&query=%22Sauvagnat+Sainte+Marthe+TT%22+tennis+de+table+France,45.590350,3.208107
SAVENAY ASP TT,France,https://www.google.com/maps/search/?api=1&query=%22SAVENAY+ASP+TT%22+tennis+de+table+France,47.362624,-1.939812
SAVIGNE L EVEQUE TT,France,https://www.google.com/maps/search/?api=1&query=%22SAVIGNE+L+EVEQUE+TT%22+tennis+de+table+France,48.074067,0.300504
SAVIGNY SO PING,France,https://www.google.com/maps/search/?api=1&query=%22SAVIGNY+SO+PING%22+tennis+de+table+France,48.692031,2.340827
SAVY ASFTT,France,https://www.google.com/maps/search/?api=1&query=%22SAVY+ASFTT%22+tennis+de+table+France,49.829300,3.192700
SB Versbach,Allemagne,https://www.google.com/maps/search/?api=1&query=%22SB+Versbach%22+Tischtennis+Deutschland,49.822119,9.984102
SBR.1º JANEIRO,Portugal,https://www.google.com/maps/search/?api=1&query=%22SBR.1%C2%BA+JANEIRO%22+t%C3%A9nis+de+mesa+Portugal,32.698055,-16.786675
SC Arminia Ochtrup,Allemagne,https://www.google.com/maps/search/?api=1&query=%22SC+Arminia+Ochtrup%22+Tischtennis+Deutschland,52.210231,7.188806
SC GRETZ TOURNAN,France,https://www.google.com/maps/search/?api=1&query=%22SC+GRETZ+TOURNAN%22+tennis+de+table+France,48.737621,2.741073
SC Marklohe,Allemagne,https://www.google.com/maps/search/?api=1&query=%22SC+Marklohe%22+Tischtennis+Deutschland,50.949956,10.396494
SC MESNILOIS,France,https://www.google.com/maps/search/?api=1&query=%22SC+MESNILOIS%22+tennis+de+table+France,48.949890,4.027466
SC MOUANS SARTOUX T T,France,https://www.google.com/maps/search/?api=1&query=%22SC+MOUANS+SARTOUX+T+T%22+tennis+de+table+France,43.619514,6.973592
SC Poppenbüttel,Allemagne,https://www.google.com/maps/search/?api=1&query=%22SC+Poppenb%C3%BCttel%22+Tischtennis+Deutschland,50.949956,10.396494
SC POVOENSE,Portugal,https://www.google.com/maps/search/?api=1&query=%22SC+POVOENSE%22+t%C3%A9nis+de+mesa+Portugal,38.864771,-9.070138
SC PRIVAS TT,France,https://www.google.com/maps/search/?api=1&query=%22SC+PRIVAS+TT%22+tennis+de+table+France,44.720450,4.607363
SC St Pourcain Tennis de Table,France,https://www.google.com/maps/search/?api=1&query=%22SC+St+Pourcain+Tennis+de+Table%22+tennis+de+table+France,46.304803,3.282667
SC Staig,Allemagne,https://www.google.com/maps/search/?api=1&query=%22SC+Staig%22+Tischtennis+Deutschland,50.949956,10.396494
SC TORRES,Portugal,https://www.google.com/maps/search/?api=1&query=%22SC+TORRES%22+t%C3%A9nis+de+mesa+Portugal,40.747733,-7.318718
SC Union Lüdinghausen,Allemagne,https://www.google.com/maps/search/?api=1&query=%22SC+Union+L%C3%BCdinghausen%22+Tischtennis+Deutschland,51.760307,7.443586
SCAER/CORAY TT,France,https://www.google.com/maps/search/?api=1&query=%22SCAER%2FCORAY+TT%22+tennis+de+table+France,48.029418,-3.711540
SCEAUX T.T.,France,https://www.google.com/maps/search/?api=1&query=%22SCEAUX+T.T.%22+tennis+de+table+France,48.783592,2.307535
SCHILTIGHEIM SU TT,France,https://www.google.com/maps/search/?api=1&query=%22SCHILTIGHEIM+SU+TT%22+tennis+de+table+France,48.617164,7.768522
SCHILTIGHEIM Tennis de Table,France,https://www.google.com/maps/search/?api=1&query=%22SCHILTIGHEIM+Tennis+de+Table%22+tennis+de+table+France,48.617164,7.768522
SCHIRRHEIN-SCHIRRHOFFEN CSCSN,France,https://www.google.com/maps/search/?api=1&query=%22SCHIRRHEIN-SCHIRRHOFFEN+CSCSN%22+tennis+de+table+France,48.803442,7.923477
SCHMITTVILLER ATT,France,https://www.google.com/maps/search/?api=1&query=%22SCHMITTVILLER+ATT%22+tennis+de+table+France,49.006296,7.181320
SCHOENECK T.T.,France,https://www.google.com/maps/search/?api=1&query=%22SCHOENECK+T.T.%22+tennis+de+table+France,49.221978,6.922337
SCW Göttingen,Allemagne,https://www.google.com/maps/search/?api=1&query=%22SCW+G%C3%B6ttingen%22+Tischtennis+Deutschland,51.548032,9.891723
SEBOURG-ESTREUX ENT PONGISTE ,France,https://www.google.com/maps/search/?api=1&query=%22SEBOURG-ESTREUX+ENT+PONGISTE+%22+tennis+de+table+France,50.355594,3.592755
SECLIN PPP,France,https://www.google.com/maps/search/?api=1&query=%22SECLIN+PPP%22+tennis+de+table+France,50.543955,3.020488
Secondigny PPC,France,https://www.google.com/maps/search/?api=1&query=%22Secondigny+PPC%22+tennis+de+table+France,46.610546,-0.410252
Section de l'AS HERY T.T,France,https://www.google.com/maps/search/?api=1&query=%22Section+de+l%27AS+HERY+T.T%22+tennis+de+table+France,47.900993,3.632709
SECTION PALOISE TT,France,https://www.google.com/maps/search/?api=1&query=%22SECTION+PALOISE+TT%22+tennis+de+table+France,43.312427,-0.385718
SECTION PAYS D'OUCHE TENNIS DE T,France,https://www.google.com/maps/search/?api=1&query=%22SECTION+PAYS+D%27OUCHE+TENNIS+DE+T%22+tennis+de+table+France,48.786595,0.599249
SEDAN TT,France,https://www.google.com/maps/search/?api=1&query=%22SEDAN+TT%22+tennis+de+table+France,49.693154,4.943150
SEGRÉ ANJOU BLEU TENNIS DE TABLE,France,https://www.google.com/maps/search/?api=1&query=%22SEGR%C3%89+ANJOU+BLEU+TENNIS+DE+TABLE%22+tennis+de+table+France,47.688237,-0.888502
SEGUINIERE (LA) TT,France,https://www.google.com/maps/search/?api=1&query=%22SEGUINIERE+%28LA%29+TT%22+tennis+de+table+France,47.067697,-0.950727
SEL OYONNAX TT,France,https://www.google.com/maps/search/?api=1&query=%22SEL+OYONNAX+TT%22+tennis+de+table+France,46.261888,5.647012
SELLE CRAONNAISE(la)S.L,France,https://www.google.com/maps/search/?api=1&query=%22SELLE+CRAONNAISE%28la%29S.L%22+tennis+de+table+France,47.841358,-1.041595
SEMOY ASTT,France,https://www.google.com/maps/search/?api=1&query=%22SEMOY+ASTT%22+tennis+de+table+France,47.938846,1.949444
SEMUR MONTBARD TENNIS DE TABLE,France,https://www.google.com/maps/search/?api=1&query=%22SEMUR+MONTBARD+TENNIS+DE+TABLE%22+tennis+de+table+France,47.488178,4.340022
SENLIS TT,France,https://www.google.com/maps/search/?api=1&query=%22SENLIS+TT%22+tennis+de+table+France,49.207443,2.578846
SENNECEY LE GRAND TENNIS DE TABL,France,https://www.google.com/maps/search/?api=1&query=%22SENNECEY+LE+GRAND+TENNIS+DE+TABL%22+tennis+de+table+France,46.640587,4.861392
SEP CHALEZEULE,France,https://www.google.com/maps/search/?api=1&query=%22SEP+CHALEZEULE%22+tennis+de+table+France,47.258456,6.076291
SEQUEDIN OSMS TT,France,https://www.google.com/maps/search/?api=1&query=%22SEQUEDIN+OSMS+TT%22+tennis+de+table+France,50.624160,2.982134
SERCEL,France,https://www.google.com/maps/search/?api=1&query=%22SERCEL%22+tennis+de+table+France,47.204457,-1.542767
SERIFONTAINE TT,France,https://www.google.com/maps/search/?api=1&query=%22SERIFONTAINE+TT%22+tennis+de+table+France,49.358308,1.765238
SERIGNAN TENNIS DE TABLE 34,France,https://www.google.com/maps/search/?api=1&query=%22SERIGNAN+TENNIS+DE+TABLE+34%22+tennis+de+table+France,43.274722,3.272480
SERMAIZE Les Jeunes,France,https://www.google.com/maps/search/?api=1&query=%22SERMAIZE+Les+Jeunes%22+tennis+de+table+France,48.783070,4.917581
SERRIS VAL D'EUROPE ATT,France,https://www.google.com/maps/search/?api=1&query=%22SERRIS+VAL+D%27EUROPE+ATT%22+tennis+de+table+France,48.850601,2.786817
SEVRIER TENNIS DE TABLE,France,https://www.google.com/maps/search/?api=1&query=%22SEVRIER+TENNIS+DE+TABLE%22+tennis+de+table+France,45.857109,6.142889
SEYNOD TENNIS DE TABLE,France,https://www.google.com/maps/search/?api=1&query=%22SEYNOD+TENNIS+DE+TABLE%22+tennis+de+table+France,45.887296,6.095359
SEZANNE TENNIS DE TABLE,France,https://www.google.com/maps/search/?api=1&query=%22SEZANNE+TENNIS+DE+TABLE%22+tennis+de+table+France,48.719780,3.726766
SG 1910 Marbach,Allemagne,https://www.google.com/maps/search/?api=1&query=%22SG+1910+Marbach%22+Tischtennis+Deutschland,50.626641,9.721795
Sigean Tennis de Table,France,https://www.google.com/maps/search/?api=1&query=%22Sigean+Tennis+de+Table%22+tennis+de+table+France,43.026682,2.977978
SILLE DU PAYS T.T.C.,France,https://www.google.com/maps/search/?api=1&query=%22SILLE+DU+PAYS+T.T.C.%22+tennis+de+table+France,48.188773,-0.128048
SIMPLE COSMES AS,France,https://www.google.com/maps/search/?api=1&query=%22SIMPLE+COSMES+AS%22+tennis+de+table+France,47.887843,-0.850952
SIN LE NOBLE TT,France,https://www.google.com/maps/search/?api=1&query=%22SIN+LE+NOBLE+TT%22+tennis+de+table+France,50.366273,3.109958
SIOUVILLE HAGUE ATTLC,France,https://www.google.com/maps/search/?api=1&query=%22SIOUVILLE+HAGUE+ATTLC%22+tennis+de+table+France,49.568310,-1.835173
SISSONNE CP TT,France,https://www.google.com/maps/search/?api=1&query=%22SISSONNE+CP+TT%22+tennis+de+table+France,49.566090,3.897450
SL BENFICA,Portugal,https://www.google.com/maps/search/?api=1&query=%22SL+BENFICA%22+t%C3%A9nis+de+mesa+Portugal,38.748171,-9.199478
SL. VICHY TT,France,https://www.google.com/maps/search/?api=1&query=%22SL.+VICHY+TT%22+tennis+de+table+France,46.122623,3.428074
SLC TT SAINT-REMY-DE-PROVENCE,France,https://www.google.com/maps/search/?api=1&query=%22SLC+TT+SAINT-REMY-DE-PROVENCE%22+tennis+de+table+France,43.786722,4.830233
SLD.FUSSY,France,https://www.google.com/maps/search/?api=1&query=%22SLD.FUSSY%22+tennis+de+table+France,47.158181,2.384744
SLU SERPENSE,Portugal,https://www.google.com/maps/search/?api=1&query=%22SLU+SERPENSE%22+t%C3%A9nis+de+mesa+Portugal,37.940811,-7.598867
SM MONTROUGE,France,https://www.google.com/maps/search/?api=1&query=%22SM+MONTROUGE%22+tennis+de+table+France,48.813088,2.326169
SMA SPORT,France,https://www.google.com/maps/search/?api=1&query=%22SMA+SPORT%22+tennis+de+table+France,43.299961,5.413587
SOISSONS ASPTT,France,https://www.google.com/maps/search/?api=1&query=%22SOISSONS+ASPTT%22+tennis+de+table+France,49.368060,3.325660
SOLERS TENNIS DE TABLE,France,https://www.google.com/maps/search/?api=1&query=%22SOLERS+TENNIS+DE+TABLE%22+tennis+de+table+France,48.657840,2.716787
SOLESMES TT,France,https://www.google.com/maps/search/?api=1&query=%22SOLESMES+TT%22+tennis+de+table+France,50.186103,3.501025
SON CLADERA TTC,Espagne,https://www.google.com/maps/search/?api=1&query=%22SON+CLADERA+TTC%22+tenis+de+mesa+Espa%C3%B1a,39.564420,2.625461
SOPHIA TENNIS DE TABLE,France,https://www.google.com/maps/search/?api=1&query=%22SOPHIA+TENNIS+DE+TABLE%22+tennis+de+table+France,43.642483,7.035201
SORINIERES (LES),France,https://www.google.com/maps/search/?api=1&query=%22SORINIERES+%28LES%29%22+tennis+de+table+France,47.159628,-1.521142
SORRUS TENNIS DE TABLE,France,https://www.google.com/maps/search/?api=1&query=%22SORRUS+TENNIS+DE+TABLE%22+tennis+de+table+France,50.454000,1.758288
SOSPEL PING,France,https://www.google.com/maps/search/?api=1&query=%22SOSPEL+PING%22+tennis+de+table+France,,
SOUILLAC ATHLE 46 TT,France,https://www.google.com/maps/search/?api=1&query=%22SOUILLAC+ATHLE+46+TT%22+tennis+de+table+France,44.891666,1.472298
SOULAIRE ET BOURG PING PONG,France,https://www.google.com/maps/search/?api=1&query=%22SOULAIRE+ET+BOURG+PING+PONG%22+tennis+de+table+France,47.580220,-0.556205
SOULGE ARGENTRE Entente,France,https://www.google.com/maps/search/?api=1&query=%22SOULGE+ARGENTRE+Entente%22+tennis+de+table+France,48.081998,-0.639666
SOULTZ CSM TT,France,https://www.google.com/maps/search/?api=1&query=%22SOULTZ+CSM+TT%22+tennis+de+table+France,47.887184,7.230486
SOULTZ SOUS FORETS TT,France,https://www.google.com/maps/search/?api=1&query=%22SOULTZ+SOUS+FORETS+TT%22+tennis+de+table+France,48.938047,7.888553
SPAY CP,France,https://www.google.com/maps/search/?api=1&query=%22SPAY+CP%22+tennis+de+table+France,47.923034,0.149924
SPEEDY PING SAINT-PIERRE,France,https://www.google.com/maps/search/?api=1&query=%22SPEEDY+PING+SAINT-PIERRE%22+tennis+de+table+France,46.989097,-0.743846
SPICHEREN C.S.N.,France,https://www.google.com/maps/search/?api=1&query=%22SPICHEREN+C.S.N.%22+tennis+de+table+France,49.190887,6.964897
SPO ROUEN Tennis de Table,France,https://www.google.com/maps/search/?api=1&query=%22SPO+ROUEN+Tennis+de+Table%22+tennis+de+table+France,49.423272,1.071948
SPORT ELEC DAMPIERRE,France,https://www.google.com/maps/search/?api=1&query=%22SPORT+ELEC+DAMPIERRE%22+tennis+de+table+France,47.729710,2.506910
SPORT LOISIR COMMUNAL,France,https://www.google.com/maps/search/?api=1&query=%22SPORT+LOISIR+COMMUNAL%22+tennis+de+table+France,47.129193,3.101921
SPORT VOLCANS TT NEBOUZAT,France,https://www.google.com/maps/search/?api=1&query=%22SPORT+VOLCANS+TT+NEBOUZAT%22+tennis+de+table+France,45.718234,2.903318
Sportclub Niestetal,Allemagne,https://www.google.com/maps/search/?api=1&query=%22Sportclub+Niestetal%22+Tischtennis+Deutschland,51.318698,9.586191
SPORTING CLUB BERNAY TT,France,https://www.google.com/maps/search/?api=1&query=%22SPORTING+CLUB+BERNAY+TT%22+tennis+de+table+France,49.078484,0.594506
SPORTING CLUB DE TURRETOT,France,https://www.google.com/maps/search/?api=1&query=%22SPORTING+CLUB+DE+TURRETOT%22+tennis+de+table+France,49.605040,0.231266
Sporting Club Jardais Tennis de ,France,https://www.google.com/maps/search/?api=1&query=%22Sporting+Club+Jardais+Tennis+de+%22+tennis+de+table+France,46.415495,-1.590942
SPORTING CLUB LAMENTINOIS,France,https://www.google.com/maps/search/?api=1&query=%22SPORTING+CLUB+LAMENTINOIS%22+tennis+de+table+France,14.612112,-61.002085
SPORTING CLUB LE RHEU,France,https://www.google.com/maps/search/?api=1&query=%22SPORTING+CLUB+LE+RHEU%22+tennis+de+table+France,48.102591,-1.797345
Sporting CM,Portugal,https://www.google.com/maps/search/?api=1&query=%22Sporting+CM%22+t%C3%A9nis+de+mesa+Portugal,37.030117,-7.848224
SPORTING CP,Portugal,https://www.google.com/maps/search/?api=1&query=%22SPORTING+CP%22+t%C3%A9nis+de+mesa+Portugal,37.030117,-7.848224
SPORTING PARIS 20 TT,France,https://www.google.com/maps/search/?api=1&query=%22SPORTING+PARIS+20+TT%22+tennis+de+table+France,48.860638,2.398862
SportKultur Stuttgart,Allemagne,https://www.google.com/maps/search/?api=1&query=%22SportKultur+Stuttgart%22+Tischtennis+Deutschland,48.765136,9.251518
Sportverein Union Velbert 2011 e.V.,Allemagne,https://www.google.com/maps/search/?api=1&query=%22Sportverein+Union+Velbert+2011+e.V.%22+Tischtennis+Deutschland,51.319209,7.062771
SpVgg Gröningen-Satteldorf,Allemagne,https://www.google.com/maps/search/?api=1&query=%22SpVgg+Gr%C3%B6ningen-Satteldorf%22+Tischtennis+Deutschland,49.181436,10.065876
SpVgg Thalkirchen e.V.,Allemagne,https://www.google.com/maps/search/?api=1&query=%22SpVgg+Thalkirchen+e.V.%22+Tischtennis+Deutschland,48.100372,11.547932
SQY PING,France,https://www.google.com/maps/search/?api=1&query=%22SQY+PING%22+tennis+de+table+France,48.760862,2.046433
SSV Neuhaus,Allemagne,https://www.google.com/maps/search/?api=1&query=%22SSV+Neuhaus%22+Tischtennis+Deutschland,50.674741,13.465777
ST AIGNAN SUR ROE Espoir,France,https://www.google.com/maps/search/?api=1&query=%22ST+AIGNAN+SUR+ROE+Espoir%22+tennis+de+table+France,47.838853,-1.138776
ST AMAND TT,France,https://www.google.com/maps/search/?api=1&query=%22ST+AMAND+TT%22+tennis+de+table+France,50.438790,3.432977
ST ANDRE DE LA MARCHE TT,France,https://www.google.com/maps/search/?api=1&query=%22ST+ANDRE+DE+LA+MARCHE+TT%22+tennis+de+table+France,47.098688,-0.989065
ST ANDRE G. D OIE US,France,https://www.google.com/maps/search/?api=1&query=%22ST+ANDRE+G.+D+OIE+US%22+tennis+de+table+France,46.831611,-1.188532
ST ANDRE USTT,France,https://www.google.com/maps/search/?api=1&query=%22ST+ANDRE+USTT%22+tennis+de+table+France,50.661794,3.041426
ST ANDRE/ORNE USSA,France,https://www.google.com/maps/search/?api=1&query=%22ST+ANDRE%2FORNE+USSA%22+tennis+de+table+France,49.117776,-0.382584
ST AUBIN DU CORMIER ASSA TT,France,https://www.google.com/maps/search/?api=1&query=%22ST+AUBIN+DU+CORMIER+ASSA+TT%22+tennis+de+table+France,48.258012,-1.403112
ST AUBIN-ST MARTIN-GAUBR.,France,https://www.google.com/maps/search/?api=1&query=%22ST+AUBIN-ST+MARTIN-GAUBR.%22+tennis+de+table+France,46.942264,-1.059579
ST BARTHELEMY T2T,France,https://www.google.com/maps/search/?api=1&query=%22ST+BARTHELEMY+T2T%22+tennis+de+table+France,47.462268,-0.497333
St Benoit TT,France,https://www.google.com/maps/search/?api=1&query=%22St+Benoit+TT%22+tennis+de+table+France,46.551622,0.347398
St BERTHEVIN/St LOUP-53 US,France,https://www.google.com/maps/search/?api=1&query=%22St+BERTHEVIN%2FSt+LOUP-53+US%22+tennis+de+table+France,48.076665,-0.826386
ST BREVIN T.T.,France,https://www.google.com/maps/search/?api=1&query=%22ST+BREVIN+T.T.%22+tennis+de+table+France,47.242575,-2.161735
ST BRICE V.O,France,https://www.google.com/maps/search/?api=1&query=%22ST+BRICE+V.O%22+tennis+de+table+France,48.999534,2.356924
ST CHELY Tennis de Table,France,https://www.google.com/maps/search/?api=1&query=%22ST+CHELY+Tennis+de+Table%22+tennis+de+table+France,44.807119,3.274138
ST CHRISTOL LEZ ALES AS,France,https://www.google.com/maps/search/?api=1&query=%22ST+CHRISTOL+LEZ+ALES+AS%22+tennis+de+table+France,44.082618,4.076111
ST CHRISTOPHE DU LIGNERON,France,https://www.google.com/maps/search/?api=1&query=%22ST+CHRISTOPHE+DU+LIGNERON%22+tennis+de+table+France,46.831491,-1.762843
ST COLOMBAN T.T.,France,https://www.google.com/maps/search/?api=1&query=%22ST+COLOMBAN+T.T.%22+tennis+de+table+France,,
ST CONTEST TT,France,https://www.google.com/maps/search/?api=1&query=%22ST+CONTEST+TT%22+tennis+de+table+France,49.213780,-0.400438
ST DENIS CHEVASSE ES,France,https://www.google.com/maps/search/?api=1&query=%22ST+DENIS+CHEVASSE+ES%22+tennis+de+table+France,46.794107,-1.359269
ST DENIS D ANJOU Eclair,France,https://www.google.com/maps/search/?api=1&query=%22ST+DENIS+D+ANJOU+Eclair%22+tennis+de+table+France,47.786958,-0.440340
ST DENIS DE GASTINES J.G,France,https://www.google.com/maps/search/?api=1&query=%22ST+DENIS+DE+GASTINES+J.G%22+tennis+de+table+France,48.348342,-0.860593
ST DIZIER CSB,France,https://www.google.com/maps/search/?api=1&query=%22ST+DIZIER+CSB%22+tennis+de+table+France,48.633202,4.935859
ST ELOY LES MINES A.L,France,https://www.google.com/maps/search/?api=1&query=%22ST+ELOY+LES+MINES+A.L%22+tennis+de+table+France,46.160840,2.832310
ST ETIENNE TENNIS DE TABLE,France,https://www.google.com/maps/search/?api=1&query=%22ST+ETIENNE+TENNIS+DE+TABLE%22+tennis+de+table+France,47.279862,-1.785853
ST FELIX DE LODEZ FR TT,France,https://www.google.com/maps/search/?api=1&query=%22ST+FELIX+DE+LODEZ+FR+TT%22+tennis+de+table+France,43.662584,3.457779
ST FLORENT TENNIS DE TABLE,France,https://www.google.com/maps/search/?api=1&query=%22ST+FLORENT+TENNIS+DE+TABLE%22+tennis+de+table+France,46.575263,-1.337644
ST FUSCIEN TT,France,https://www.google.com/maps/search/?api=1&query=%22ST+FUSCIEN+TT%22+tennis+de+table+France,49.836596,2.313388
ST GENIX - DOMESSIN T.T.,France,https://www.google.com/maps/search/?api=1&query=%22ST+GENIX+-+DOMESSIN+T.T.%22+tennis+de+table+France,45.602013,5.632291
St Georges des Coteaux AS,France,https://www.google.com/maps/search/?api=1&query=%22St+Georges+des+Coteaux+AS%22+tennis+de+table+France,45.776832,-0.702348
ST GEORGES PING SGSL,France,https://www.google.com/maps/search/?api=1&query=%22ST+GEORGES+PING+SGSL%22+tennis+de+table+France,47.410592,-0.758795
ST GEORGES S.L.,France,https://www.google.com/maps/search/?api=1&query=%22ST+GEORGES+S.L.%22+tennis+de+table+France,45.027994,3.139358
ST GEORGES SUR ERVE,France,https://www.google.com/maps/search/?api=1&query=%22ST+GEORGES+SUR+ERVE%22+tennis+de+table+France,48.170773,-0.299632
ST GERMAIN DU CORBEIS ATT,France,https://www.google.com/maps/search/?api=1&query=%22ST+GERMAIN+DU+CORBEIS+ATT%22+tennis+de+table+France,48.422903,0.064270
St Germain Lusignan FR,France,https://www.google.com/maps/search/?api=1&query=%22St+Germain+Lusignan+FR%22+tennis+de+table+France,45.450137,-0.461204
ST GERMAIN SUR MOINE EPM,France,https://www.google.com/maps/search/?api=1&query=%22ST+GERMAIN+SUR+MOINE+EPM%22+tennis+de+table+France,47.118073,-1.127373
ST GILLES EP,France,https://www.google.com/maps/search/?api=1&query=%22ST+GILLES+EP%22+tennis+de+table+France,46.694103,-1.924701
ST GILLES U.S.,France,https://www.google.com/maps/search/?api=1&query=%22ST+GILLES+U.S.%22+tennis+de+table+France,48.155347,-1.823279
ST GRATIEN AS,France,https://www.google.com/maps/search/?api=1&query=%22ST+GRATIEN+AS%22+tennis+de+table+France,48.976134,2.289061
ST HEAND TT,France,https://www.google.com/maps/search/?api=1&query=%22ST+HEAND+TT%22+tennis+de+table+France,45.530619,4.371444
ST HERBLAIN A.S.H.,France,https://www.google.com/maps/search/?api=1&query=%22ST+HERBLAIN+A.S.H.%22+tennis+de+table+France,47.244896,-1.610950
ST HERBLAIN T.T.,France,https://www.google.com/maps/search/?api=1&query=%22ST+HERBLAIN+T.T.%22+tennis+de+table+France,47.219055,-1.623530
ST HILAIRE DE LOULAY,France,https://www.google.com/maps/search/?api=1&query=%22ST+HILAIRE+DE+LOULAY%22+tennis+de+table+France,47.004688,-1.337000
ST HILAIRE LEZ CAMBRAI TT,France,https://www.google.com/maps/search/?api=1&query=%22ST+HILAIRE+LEZ+CAMBRAI+TT%22+tennis+de+table+France,50.184627,3.421481
ST HIPPOLYTE TT,France,https://www.google.com/maps/search/?api=1&query=%22ST+HIPPOLYTE+TT%22+tennis+de+table+France,45.967798,-0.711447
St Jean d'Angely TT,France,https://www.google.com/maps/search/?api=1&query=%22St+Jean+d%27Angely+TT%22+tennis+de+table+France,45.945230,-0.525153
ST JEAN DE BRAYE - SMOC,France,https://www.google.com/maps/search/?api=1&query=%22ST+JEAN+DE+BRAYE+-+SMOC%22+tennis+de+table+France,47.915456,1.981628
ST JEAN ROHRBACH ALPR,France,https://www.google.com/maps/search/?api=1&query=%22ST+JEAN+ROHRBACH+ALPR%22+tennis+de+table+France,49.023045,6.878309
ST JULIEN TENNIS DE TABLE,France,https://www.google.com/maps/search/?api=1&query=%22ST+JULIEN+TENNIS+DE+TABLE%22+tennis+de+table+France,47.266103,-1.402726
ST JUST EN CHAUSSEE ACLES,France,https://www.google.com/maps/search/?api=1&query=%22ST+JUST+EN+CHAUSSEE+ACLES%22+tennis+de+table+France,49.502612,2.436513
ST LAURENT DE CONDEL TT FR,France,https://www.google.com/maps/search/?api=1&query=%22ST+LAURENT+DE+CONDEL+TT+FR%22+tennis+de+table+France,49.043791,-0.415276
ST LAURENT S/S ASCM,France,https://www.google.com/maps/search/?api=1&query=%22ST+LAURENT+S%2FS+ASCM%22+tennis+de+table+France,46.951294,-0.892153
St Leger de Montbrun PPC,France,https://www.google.com/maps/search/?api=1&query=%22St+Leger+de+Montbrun+PPC%22+tennis+de+table+France,46.994229,-0.130039
ST LEU ETOILE,France,https://www.google.com/maps/search/?api=1&query=%22ST+LEU+ETOILE%22+tennis+de+table+France,49.011005,2.237432
ST MACAIRE EN MAUGES ASPM,France,https://www.google.com/maps/search/?api=1&query=%22ST+MACAIRE+EN+MAUGES+ASPM%22+tennis+de+table+France,47.112656,-0.995005
St Maixent SASM TT,France,https://www.google.com/maps/search/?api=1&query=%22St+Maixent+SASM+TT%22+tennis+de+table+France,46.412732,-0.210826
ST MARCEAU ORLEANS TT,France,https://www.google.com/maps/search/?api=1&query=%22ST+MARCEAU+ORLEANS+TT%22+tennis+de+table+France,47.885260,1.903470
ST MARS LA JAILLE TENNIS TABLE,France,https://www.google.com/maps/search/?api=1&query=%22ST+MARS+LA+JAILLE+TENNIS+TABLE%22+tennis+de+table+France,47.527160,-1.184058
ST MARS LE CELLIER,France,https://www.google.com/maps/search/?api=1&query=%22ST+MARS+LE+CELLIER%22+tennis+de+table+France,47.326628,-1.349756
ST MARS REORTHE TT,France,https://www.google.com/maps/search/?api=1&query=%22ST+MARS+REORTHE+TT%22+tennis+de+table+France,46.861395,-0.922516
ST MARTIN DE LANDELLES TT,France,https://www.google.com/maps/search/?api=1&query=%22ST+MARTIN+DE+LANDELLES+TT%22+tennis+de+table+France,48.545419,-1.168646
ST MARTIN NOYERS ESMTT,France,https://www.google.com/maps/search/?api=1&query=%22ST+MARTIN+NOYERS+ESMTT%22+tennis+de+table+France,46.720690,-1.180851
ST MARTINOIS TT,France,https://www.google.com/maps/search/?api=1&query=%22ST+MARTINOIS+TT%22+tennis+de+table+France,49.108181,2.348186
ST MAX-ST LEU-VILLERS entente TT,France,https://www.google.com/maps/search/?api=1&query=%22ST+MAX-ST+LEU-VILLERS+entente+TT%22+tennis+de+table+France,49.218233,2.405980
ST MEDARD DE MUSSIDAN TT,France,https://www.google.com/maps/search/?api=1&query=%22ST+MEDARD+DE+MUSSIDAN+TT%22+tennis+de+table+France,45.035420,0.335452
ST MELAINE-MOZE LOIRE-AUBANCE TT,France,https://www.google.com/maps/search/?api=1&query=%22ST+MELAINE-MOZE+LOIRE-AUBANCE+TT%22+tennis+de+table+France,47.370551,-0.495069
ST MESMIN-VALLANT TT,France,https://www.google.com/maps/search/?api=1&query=%22ST+MESMIN-VALLANT+TT%22+tennis+de+table+France,48.444481,3.926105
ST MESMIN/MONTOURNAIS AECM TT,France,https://www.google.com/maps/search/?api=1&query=%22ST+MESMIN%2FMONTOURNAIS+AECM+TT%22+tennis+de+table+France,46.791135,-0.737329
ST MICHEL CHEF CHEF  TTMT,France,https://www.google.com/maps/search/?api=1&query=%22ST+MICHEL+CHEF+CHEF++TTMT%22+tennis+de+table+France,47.183623,-2.151264
ST MICHEL T.T.,France,https://www.google.com/maps/search/?api=1&query=%22ST+MICHEL+T.T.%22+tennis+de+table+France,47.308137,0.347863
ST NAZAIRE LEON BLUM TT,France,https://www.google.com/maps/search/?api=1&query=%22ST+NAZAIRE+LEON+BLUM+TT%22+tennis+de+table+France,47.262965,-2.263872
ST NAZAIRE TENNIS DE TABLE,France,https://www.google.com/maps/search/?api=1&query=%22ST+NAZAIRE+TENNIS+DE+TABLE%22+tennis+de+table+France,47.271331,-2.228602
ST NICOLAS DE PORT PPCP,France,https://www.google.com/maps/search/?api=1&query=%22ST+NICOLAS+DE+PORT+PPCP%22+tennis+de+table+France,48.625009,6.293720
ST OUEN S/ITON TT,France,https://www.google.com/maps/search/?api=1&query=%22ST+OUEN+S%2FITON+TT%22+tennis+de+table+France,48.734495,0.665908
ST PARRES AUX TERTRES AST,France,https://www.google.com/maps/search/?api=1&query=%22ST+PARRES+AUX+TERTRES+AST%22+tennis+de+table+France,48.296472,4.119590
ST PAUL EN P. FARFADETS TT,France,https://www.google.com/maps/search/?api=1&query=%22ST+PAUL+EN+P.+FARFADETS+TT%22+tennis+de+table+France,,
ST PHILBERT ATHLETIC CLUB,France,https://www.google.com/maps/search/?api=1&query=%22ST+PHILBERT+ATHLETIC+CLUB%22+tennis+de+table+France,49.296409,0.662946
ST PHILBERT T.T.,France,https://www.google.com/maps/search/?api=1&query=%22ST+PHILBERT+T.T.%22+tennis+de+table+France,47.042085,-1.646243
ST PIERRE DES LANDES T.T,France,https://www.google.com/maps/search/?api=1&query=%22ST+PIERRE+DES+LANDES+T.T%22+tennis+de+table+France,48.276510,-1.026844
St PIERRE DU PERRAY CSL,France,https://www.google.com/maps/search/?api=1&query=%22St+PIERRE+DU+PERRAY+CSL%22+tennis+de+table+France,48.616485,2.505040
ST PIERRE DU REGARD AS,France,https://www.google.com/maps/search/?api=1&query=%22ST+PIERRE+DU+REGARD+AS%22+tennis+de+table+France,48.840314,-0.550474
ST PIERRE LA COUR Club Pongiste,France,https://www.google.com/maps/search/?api=1&query=%22ST+PIERRE+LA+COUR+Club+Pongiste%22+tennis+de+table+France,0.000000,0.000000
ST PIERRE LA GARENNE,France,https://www.google.com/maps/search/?api=1&query=%22ST+PIERRE+LA+GARENNE%22+tennis+de+table+France,49.143536,1.396427
ST POISIENNE A,France,https://www.google.com/maps/search/?api=1&query=%22ST+POISIENNE+A%22+tennis+de+table+France,48.747897,-1.068729
ST POL/MER AMICALE PONGISTE,France,https://www.google.com/maps/search/?api=1&query=%22ST+POL%2FMER+AMICALE+PONGISTE%22+tennis+de+table+France,51.027569,2.343886
ST PRIX ASTT,France,https://www.google.com/maps/search/?api=1&query=%22ST+PRIX+ASTT%22+tennis+de+table+France,49.003289,2.265428
ST QUENTIN / HARLY ASPTT,France,https://www.google.com/maps/search/?api=1&query=%22ST+QUENTIN+%2F+HARLY+ASPTT%22+tennis+de+table+France,49.842165,3.320078
ST QUENTIN LES ANGES T.Table,France,https://www.google.com/maps/search/?api=1&query=%22ST+QUENTIN+LES+ANGES+T.Table%22+tennis+de+table+France,47.772363,-0.886154
ST QUENTIN TT,France,https://www.google.com/maps/search/?api=1&query=%22ST+QUENTIN+TT%22+tennis+de+table+France,49.865013,3.295575
ST REMY DU NORD CP,France,https://www.google.com/maps/search/?api=1&query=%22ST+REMY+DU+NORD+CP%22+tennis+de+table+France,50.231017,3.902170
ST ROMAIN DE JALIONAS,France,https://www.google.com/maps/search/?api=1&query=%22ST+ROMAIN+DE+JALIONAS%22+tennis+de+table+France,45.753851,5.218230
ST SAUFLIEU ASL,France,https://www.google.com/maps/search/?api=1&query=%22ST+SAUFLIEU+ASL%22+tennis+de+table+France,49.790362,2.254378
St Sauveur asp,France,https://www.google.com/maps/search/?api=1&query=%22St+Sauveur+asp%22+tennis+de+table+France,46.819915,-0.419848
St Savin St Germain CTT,France,https://www.google.com/maps/search/?api=1&query=%22St+Savin+St+Germain+CTT%22+tennis+de+table+France,46.565389,0.859036
ST SEBASTIEN P.P.C.,France,https://www.google.com/maps/search/?api=1&query=%22ST+SEBASTIEN+P.P.C.%22+tennis+de+table+France,47.209113,-1.497768
ST SULPICE ST MARTIN ASTT,France,https://www.google.com/maps/search/?api=1&query=%22ST+SULPICE+ST+MARTIN+ASTT%22+tennis+de+table+France,48.796336,0.661242
ST SYLVAIN D ANJOU ASTT,France,https://www.google.com/maps/search/?api=1&query=%22ST+SYLVAIN+D+ANJOU+ASTT%22+tennis+de+table+France,47.515475,-0.471511
ST THIBAULT PING,France,https://www.google.com/maps/search/?api=1&query=%22ST+THIBAULT+PING%22+tennis+de+table+France,48.857555,2.671183
ST VALERY ASTT,France,https://www.google.com/maps/search/?api=1&query=%22ST+VALERY+ASTT%22+tennis+de+table+France,50.182640,1.634732
St Varent TT,France,https://www.google.com/maps/search/?api=1&query=%22St+Varent+TT%22+tennis+de+table+France,46.894062,-0.238844
ST VIANCE TENNIS DE TABLE,France,https://www.google.com/maps/search/?api=1&query=%22ST+VIANCE+TENNIS+DE+TABLE%22+tennis+de+table+France,45.194567,1.449731
ST VINCENT SUR GRAON,France,https://www.google.com/maps/search/?api=1&query=%22ST+VINCENT+SUR+GRAON%22+tennis+de+table+France,46.518467,-1.391880
ST-AVERTIN SPORTS TT,France,https://www.google.com/maps/search/?api=1&query=%22ST-AVERTIN+SPORTS+TT%22+tennis+de+table+France,47.346011,0.730260
ST-BRIEUC TT ST-LAMBERT,France,https://www.google.com/maps/search/?api=1&query=%22ST-BRIEUC+TT+ST-LAMBERT%22+tennis+de+table+France,48.506143,-2.743097
ST. DOULCHARD TT.,France,https://www.google.com/maps/search/?api=1&query=%22ST.+DOULCHARD+TT.%22+tennis+de+table+France,47.109860,2.361033
STADE CLERMONTOIS,France,https://www.google.com/maps/search/?api=1&query=%22STADE+CLERMONTOIS%22+tennis+de+table+France,45.735049,3.068174
STADE DE VANVES,France,https://www.google.com/maps/search/?api=1&query=%22STADE+DE+VANVES%22+tennis+de+table+France,48.824700,2.297312
STADE LOUPEEN TENNIS DE TABLE,France,https://www.google.com/maps/search/?api=1&query=%22STADE+LOUPEEN+TENNIS+DE+TABLE%22+tennis+de+table+France,48.466893,1.019087
STADE MONTOIS,France,https://www.google.com/maps/search/?api=1&query=%22STADE+MONTOIS%22+tennis+de+table+France,43.893595,-0.514478
STADE OLYMPIQUE MILLAVOIS,France,https://www.google.com/maps/search/?api=1&query=%22STADE+OLYMPIQUE+MILLAVOIS%22+tennis+de+table+France,44.095290,3.074551
STADE PORTE NORMANDE VERNON,France,https://www.google.com/maps/search/?api=1&query=%22STADE+PORTE+NORMANDE+VERNON%22+tennis+de+table+France,49.082048,1.487390
STADE VERNOLIEN T T,France,https://www.google.com/maps/search/?api=1&query=%22STADE+VERNOLIEN+T+T%22+tennis+de+table+France,48.741241,0.914781
STAINS ES-PIERREFITTE AS,France,https://www.google.com/maps/search/?api=1&query=%22STAINS+ES-PIERREFITTE+AS%22+tennis+de+table+France,48.952477,2.369281
STARLINE CLUB TENNIS TABLE,France,https://www.google.com/maps/search/?api=1&query=%22STARLINE+CLUB+TENNIS+TABLE%22+tennis+de+table+France,44.161357,4.955941
STE FLAIVE LS,France,https://www.google.com/maps/search/?api=1&query=%22STE+FLAIVE+LS%22+tennis+de+table+France,46.607822,-1.577879
STE FLO/VENDRENNES ES,France,https://www.google.com/maps/search/?api=1&query=%22STE+FLO%2FVENDRENNES+ES%22+tennis+de+table+France,46.805892,-1.146793
STE GEMMES S/LOIRE R.G.,France,https://www.google.com/maps/search/?api=1&query=%22STE+GEMMES+S%2FLOIRE+R.G.%22+tennis+de+table+France,47.426923,-0.554674
STE GEMMES Tennis de Table,France,https://www.google.com/maps/search/?api=1&query=%22STE+GEMMES+Tennis+de+Table%22+tennis+de+table+France,48.196043,-0.375253
Ste GENEVIEVE SP,France,https://www.google.com/maps/search/?api=1&query=%22Ste+GENEVIEVE+SP%22+tennis+de+table+France,48.650310,2.303300
STE HONORINE LA CHARDONNE F.,France,https://www.google.com/maps/search/?api=1&query=%22STE+HONORINE+LA+CHARDONNE+F.%22+tennis+de+table+France,48.825089,-0.484201
STE JAMME MAINE COEUR SARTHE TT,France,https://www.google.com/maps/search/?api=1&query=%22STE+JAMME+MAINE+COEUR+SARTHE+TT%22+tennis+de+table+France,48.138159,0.163457
STE LUCE T.T.,France,https://www.google.com/maps/search/?api=1&query=%22STE+LUCE+T.T.%22+tennis+de+table+France,47.248867,-1.483284
STE MARIE AUX CHENES ASPTT,France,https://www.google.com/maps/search/?api=1&query=%22STE+MARIE+AUX+CHENES+ASPTT%22+tennis+de+table+France,49.194077,5.997951
STE MARIE STE MERE ES,France,https://www.google.com/maps/search/?api=1&query=%22STE+MARIE+STE+MERE+ES%22+tennis+de+table+France,44.564740,3.551157
STEENBECQUE FRJEP,France,https://www.google.com/maps/search/?api=1&query=%22STEENBECQUE+FRJEP%22+tennis+de+table+France,50.669569,2.490171
STELLA SPORTS MENT/ROQUEB.,France,https://www.google.com/maps/search/?api=1&query=%22STELLA+SPORTS+MENT%2FROQUEB.%22+tennis+de+table+France,43.763048,7.477975
STELLA THONON,France,https://www.google.com/maps/search/?api=1&query=%22STELLA+THONON%22+tennis+de+table+France,46.362158,6.465471
STENAY P.P.C.,France,https://www.google.com/maps/search/?api=1&query=%22STENAY+P.P.C.%22+tennis+de+table+France,49.491563,5.187005
STRASBOURG AS EUROMETROPOLE,France,https://www.google.com/maps/search/?api=1&query=%22STRASBOURG+AS+EUROMETROPOLE%22+tennis+de+table+France,48.549428,7.747284
STRASBOURG CHEMINOTS ASCS,France,https://www.google.com/maps/search/?api=1&query=%22STRASBOURG+CHEMINOTS+ASCS%22+tennis+de+table+France,48.587557,7.738626
STRASBOURG ELECTRICITE AS,France,https://www.google.com/maps/search/?api=1&query=%22STRASBOURG+ELECTRICITE+AS%22+tennis+de+table+France,48.575008,7.751179
STRASBOURG EUROMETROPOLE TT,France,https://www.google.com/maps/search/?api=1&query=%22STRASBOURG+EUROMETROPOLE+TT%22+tennis+de+table+France,48.576474,7.770451
STRASBOURG RC,France,https://www.google.com/maps/search/?api=1&query=%22STRASBOURG+RC%22+tennis+de+table+France,48.546751,7.747836
STRASBOURG ST JEAN CS 1852,France,https://www.google.com/maps/search/?api=1&query=%22STRASBOURG+ST+JEAN+CS+1852%22+tennis+de+table+France,48.576991,7.761468
STRASBOURG ST JOSEPH,France,https://www.google.com/maps/search/?api=1&query=%22STRASBOURG+ST+JOSEPH%22+tennis+de+table+France,48.576991,7.761468
STT Brie Champniers,France,https://www.google.com/maps/search/?api=1&query=%22STT+Brie+Champniers%22+tennis+de+table+France,45.689981,0.183678
STT MEZERIAT,France,https://www.google.com/maps/search/?api=1&query=%22STT+MEZERIAT%22+tennis+de+table+France,46.227380,5.048293
SUCE SUR ERDRE,France,https://www.google.com/maps/search/?api=1&query=%22SUCE+SUR+ERDRE%22+tennis+de+table+France,47.330318,-1.521799
SUCY ES,France,https://www.google.com/maps/search/?api=1&query=%22SUCY+ES%22+tennis+de+table+France,48.769681,2.533423
SUD LOIRE TT 45,France,https://www.google.com/maps/search/?api=1&query=%22SUD+LOIRE+TT+45%22+tennis+de+table+France,47.831990,1.963830
SUD REVERMONT TENNIS DE TABLE,France,https://www.google.com/maps/search/?api=1&query=%22SUD+REVERMONT+TENNIS+DE+TABLE%22+tennis+de+table+France,46.142843,5.320707
SUD VILAINE GOELANDS,France,https://www.google.com/maps/search/?api=1&query=%22SUD+VILAINE+GOELANDS%22+tennis+de+table+France,47.480964,-2.475903
SUEZ,France,https://www.google.com/maps/search/?api=1&query=%22SUEZ%22+tennis+de+table+France,48.869360,2.177714
SURAT FOYER RURAL,France,https://www.google.com/maps/search/?api=1&query=%22SURAT+FOYER+RURAL%22+tennis+de+table+France,45.937852,3.254783
SURESNES ASTT,France,https://www.google.com/maps/search/?api=1&query=%22SURESNES+ASTT%22+tennis+de+table+France,48.875707,2.228869
Surgeres ACP,France,https://www.google.com/maps/search/?api=1&query=%22Surgeres+ACP%22+tennis+de+table+France,46.109150,-0.749100
SV Al. 1907 Königstädten,Allemagne,https://www.google.com/maps/search/?api=1&query=%22SV+Al.+1907+K%C3%B6nigst%C3%A4dten%22+Tischtennis+Deutschland,49.956060,8.451094
SV Berliner Brauereien,Allemagne,https://www.google.com/maps/search/?api=1&query=%22SV+Berliner+Brauereien%22+Tischtennis+Deutschland,52.536578,13.467923
SV Böblingen,Allemagne,https://www.google.com/maps/search/?api=1&query=%22SV+B%C3%B6blingen%22+Tischtennis+Deutschland,48.695122,9.023120
SV DJK Eggolsheim,Allemagne,https://www.google.com/maps/search/?api=1&query=%22SV+DJK+Eggolsheim%22+Tischtennis+Deutschland,49.767996,11.064095
SV DJK Holzbüttgen,Allemagne,https://www.google.com/maps/search/?api=1&query=%22SV+DJK+Holzb%C3%BCttgen%22+Tischtennis+Deutschland,51.218968,6.617137
SV DJK Kolbermoor,Allemagne,https://www.google.com/maps/search/?api=1&query=%22SV+DJK+Kolbermoor%22+Tischtennis+Deutschland,47.854189,12.072649
SV Motor 1951 Falkensee,Allemagne,https://www.google.com/maps/search/?api=1&query=%22SV+Motor+1951+Falkensee%22+Tischtennis+Deutschland,52.569179,13.051515
SV Niklashausen e.V.,Allemagne,https://www.google.com/maps/search/?api=1&query=%22SV+Niklashausen+e.V.%22+Tischtennis+Deutschland,49.703376,9.618362
SV Siek,Allemagne,https://www.google.com/maps/search/?api=1&query=%22SV+Siek%22+Tischtennis+Deutschland,53.651949,10.327428
SV Sillenbuch,Allemagne,https://www.google.com/maps/search/?api=1&query=%22SV+Sillenbuch%22+Tischtennis+Deutschland,48.747044,9.202912
SV Union Salzgitter,Allemagne,https://www.google.com/maps/search/?api=1&query=%22SV+Union+Salzgitter%22+Tischtennis+Deutschland,52.038860,10.397155
SV Viktoria Preußen,Allemagne,https://www.google.com/maps/search/?api=1&query=%22SV+Viktoria+Preu%C3%9Fen%22+Tischtennis+Deutschland,50.153030,8.676139
SV Wolsfeld,Allemagne,https://www.google.com/maps/search/?api=1&query=%22SV+Wolsfeld%22+Tischtennis+Deutschland,49.908012,6.467357
SVH 1945 Kassel,Allemagne,https://www.google.com/maps/search/?api=1&query=%22SVH+1945+Kassel%22+Tischtennis+Deutschland,51.290086,9.618296
SÃO COSME TMC,Portugal,https://www.google.com/maps/search/?api=1&query=%22S%C3%83O+COSME+TMC%22+t%C3%A9nis+de+mesa+Portugal,41.447386,-8.475030
T DE T SELONCOURTOIS,France,https://www.google.com/maps/search/?api=1&query=%22T+DE+T+SELONCOURTOIS%22+tennis+de+table+France,47.462163,6.862173
T T PONTCHARRA,France,https://www.google.com/maps/search/?api=1&query=%22T+T+PONTCHARRA%22+tennis+de+table+France,45.432105,6.009335
T T SERVANCE MELISEY,France,https://www.google.com/maps/search/?api=1&query=%22T+T+SERVANCE+MELISEY%22+tennis+de+table+France,47.817072,6.688995
T. T. DU PAYS DE LOCMINE,France,https://www.google.com/maps/search/?api=1&query=%22T.+T.+DU+PAYS+DE+LOCMINE%22+tennis+de+table+France,47.880355,-2.832894
T.T HAUT-LIGNON,France,https://www.google.com/maps/search/?api=1&query=%22T.T+HAUT-LIGNON%22+tennis+de+table+France,45.062642,4.292668
T.T. BLERE VAL DE CHER,France,https://www.google.com/maps/search/?api=1&query=%22T.T.+BLERE+VAL+DE+CHER%22+tennis+de+table+France,47.326084,1.006984
T.T. BOURG DES COMPTES,France,https://www.google.com/maps/search/?api=1&query=%22T.T.+BOURG+DES+COMPTES%22+tennis+de+table+France,47.929449,-1.735803
T.T. BOURGOIN JALLIEU,France,https://www.google.com/maps/search/?api=1&query=%22T.T.+BOURGOIN+JALLIEU%22+tennis+de+table+France,45.594470,5.275067
T.T. Echillais,France,https://www.google.com/maps/search/?api=1&query=%22T.T.+Echillais%22+tennis+de+table+France,45.903716,-0.934148
T.T. FRESNE CAUVERVILLE,France,https://www.google.com/maps/search/?api=1&query=%22T.T.+FRESNE+CAUVERVILLE%22+tennis+de+table+France,49.201785,0.464213
T.T. GERMINOIS,France,https://www.google.com/maps/search/?api=1&query=%22T.T.+GERMINOIS%22+tennis+de+table+France,47.104932,2.483616
T.T. HAUT MACONNAIS,France,https://www.google.com/maps/search/?api=1&query=%22T.T.+HAUT+MACONNAIS%22+tennis+de+table+France,46.472011,4.813309
T.T. HYEROIS,France,https://www.google.com/maps/search/?api=1&query=%22T.T.+HYEROIS%22+tennis+de+table+France,43.122432,6.127940
T.T. IZERON,France,https://www.google.com/maps/search/?api=1&query=%22T.T.+IZERON%22+tennis+de+table+France,45.146500,5.375780
T.T. JOUE-LES-TOURS,France,https://www.google.com/maps/search/?api=1&query=%22T.T.+JOUE-LES-TOURS%22+tennis+de+table+France,47.339143,0.657818
T.T. LA BATHIE,France,https://www.google.com/maps/search/?api=1&query=%22T.T.+LA+BATHIE%22+tennis+de+table+France,45.621861,6.449764
T.T. LA GUIDELOISE,France,https://www.google.com/maps/search/?api=1&query=%22T.T.+LA+GUIDELOISE%22+tennis+de+table+France,47.791217,-3.488620
T.T. LA MOTTE SERVOLEX,France,https://www.google.com/maps/search/?api=1&query=%22T.T.+LA+MOTTE+SERVOLEX%22+tennis+de+table+France,45.601262,5.868585
T.T. MONTELIER,France,https://www.google.com/maps/search/?api=1&query=%22T.T.+MONTELIER%22+tennis+de+table+France,44.933184,5.028023
T.T. MONTS ARTANNES,France,https://www.google.com/maps/search/?api=1&query=%22T.T.+MONTS+ARTANNES%22+tennis+de+table+France,47.273176,0.644491
T.T. PLEMET,France,https://www.google.com/maps/search/?api=1&query=%22T.T.+PLEMET%22+tennis+de+table+France,48.172705,-2.598835
T.T. SAINT GENOUPH,France,https://www.google.com/maps/search/?api=1&query=%22T.T.+SAINT+GENOUPH%22+tennis+de+table+France,47.374717,0.599337
T.T. SEMBLANCEEN,France,https://www.google.com/maps/search/?api=1&query=%22T.T.+SEMBLANCEEN%22+tennis+de+table+France,47.503575,0.585936
T.T. SEYSSINOIS,France,https://www.google.com/maps/search/?api=1&query=%22T.T.+SEYSSINOIS%22+tennis+de+table+France,45.165727,5.694115
T.T.C. BUIS LES BARONNIES,France,https://www.google.com/maps/search/?api=1&query=%22T.T.C.+BUIS+LES+BARONNIES%22+tennis+de+table+France,44.273011,5.273447
T.T.C.CORTE,France,https://www.google.com/maps/search/?api=1&query=%22T.T.C.CORTE%22+tennis+de+table+France,42.298226,9.176611
T.T.CARCENAC BARAQUEVILLE,France,https://www.google.com/maps/search/?api=1&query=%22T.T.CARCENAC+BARAQUEVILLE%22+tennis+de+table+France,44.274347,2.435572
T.T.Haguenau Wissembourg,France,https://www.google.com/maps/search/?api=1&query=%22T.T.Haguenau+Wissembourg%22+tennis+de+table+France,48.815809,7.793848
T.T.LUCOIS,France,https://www.google.com/maps/search/?api=1&query=%22T.T.LUCOIS%22+tennis+de+table+France,43.391159,6.317691
T.T.M.A,France,https://www.google.com/maps/search/?api=1&query=%22T.T.M.A%22+tennis+de+table+France,46.625223,0.307640
T.T.PORTO-VECCHIAIS,France,https://www.google.com/maps/search/?api=1&query=%22T.T.PORTO-VECCHIAIS%22+tennis+de+table+France,46.263442,6.115137
T.T.ST PAUL D ESPIS,France,https://www.google.com/maps/search/?api=1&query=%22T.T.ST+PAUL+D+ESPIS%22+tennis+de+table+France,44.136181,0.999374
T.T.Vergongheon,France,https://www.google.com/maps/search/?api=1&query=%22T.T.Vergongheon%22+tennis+de+table+France,45.362315,3.346420
TABOR,Espagne,https://www.google.com/maps/search/?api=1&query=%22TABOR%22+tenis+de+mesa+Espa%C3%B1a,43.075508,-3.070743
TAGNON PPC,France,https://www.google.com/maps/search/?api=1&query=%22TAGNON+PPC%22+tennis+de+table+France,49.444007,4.288006
TAILLIS ST CHRISTOPHE BOIS ES,France,https://www.google.com/maps/search/?api=1&query=%22TAILLIS+ST+CHRISTOPHE+BOIS+ES%22+tennis+de+table+France,48.117501,-1.085127
TAISSY ASTT,France,https://www.google.com/maps/search/?api=1&query=%22TAISSY+ASTT%22+tennis+de+table+France,49.215313,4.089541
TALAVERA,Espagne,https://www.google.com/maps/search/?api=1&query=%22TALAVERA%22+tenis+de+mesa+Espa%C3%B1a,41.581798,1.338260
TALENSAC PONGISTE CLUB,France,https://www.google.com/maps/search/?api=1&query=%22TALENSAC+PONGISTE+CLUB%22+tennis+de+table+France,48.109411,-1.930108
TAMPON TENNIS DE TABLE,France,https://www.google.com/maps/search/?api=1&query=%22TAMPON+TENNIS+DE+TABLE%22+tennis+de+table+France,-21.276849,55.514420
TARBES ODOS PYRENEES TT,France,https://www.google.com/maps/search/?api=1&query=%22TARBES+ODOS+PYRENEES+TT%22+tennis+de+table+France,43.238282,0.058861
TARDIERE CTT,France,https://www.google.com/maps/search/?api=1&query=%22TARDIERE+CTT%22+tennis+de+table+France,46.663069,-0.731733
TASSIN CLUB PONGISTE,France,https://www.google.com/maps/search/?api=1&query=%22TASSIN+CLUB+PONGISTE%22+tennis+de+table+France,45.758294,4.767402
TAVERNY TENNIS DE TABLE,France,https://www.google.com/maps/search/?api=1&query=%22TAVERNY+TENNIS+DE+TABLE%22+tennis+de+table+France,49.010802,2.205177
TCT MONTBRISON,France,https://www.google.com/maps/search/?api=1&query=%22TCT+MONTBRISON%22+tennis+de+table+France,45.605576,4.068609
TEAM LUCIAN TAUT 06 TT NICE,France,https://www.google.com/maps/search/?api=1&query=%22TEAM+LUCIAN+TAUT+06+TT+NICE%22+tennis+de+table+France,43.696322,7.245984
TECHE TENNIS DE TABLE,France,https://www.google.com/maps/search/?api=1&query=%22TECHE+TENNIS+DE+TABLE%22+tennis+de+table+France,45.177346,5.373367
TEILLE C.P.,France,https://www.google.com/maps/search/?api=1&query=%22TEILLE+C.P.%22+tennis+de+table+France,47.462512,-1.278553
TEILLEULAIS TT,France,https://www.google.com/maps/search/?api=1&query=%22TEILLEULAIS+TT%22+tennis+de+table+France,48.534384,-0.873346
TELLANCOURT ASC,France,https://www.google.com/maps/search/?api=1&query=%22TELLANCOURT+ASC%22+tennis+de+table+France,49.506280,5.632487
TELOCHE TT,France,https://www.google.com/maps/search/?api=1&query=%22TELOCHE+TT%22+tennis+de+table+France,47.888732,0.267231
TEMESPIN,Espagne,https://www.google.com/maps/search/?api=1&query=%22TEMESPIN%22+tenis+de+mesa+Espa%C3%B1a,40.379585,-3.706437
TEMPLEMARS-VENDEVILLE EP,France,https://www.google.com/maps/search/?api=1&query=%22TEMPLEMARS-VENDEVILLE+EP%22+tennis+de+table+France,50.568778,3.058742
Tennis  de Table de  GELLES,France,https://www.google.com/maps/search/?api=1&query=%22Tennis++de+Table+de++GELLES%22+tennis+de+table+France,45.766451,2.756905
Tennis Borussia Berlin,Allemagne,https://www.google.com/maps/search/?api=1&query=%22Tennis+Borussia+Berlin%22+Tischtennis+Deutschland,52.557746,13.373114
TENNIS CLUB CRUVIERS-LASCOURS,France,https://www.google.com/maps/search/?api=1&query=%22TENNIS+CLUB+CRUVIERS-LASCOURS%22+tennis+de+table+France,44.013145,4.193107
Tennis club de RICHARDMENIL,France,https://www.google.com/maps/search/?api=1&query=%22Tennis+club+de+RICHARDMENIL%22+tennis+de+table+France,48.593343,6.170077
TENNIS DE TABLE  CLUB DE BLAIN,France,https://www.google.com/maps/search/?api=1&query=%22TENNIS+DE+TABLE++CLUB+DE+BLAIN%22+tennis+de+table+France,47.480294,-1.762686
TENNIS DE TABLE 3 ROCHERS MURAT,France,https://www.google.com/maps/search/?api=1&query=%22TENNIS+DE+TABLE+3+ROCHERS+MURAT%22+tennis+de+table+France,45.108518,2.861283
TENNIS DE TABLE ADAMOIS,France,https://www.google.com/maps/search/?api=1&query=%22TENNIS+DE+TABLE+ADAMOIS%22+tennis+de+table+France,49.114927,2.221690
TENNIS DE TABLE ARAMON,France,https://www.google.com/maps/search/?api=1&query=%22TENNIS+DE+TABLE+ARAMON%22+tennis+de+table+France,43.898549,4.679213
Tennis de Table Aurillacois,France,https://www.google.com/maps/search/?api=1&query=%22Tennis+de+Table+Aurillacois%22+tennis+de+table+France,44.932248,2.448733
TENNIS DE TABLE BASTIDON,France,https://www.google.com/maps/search/?api=1&query=%22TENNIS+DE+TABLE+BASTIDON%22+tennis+de+table+France,50.009034,3.782907
TENNIS DE TABLE BENAISIEN,France,https://www.google.com/maps/search/?api=1&query=%22TENNIS+DE+TABLE+BENAISIEN%22+tennis+de+table+France,47.296595,0.213179
TENNIS DE TABLE BOUCHARDAIS,France,https://www.google.com/maps/search/?api=1&query=%22TENNIS+DE+TABLE+BOUCHARDAIS%22+tennis+de+table+France,47.114917,0.429440
Tennis de Table Breuvannais,France,https://www.google.com/maps/search/?api=1&query=%22Tennis+de+Table+Breuvannais%22+tennis+de+table+France,48.093980,5.612767
TENNIS DE TABLE BRIGNOLES,France,https://www.google.com/maps/search/?api=1&query=%22TENNIS+DE+TABLE+BRIGNOLES%22+tennis+de+table+France,43.414052,6.064844
Tennis de Table Bréhat,France,https://www.google.com/maps/search/?api=1&query=%22Tennis+de+Table+Br%C3%A9hat%22+tennis+de+table+France,48.845537,-3.001756
TENNIS DE TABLE CAJARC ESPOIR,France,https://www.google.com/maps/search/?api=1&query=%22TENNIS+DE+TABLE+CAJARC+ESPOIR%22+tennis+de+table+France,44.486372,1.840612
TENNIS DE TABLE CASTELPONTIN,France,https://www.google.com/maps/search/?api=1&query=%22TENNIS+DE+TABLE+CASTELPONTIN%22+tennis+de+table+France,45.799821,3.239478
TENNIS DE TABLE CHAMPLIVE,France,https://www.google.com/maps/search/?api=1&query=%22TENNIS+DE+TABLE+CHAMPLIVE%22+tennis+de+table+France,47.289395,6.245093
TENNIS DE TABLE CHINONAIS,France,https://www.google.com/maps/search/?api=1&query=%22TENNIS+DE+TABLE+CHINONAIS%22+tennis+de+table+France,47.167040,0.253944
TENNIS DE TABLE CLARETAIN,France,https://www.google.com/maps/search/?api=1&query=%22TENNIS+DE+TABLE+CLARETAIN%22+tennis+de+table+France,43.860934,3.906141
TENNIS DE TABLE CLUB GARNACHOIS,France,https://www.google.com/maps/search/?api=1&query=%22TENNIS+DE+TABLE+CLUB+GARNACHOIS%22+tennis+de+table+France,46.890013,-1.832245
TENNIS DE TABLE CLUB LAURENTIN,France,https://www.google.com/maps/search/?api=1&query=%22TENNIS+DE+TABLE+CLUB+LAURENTIN%22+tennis+de+table+France,42.770953,2.992783
TENNIS DE TABLE CONLIEGE,France,https://www.google.com/maps/search/?api=1&query=%22TENNIS+DE+TABLE+CONLIEGE%22+tennis+de+table+France,46.656319,5.595129
Tennis de Table CORLAY,France,https://www.google.com/maps/search/?api=1&query=%22Tennis+de+Table+CORLAY%22+tennis+de+table+France,48.315921,-3.057091
Tennis de Table Cormery-Truyes,France,https://www.google.com/maps/search/?api=1&query=%22Tennis+de+Table+Cormery-Truyes%22+tennis+de+table+France,47.274407,0.847446
Tennis de Table corpo briochin,France,https://www.google.com/maps/search/?api=1&query=%22Tennis+de+Table+corpo+briochin%22+tennis+de+table+France,48.506822,-2.743814
TENNIS DE TABLE CRITOURIEN,France,https://www.google.com/maps/search/?api=1&query=%22TENNIS+DE+TABLE+CRITOURIEN%22+tennis+de+table+France,43.103126,1.656298
Tennis de table d' Albertville ,France,https://www.google.com/maps/search/?api=1&query=%22Tennis+de+table+d%27+Albertville+%22+tennis+de+table+France,45.662832,6.404674
TENNIS DE TABLE DE CAYENNE,France,https://www.google.com/maps/search/?api=1&query=%22TENNIS+DE+TABLE+DE+CAYENNE%22+tennis+de+table+France,4.940582,-52.324786
TENNIS DE TABLE DE CENSEAU,France,https://www.google.com/maps/search/?api=1&query=%22TENNIS+DE+TABLE+DE+CENSEAU%22+tennis+de+table+France,46.815205,6.064106
TENNIS DE TABLE DE DAMPRICHARD,France,https://www.google.com/maps/search/?api=1&query=%22TENNIS+DE+TABLE+DE+DAMPRICHARD%22+tennis+de+table+France,47.243481,6.880566
TENNIS DE TABLE DE GARCHIZY,France,https://www.google.com/maps/search/?api=1&query=%22TENNIS+DE+TABLE+DE+GARCHIZY%22+tennis+de+table+France,47.043324,3.095097
TENNIS DE TABLE DE LAPALISSE,France,https://www.google.com/maps/search/?api=1&query=%22TENNIS+DE+TABLE+DE+LAPALISSE%22+tennis+de+table+France,46.247345,3.624962
TENNIS DE TABLE DE LOPERHET,France,https://www.google.com/maps/search/?api=1&query=%22TENNIS+DE+TABLE+DE+LOPERHET%22+tennis+de+table+France,48.381344,-4.306592
TENNIS DE TABLE DE NIHERNE,France,https://www.google.com/maps/search/?api=1&query=%22TENNIS+DE+TABLE+DE+NIHERNE%22+tennis+de+table+France,46.829540,1.561745
Tennis de table de Ouangani,France,https://www.google.com/maps/search/?api=1&query=%22Tennis+de+table+de+Ouangani%22+tennis+de+table+France,-12.847812,45.136156
TENNIS DE TABLE DE PORT DE BOUC,France,https://www.google.com/maps/search/?api=1&query=%22TENNIS+DE+TABLE+DE+PORT+DE+BOUC%22+tennis+de+table+France,43.408681,4.994507
Tennis de Table de Reignac,France,https://www.google.com/maps/search/?api=1&query=%22Tennis+de+Table+de+Reignac%22+tennis+de+table+France,44.504766,1.371590
TENNIS DE TABLE DE SAINT-PATHUS,France,https://www.google.com/maps/search/?api=1&query=%22TENNIS+DE+TABLE+DE+SAINT-PATHUS%22+tennis+de+table+France,49.076589,2.790997
TENNIS DE TABLE DE VARENNES,France,https://www.google.com/maps/search/?api=1&query=%22TENNIS+DE+TABLE+DE+VARENNES%22+tennis+de+table+France,0.000000,0.000000
TENNIS DE TABLE DES COMBRAILLES,France,https://www.google.com/maps/search/?api=1&query=%22TENNIS+DE+TABLE+DES+COMBRAILLES%22+tennis+de+table+France,45.866516,2.673010
TENNIS DE TABLE DIGNOIS,France,https://www.google.com/maps/search/?api=1&query=%22TENNIS+DE+TABLE+DIGNOIS%22+tennis+de+table+France,44.087369,6.248228
Tennis de Table du Coteau,France,https://www.google.com/maps/search/?api=1&query=%22Tennis+de+Table+du+Coteau%22+tennis+de+table+France,46.018877,4.088586
TENNIS DE TABLE EMBRUNAIS,France,https://www.google.com/maps/search/?api=1&query=%22TENNIS+DE+TABLE+EMBRUNAIS%22+tennis+de+table+France,44.562518,6.494284
Tennis de Table en Pays Viganais,France,https://www.google.com/maps/search/?api=1&query=%22Tennis+de+Table+en+Pays+Viganais%22+tennis+de+table+France,43.985074,3.603423
TENNIS DE TABLE GOURIN,France,https://www.google.com/maps/search/?api=1&query=%22TENNIS+DE+TABLE+GOURIN%22+tennis+de+table+France,48.134186,-3.613791
TENNIS DE TABLE GRAULHET,France,https://www.google.com/maps/search/?api=1&query=%22TENNIS+DE+TABLE+GRAULHET%22+tennis+de+table+France,43.757048,1.984903
TENNIS DE TABLE GUERCHAIS,France,https://www.google.com/maps/search/?api=1&query=%22TENNIS+DE+TABLE+GUERCHAIS%22+tennis+de+table+France,47.936616,-1.235054
TENNIS DE TABLE HENRICHEMONT,France,https://www.google.com/maps/search/?api=1&query=%22TENNIS+DE+TABLE+HENRICHEMONT%22+tennis+de+table+France,47.305009,2.521722
TENNIS DE TABLE LA ROCHE VENDEE,France,https://www.google.com/maps/search/?api=1&query=%22TENNIS+DE+TABLE+LA+ROCHE+VENDEE%22+tennis+de+table+France,46.695471,-1.442872
TENNIS DE TABLE LAVANDOU BORMES,France,https://www.google.com/maps/search/?api=1&query=%22TENNIS+DE+TABLE+LAVANDOU+BORMES%22+tennis+de+table+France,43.135651,6.363906
TENNIS DE TABLE LE BRETHON,France,https://www.google.com/maps/search/?api=1&query=%22TENNIS+DE+TABLE+LE+BRETHON%22+tennis+de+table+France,46.572072,2.717690
TENNIS DE TABLE MARTEGAL,France,https://www.google.com/maps/search/?api=1&query=%22TENNIS+DE+TABLE+MARTEGAL%22+tennis+de+table+France,43.398950,5.041719
TENNIS DE TABLE MAURIAC,France,https://www.google.com/maps/search/?api=1&query=%22TENNIS+DE+TABLE+MAURIAC%22+tennis+de+table+France,45.217329,2.334683
TENNIS DE TABLE MEYREUIL,France,https://www.google.com/maps/search/?api=1&query=%22TENNIS+DE+TABLE+MEYREUIL%22+tennis+de+table+France,43.474461,5.497557
TENNIS DE TABLE MORIERES,France,https://www.google.com/maps/search/?api=1&query=%22TENNIS+DE+TABLE+MORIERES%22+tennis+de+table+France,43.932485,4.905932
TENNIS DE TABLE ODARS,France,https://www.google.com/maps/search/?api=1&query=%22TENNIS+DE+TABLE+ODARS%22+tennis+de+table+France,43.523482,1.590618
TENNIS DE TABLE OFFRANVILLAIS,France,https://www.google.com/maps/search/?api=1&query=%22TENNIS+DE+TABLE+OFFRANVILLAIS%22+tennis+de+table+France,49.868530,1.039313
TENNIS DE TABLE OVNI,France,https://www.google.com/maps/search/?api=1&query=%22TENNIS+DE+TABLE+OVNI%22+tennis+de+table+France,43.834444,5.981244
TENNIS DE TABLE PARIS 16,France,https://www.google.com/maps/search/?api=1&query=%22TENNIS+DE+TABLE+PARIS+16%22+tennis+de+table+France,,
Tennis de Table PAYS GAILLACOIS,France,https://www.google.com/maps/search/?api=1&query=%22Tennis+de+Table+PAYS+GAILLACOIS%22+tennis+de+table+France,43.927277,2.012999
TENNIS DE TABLE PAYS MELOIS,France,https://www.google.com/maps/search/?api=1&query=%22TENNIS+DE+TABLE+PAYS+MELOIS%22+tennis+de+table+France,48.513161,0.352216
TENNIS DE TABLE PIBRACAIS,France,https://www.google.com/maps/search/?api=1&query=%22TENNIS+DE+TABLE+PIBRACAIS%22+tennis+de+table+France,43.618228,1.279790
TENNIS DE TABLE PLUS,France,https://www.google.com/maps/search/?api=1&query=%22TENNIS+DE+TABLE+PLUS%22+tennis+de+table+France,48.820646,2.370577
TENNIS DE TABLE POUZINOIS,France,https://www.google.com/maps/search/?api=1&query=%22TENNIS+DE+TABLE+POUZINOIS%22+tennis+de+table+France,44.742013,4.746157
TENNIS DE TABLE RAMBERTOIS,France,https://www.google.com/maps/search/?api=1&query=%22TENNIS+DE+TABLE+RAMBERTOIS%22+tennis+de+table+France,45.293607,4.820794
TENNIS DE TABLE RANDAN,France,https://www.google.com/maps/search/?api=1&query=%22TENNIS+DE+TABLE+RANDAN%22+tennis+de+table+France,46.020925,3.359990
TENNIS DE TABLE REDON,France,https://www.google.com/maps/search/?api=1&query=%22TENNIS+DE+TABLE+REDON%22+tennis+de+table+France,47.657136,-2.075028
TENNIS DE TABLE RONCHAMP,France,https://www.google.com/maps/search/?api=1&query=%22TENNIS+DE+TABLE+RONCHAMP%22+tennis+de+table+France,47.699583,6.632060
TENNIS DE TABLE SAINT-PIERROIS,France,https://www.google.com/maps/search/?api=1&query=%22TENNIS+DE+TABLE+SAINT-PIERROIS%22+tennis+de+table+France,-21.333238,55.468687
TENNIS DE TABLE SAULIEU,France,https://www.google.com/maps/search/?api=1&query=%22TENNIS+DE+TABLE+SAULIEU%22+tennis+de+table+France,47.280887,4.225094
Tennis de Table Saussetois ,France,https://www.google.com/maps/search/?api=1&query=%22Tennis+de+Table+Saussetois+%22+tennis+de+table+France,,
Tennis de Table Six-Fours,France,https://www.google.com/maps/search/?api=1&query=%22Tennis+de+Table+Six-Fours%22+tennis+de+table+France,43.096701,5.823199
TENNIS DE TABLE SOTTEVASTAIS,France,https://www.google.com/maps/search/?api=1&query=%22TENNIS+DE+TABLE+SOTTEVASTAIS%22+tennis+de+table+France,49.522317,-1.594239
TENNIS DE TABLE SUD CHER,France,https://www.google.com/maps/search/?api=1&query=%22TENNIS+DE+TABLE+SUD+CHER%22+tennis+de+table+France,46.563405,2.196140
TENNIS DE TABLE THIAVILLE FR,France,https://www.google.com/maps/search/?api=1&query=%22TENNIS+DE+TABLE+THIAVILLE+FR%22+tennis+de+table+France,48.412189,6.810884
Tennis de Table TRICASTIN,France,https://www.google.com/maps/search/?api=1&query=%22Tennis+de+Table+TRICASTIN%22+tennis+de+table+France,44.347469,4.760521
TENNIS DE TABLE VALBURGEOIS,France,https://www.google.com/maps/search/?api=1&query=%22TENNIS+DE+TABLE+VALBURGEOIS%22+tennis+de+table+France,48.716299,0.437113
TENNIS DE TABLE VALLONNAIS,France,https://www.google.com/maps/search/?api=1&query=%22TENNIS+DE+TABLE+VALLONNAIS%22+tennis+de+table+France,46.532825,2.602731
TENNIS DE TABLE VEAUCHE,France,https://www.google.com/maps/search/?api=1&query=%22TENNIS+DE+TABLE+VEAUCHE%22+tennis+de+table+France,45.563761,4.277870
TENNIS DE TABLE VICO CHRISTINOIS,France,https://www.google.com/maps/search/?api=1&query=%22TENNIS+DE+TABLE+VICO+CHRISTINOIS%22+tennis+de+table+France,47.294205,-0.844957
Tennis De Table Village Passion,France,https://www.google.com/maps/search/?api=1&query=%22Tennis+De+Table+Village+Passion%22+tennis+de+table+France,43.239241,3.110037
TENNIS DE TABLE VILLEDOUX A.,France,https://www.google.com/maps/search/?api=1&query=%22TENNIS+DE+TABLE+VILLEDOUX+A.%22+tennis+de+table+France,46.241470,-1.065870
Tennis de Table VILLEFONTAINE,France,https://www.google.com/maps/search/?api=1&query=%22Tennis+de+Table+VILLEFONTAINE%22+tennis+de+table+France,45.606526,5.154927
TENNIS DE TABLE VOUJEAUCOURT,France,https://www.google.com/maps/search/?api=1&query=%22TENNIS+DE+TABLE+VOUJEAUCOURT%22+tennis+de+table+France,47.468900,6.761780
TENNIS DE TABLE YSSINGELAIS,France,https://www.google.com/maps/search/?api=1&query=%22TENNIS+DE+TABLE+YSSINGELAIS%22+tennis+de+table+France,45.130077,4.125618
TENNIS TABLE MIMIZANNAIS,France,https://www.google.com/maps/search/?api=1&query=%22TENNIS+TABLE+MIMIZANNAIS%22+tennis+de+table+France,44.203462,-1.224886
TennisTable Municipal Chatillon,France,https://www.google.com/maps/search/?api=1&query=%22TennisTable+Municipal+Chatillon%22+tennis+de+table+France,48.810014,2.285384
TERGNIER ESC,France,https://www.google.com/maps/search/?api=1&query=%22TERGNIER+ESC%22+tennis+de+table+France,49.663911,3.288203
TERREGATTE BEUVRON TT,France,https://www.google.com/maps/search/?api=1&query=%22TERREGATTE+BEUVRON+TT%22+tennis+de+table+France,48.571367,-1.257706
TERVILLE Tennis de Table,France,https://www.google.com/maps/search/?api=1&query=%22TERVILLE+Tennis+de+Table%22+tennis+de+table+France,49.344993,6.128258
TESSOUALLE (LA) - E.A.T.T.T,France,https://www.google.com/maps/search/?api=1&query=%22TESSOUALLE+%28LA%29+-+E.A.T.T.T%22+tennis+de+table+France,47.002679,-0.856505
TETEGHEM CTT,France,https://www.google.com/maps/search/?api=1&query=%22TETEGHEM+CTT%22+tennis+de+table+France,51.016777,2.444291
Texas Smash,USA,https://www.google.com/maps/search/?api=1&query=%22Texas+Smash%22+table+tennis+USA,30.369343,-97.724180
TEYRAN TENNIS DE TABLE,France,https://www.google.com/maps/search/?api=1&query=%22TEYRAN+TENNIS+DE+TABLE%22+tennis+de+table+France,43.681009,3.935055
TG 1953 Langenselbold,Allemagne,https://www.google.com/maps/search/?api=1&query=%22TG+1953+Langenselbold%22+Tischtennis+Deutschland,50.178081,9.043330
TG Würzburg Heidingsfeld 1861,Allemagne,https://www.google.com/maps/search/?api=1&query=%22TG+W%C3%BCrzburg+Heidingsfeld+1861%22+Tischtennis+Deutschland,49.764350,9.948910
TGS Hausen 1897,Allemagne,https://www.google.com/maps/search/?api=1&query=%22TGS+Hausen+1897%22+Tischtennis+Deutschland,48.148108,8.587650
THANN TENNIS DE TABLE CLUB,France,https://www.google.com/maps/search/?api=1&query=%22THANN+TENNIS+DE+TABLE+CLUB%22+tennis+de+table+France,47.805917,7.105237
THAON CHENIMENIL E.S.T.T.,France,https://www.google.com/maps/search/?api=1&query=%22THAON+CHENIMENIL+E.S.T.T.%22+tennis+de+table+France,48.247537,6.412457
THAON CREULLY TENNIS DE TABLE,France,https://www.google.com/maps/search/?api=1&query=%22THAON+CREULLY+TENNIS+DE+TABLE%22+tennis+de+table+France,49.279270,-0.542883
THELEM ASSURANCES,France,https://www.google.com/maps/search/?api=1&query=%22THELEM+ASSURANCES%22+tennis+de+table+France,47.915456,1.981628
THEO PING VILLEDIEU TT,France,https://www.google.com/maps/search/?api=1&query=%22THEO+PING+VILLEDIEU+TT%22+tennis+de+table+France,46.842145,1.541855
THIAIS AS TT,France,https://www.google.com/maps/search/?api=1&query=%22THIAIS+AS+TT%22+tennis+de+table+France,48.769375,2.389124
THIBERVILLE TT,France,https://www.google.com/maps/search/?api=1&query=%22THIBERVILLE+TT%22+tennis+de+table+France,49.133656,0.462558
THIONVILLE Tennis de Table,France,https://www.google.com/maps/search/?api=1&query=%22THIONVILLE+Tennis+de+Table%22+tennis+de+table+France,49.358569,6.144427
THORIGNE-FOUILLARD T.T.,France,https://www.google.com/maps/search/?api=1&query=%22THORIGNE-FOUILLARD+T.T.%22+tennis+de+table+France,48.152622,-1.577311
THOUARE TT,France,https://www.google.com/maps/search/?api=1&query=%22THOUARE+TT%22+tennis+de+table+France,47.265816,-1.456589
THOUROTTE TT,France,https://www.google.com/maps/search/?api=1&query=%22THOUROTTE+TT%22+tennis+de+table+France,49.478934,2.875614
THREE T ASSOCIATION,France,https://www.google.com/maps/search/?api=1&query=%22THREE+T+ASSOCIATION%22+tennis+de+table+France,14.742580,-60.947184
THUMERIES AGT,France,https://www.google.com/maps/search/?api=1&query=%22THUMERIES+AGT%22+tennis+de+table+France,50.473128,3.071223
TIERCE A.S.T.T.,France,https://www.google.com/maps/search/?api=1&query=%22TIERCE+A.S.T.T.%22+tennis+de+table+France,47.616006,-0.459121
TIERCELET M.J.C.,France,https://www.google.com/maps/search/?api=1&query=%22TIERCELET+M.J.C.%22+tennis+de+table+France,49.471480,5.928565
TIGNIEU TENNIS DE TABLE,France,https://www.google.com/maps/search/?api=1&query=%22TIGNIEU+TENNIS+DE+TABLE%22+tennis+de+table+France,45.745205,5.175844
TILLOY LES MOFFLAINES TT,France,https://www.google.com/maps/search/?api=1&query=%22TILLOY+LES+MOFFLAINES+TT%22+tennis+de+table+France,50.270857,2.816812
TINCHEBRAY PSJ,France,https://www.google.com/maps/search/?api=1&query=%22TINCHEBRAY+PSJ%22+tennis+de+table+France,48.763081,-0.733332
TINCOURT-BOUCLY FR COLOGNE,France,https://www.google.com/maps/search/?api=1&query=%22TINCOURT-BOUCLY+FR+COLOGNE%22+tennis+de+table+France,49.938191,3.043240
Tischtennisclub Elz,Allemagne,https://www.google.com/maps/search/?api=1&query=%22Tischtennisclub+Elz%22+Tischtennis+Deutschland,50.366662,7.602996
TM PONTEVEDRA,Espagne,https://www.google.com/maps/search/?api=1&query=%22TM+PONTEVEDRA%22+tenis+de+mesa+Espa%C3%B1a,42.166581,-8.621853
TM ROQUETAS,Espagne,https://www.google.com/maps/search/?api=1&query=%22TM+ROQUETAS%22+tenis+de+mesa+Espa%C3%B1a,40.820366,0.503430
TOAC Tennis de Table,France,https://www.google.com/maps/search/?api=1&query=%22TOAC+Tennis+de+Table%22+tennis+de+table+France,43.621218,1.408246
TONNEINS PING,France,https://www.google.com/maps/search/?api=1&query=%22TONNEINS+PING%22+tennis+de+table+France,44.390818,0.313334
TORFOU Vaillants,France,https://www.google.com/maps/search/?api=1&query=%22TORFOU+Vaillants%22+tennis+de+table+France,47.037170,-1.117575
TORIGNAISE ESTT,France,https://www.google.com/maps/search/?api=1&query=%22TORIGNAISE+ESTT%22+tennis+de+table+France,49.036735,-0.971835
Torsac Club Pongiste,France,https://www.google.com/maps/search/?api=1&query=%22Torsac+Club+Pongiste%22+tennis+de+table+France,45.527210,0.209062
TOUFFLERS TT,France,https://www.google.com/maps/search/?api=1&query=%22TOUFFLERS+TT%22+tennis+de+table+France,50.660588,3.228423
TOUFFREVILLE TENNIS DE TABLE,France,https://www.google.com/maps/search/?api=1&query=%22TOUFFREVILLE+TENNIS+DE+TABLE%22+tennis+de+table+France,49.581566,0.766353
TOUL ECROUVES ASTETT,France,https://www.google.com/maps/search/?api=1&query=%22TOUL+ECROUVES+ASTETT%22+tennis+de+table+France,48.678197,5.854480
TOULON LA SEYNE Tennis de Table,France,https://www.google.com/maps/search/?api=1&query=%22TOULON+LA+SEYNE+Tennis+de+Table%22+tennis+de+table+France,43.112054,5.859234
TOULOUSE AC TENNIS DE TABLE,France,https://www.google.com/maps/search/?api=1&query=%22TOULOUSE+AC+TENNIS+DE+TABLE%22+tennis+de+table+France,43.565510,1.415126
TOULOUSE PATTE D'OIE T.T.,France,https://www.google.com/maps/search/?api=1&query=%22TOULOUSE+PATTE+D%27OIE+T.T.%22+tennis+de+table+France,43.587342,1.421854
TOURC'H-ELLIANT TT,France,https://www.google.com/maps/search/?api=1&query=%22TOURC%27H-ELLIANT+TT%22+tennis+de+table+France,48.027393,-3.825204
TOURCOING AJJ,France,https://www.google.com/maps/search/?api=1&query=%22TOURCOING+AJJ%22+tennis+de+table+France,50.725028,3.148782
TOURCOING JEUN.PONGIST.BOURG.,France,https://www.google.com/maps/search/?api=1&query=%22TOURCOING+JEUN.PONGIST.BOURG.%22+tennis+de+table+France,50.737672,3.172057
TOURCOING JG,France,https://www.google.com/maps/search/?api=1&query=%22TOURCOING+JG%22+tennis+de+table+France,50.734543,3.157565
TOURCOING TTBS,France,https://www.google.com/maps/search/?api=1&query=%22TOURCOING+TTBS%22+tennis+de+table+France,50.700218,3.149780
Tourriers Jauldes EP,France,https://www.google.com/maps/search/?api=1&query=%22Tourriers+Jauldes+EP%22+tennis+de+table+France,45.777701,0.252385
TOURS SUR MARNE TENNIS DE TABLE,France,https://www.google.com/maps/search/?api=1&query=%22TOURS+SUR+MARNE+TENNIS+DE+TABLE%22+tennis+de+table+France,49.048126,4.113661
TRAMUNTANA,Espagne,https://www.google.com/maps/search/?api=1&query=%22TRAMUNTANA%22+tenis+de+mesa+Espa%C3%B1a,39.598129,2.338106
TRANGE Tennis de Table ASLC,France,https://www.google.com/maps/search/?api=1&query=%22TRANGE+Tennis+de+Table+ASLC%22+tennis+de+table+France,48.027267,0.116391
TRANS ST THOMAS E.S,France,https://www.google.com/maps/search/?api=1&query=%22TRANS+ST+THOMAS+E.S%22+tennis+de+table+France,48.274643,-0.310155
TREBES  TT,France,https://www.google.com/maps/search/?api=1&query=%22TREBES++TT%22+tennis+de+table+France,43.206611,2.435257
TREILLIERES A.L.,France,https://www.google.com/maps/search/?api=1&query=%22TREILLIERES+A.L.%22+tennis+de+table+France,47.326405,-1.620092
TRELAZE Foyer Esperance,France,https://www.google.com/maps/search/?api=1&query=%22TRELAZE+Foyer+Esperance%22+tennis+de+table+France,47.448593,-0.503839
TRELON TT,France,https://www.google.com/maps/search/?api=1&query=%22TRELON+TT%22+tennis+de+table+France,50.057369,4.109925
TREMENTINES Avenir Tennis Table,France,https://www.google.com/maps/search/?api=1&query=%22TREMENTINES+Avenir+Tennis+Table%22+tennis+de+table+France,47.117516,-0.790775
TRIEL TT,France,https://www.google.com/maps/search/?api=1&query=%22TRIEL+TT%22+tennis+de+table+France,48.975248,2.017416
TRIGNAC TENNIS DE TABLE,France,https://www.google.com/maps/search/?api=1&query=%22TRIGNAC+TENNIS+DE+TABLE%22+tennis+de+table+France,47.319860,-2.187495
TRINITE SPORTS TENNIS DE TABLE,France,https://www.google.com/maps/search/?api=1&query=%22TRINITE+SPORTS+TENNIS+DE+TABLE%22+tennis+de+table+France,43.735953,7.307406
TRITH ST LEGER CO,France,https://www.google.com/maps/search/?api=1&query=%22TRITH+ST+LEGER+CO%22+tennis+de+table+France,50.335535,3.507629
TROARN TT,France,https://www.google.com/maps/search/?api=1&query=%22TROARN+TT%22+tennis+de+table+France,49.180879,-0.190763
TROIS SETS BOLBECAIS,France,https://www.google.com/maps/search/?api=1&query=%22TROIS+SETS+BOLBECAIS%22+tennis+de+table+France,49.571280,0.481890
TROISSEREUX-BONL-JUVIGN-MAIS AS,France,https://www.google.com/maps/search/?api=1&query=%22TROISSEREUX-BONL-JUVIGN-MAIS+AS%22+tennis+de+table+France,49.519911,2.085912
TROYES JEUNE GARDE,France,https://www.google.com/maps/search/?api=1&query=%22TROYES+JEUNE+GARDE%22+tennis+de+table+France,48.266323,4.076808
TROYES O.S - NOËS TT,France,https://www.google.com/maps/search/?api=1&query=%22TROYES+O.S+-+NO%C3%8BS+TT%22+tennis+de+table+France,48.291065,4.082318
TS Einfeld Neumünster,Allemagne,https://www.google.com/maps/search/?api=1&query=%22TS+Einfeld+Neum%C3%BCnster%22+Tischtennis+Deutschland,54.129418,9.996459
TSG Kaiserslautern,Allemagne,https://www.google.com/maps/search/?api=1&query=%22TSG+Kaiserslautern%22+Tischtennis+Deutschland,49.427630,7.755634
TSV 1907 Allendorf/Lda,Allemagne,https://www.google.com/maps/search/?api=1&query=%22TSV+1907+Allendorf%2FLda%22+Tischtennis+Deutschland,50.671672,8.813828
TSV 1909 Langstadt,Allemagne,https://www.google.com/maps/search/?api=1&query=%22TSV+1909+Langstadt%22+Tischtennis+Deutschland,49.923513,8.950714
TSV Algesdorf,Allemagne,https://www.google.com/maps/search/?api=1&query=%22TSV+Algesdorf%22+Tischtennis+Deutschland,52.319945,9.343293
TSV Bad Königshofen,Allemagne,https://www.google.com/maps/search/?api=1&query=%22TSV+Bad+K%C3%B6nigshofen%22+Tischtennis+Deutschland,50.304710,10.467400
TSV Bargteheide,Allemagne,https://www.google.com/maps/search/?api=1&query=%22TSV+Bargteheide%22+Tischtennis+Deutschland,53.727967,10.261807
TSV Dachau 65,Allemagne,https://www.google.com/maps/search/?api=1&query=%22TSV+Dachau+65%22+Tischtennis+Deutschland,48.259509,11.434672
TSV Gilching-Argelsried,Allemagne,https://www.google.com/maps/search/?api=1&query=%22TSV+Gilching-Argelsried%22+Tischtennis+Deutschland,48.109133,11.279549
TSV Gräfelfing e.V.,Allemagne,https://www.google.com/maps/search/?api=1&query=%22TSV+Gr%C3%A4felfing+e.V.%22+Tischtennis+Deutschland,48.225150,11.351029
TSV Lunestedt,Allemagne,https://www.google.com/maps/search/?api=1&query=%22TSV+Lunestedt%22+Tischtennis+Deutschland,53.436365,8.743645
TSV Neuried e.V.,Allemagne,https://www.google.com/maps/search/?api=1&query=%22TSV+Neuried+e.V.%22+Tischtennis+Deutschland,48.087274,11.463869
TSV Nieder-Ramstadt,Allemagne,https://www.google.com/maps/search/?api=1&query=%22TSV+Nieder-Ramstadt%22+Tischtennis+Deutschland,49.826597,8.703237
TSV Schwarzenbek,Allemagne,https://www.google.com/maps/search/?api=1&query=%22TSV+Schwarzenbek%22+Tischtennis+Deutschland,53.503122,10.478564
TSV Windsbach,Allemagne,https://www.google.com/maps/search/?api=1&query=%22TSV+Windsbach%22+Tischtennis+Deutschland,49.279784,10.695136
TT - HAGNOUNDROU TENNIS DE TABLE,France,https://www.google.com/maps/search/?api=1&query=%22TT+-+HAGNOUNDROU+TENNIS+DE+TABLE%22+tennis+de+table+France,-12.901521,45.093810
TT Ambition-Loisirs-PLOUMAGOAR,France,https://www.google.com/maps/search/?api=1&query=%22TT+Ambition-Loisirs-PLOUMAGOAR%22+tennis+de+table+France,48.543077,-3.135073
TT ANDERNOS-ARES,France,https://www.google.com/maps/search/?api=1&query=%22TT+ANDERNOS-ARES%22+tennis+de+table+France,44.746168,-1.087274
TT Andrezieux boutheon saint cyp,France,https://www.google.com/maps/search/?api=1&query=%22TT+Andrezieux+boutheon+saint+cyp%22+tennis+de+table+France,45.529345,4.270515
TT ARBOUANS,France,https://www.google.com/maps/search/?api=1&query=%22TT+ARBOUANS%22+tennis+de+table+France,47.488948,6.809513
TT ASSOCIATION SOMME-LOIRE,France,https://www.google.com/maps/search/?api=1&query=%22TT+ASSOCIATION+SOMME-LOIRE%22+tennis+de+table+France,46.625836,3.759900
TT AUBAS,France,https://www.google.com/maps/search/?api=1&query=%22TT+AUBAS%22+tennis+de+table+France,45.081232,1.217781
TT AUBIGNY SUR NERE,France,https://www.google.com/maps/search/?api=1&query=%22TT+AUBIGNY+SUR+NERE%22+tennis+de+table+France,47.489198,2.440925
TT BASSIN BELLEGARDIEN,France,https://www.google.com/maps/search/?api=1&query=%22TT+BASSIN+BELLEGARDIEN%22+tennis+de+table+France,46.097797,5.818439
TT BASSIN D'ANNONAY,France,https://www.google.com/maps/search/?api=1&query=%22TT+BASSIN+D%27ANNONAY%22+tennis+de+table+France,45.254849,4.697668
TT BAULON ST THURIAL,France,https://www.google.com/maps/search/?api=1&query=%22TT+BAULON+ST+THURIAL%22+tennis+de+table+France,47.985344,-1.925639
TT BIGANOS,France,https://www.google.com/maps/search/?api=1&query=%22TT+BIGANOS%22+tennis+de+table+France,44.637910,-0.973870
TT BILLOM,France,https://www.google.com/maps/search/?api=1&query=%22TT+BILLOM%22+tennis+de+table+France,45.723543,3.346450
TT BILLY BERCLAU ,France,https://www.google.com/maps/search/?api=1&query=%22TT+BILLY+BERCLAU+%22+tennis+de+table+France,50.516410,2.862839
TT BIRON-ORTHEZ,France,https://www.google.com/maps/search/?api=1&query=%22TT+BIRON-ORTHEZ%22+tennis+de+table+France,43.461374,-0.742080
TT BLAGNACAIS,France,https://www.google.com/maps/search/?api=1&query=%22TT+BLAGNACAIS%22+tennis+de+table+France,43.651535,1.386843
TT BLAVOZY,France,https://www.google.com/maps/search/?api=1&query=%22TT+BLAVOZY%22+tennis+de+table+France,45.056235,3.980968
TT BOUC BEL AIR - SIMIANE ,France,https://www.google.com/maps/search/?api=1&query=%22TT+BOUC+BEL+AIR+-+SIMIANE+%22+tennis+de+table+France,43.453488,5.418450
TT BOUGUE - LAGLORIEUSE,France,https://www.google.com/maps/search/?api=1&query=%22TT+BOUGUE+-+LAGLORIEUSE%22+tennis+de+table+France,43.894368,-0.394265
TT BOURBON,France,https://www.google.com/maps/search/?api=1&query=%22TT+BOURBON%22+tennis+de+table+France,46.584737,3.052272
TT BOUSQUET D'ORB FR,France,https://www.google.com/maps/search/?api=1&query=%22TT+BOUSQUET+D%27ORB+FR%22+tennis+de+table+France,43.695937,3.165945
TT BRAUD,France,https://www.google.com/maps/search/?api=1&query=%22TT+BRAUD%22+tennis+de+table+France,45.255663,-0.624352
TT BRETENOUX-BIARS,France,https://www.google.com/maps/search/?api=1&query=%22TT+BRETENOUX-BIARS%22+tennis+de+table+France,44.920392,1.841776
TT BRIANCON,France,https://www.google.com/maps/search/?api=1&query=%22TT+BRIANCON%22+tennis+de+table+France,44.887966,6.637270
TT BRIENNON,France,https://www.google.com/maps/search/?api=1&query=%22TT+BRIENNON%22+tennis+de+table+France,46.148285,4.084700
TT BRIONNE,France,https://www.google.com/maps/search/?api=1&query=%22TT+BRIONNE%22+tennis+de+table+France,49.192896,0.720209
TT BRIVADOIS,France,https://www.google.com/maps/search/?api=1&query=%22TT+BRIVADOIS%22+tennis+de+table+France,45.298735,3.390838
TT BULLY,France,https://www.google.com/maps/search/?api=1&query=%22TT+BULLY%22+tennis+de+table+France,49.727428,1.357118
TT CAMALES,France,https://www.google.com/maps/search/?api=1&query=%22TT+CAMALES%22+tennis+de+table+France,43.360853,0.075279
TT CARQUEIRANNAIS,France,https://www.google.com/maps/search/?api=1&query=%22TT+CARQUEIRANNAIS%22+tennis+de+table+France,43.091804,6.072821
TT CASTELNAUDAIS,France,https://www.google.com/maps/search/?api=1&query=%22TT+CASTELNAUDAIS%22+tennis+de+table+France,45.031523,-0.790986
TT CHAMPSECRET,France,https://www.google.com/maps/search/?api=1&query=%22TT+CHAMPSECRET%22+tennis+de+table+France,48.609043,-0.552762
TT CHATEAUNEUF LA MEDE,France,https://www.google.com/maps/search/?api=1&query=%22TT+CHATEAUNEUF+LA+MEDE%22+tennis+de+table+France,43.398855,5.114865
TT CHATEAURENARDAIS,France,https://www.google.com/maps/search/?api=1&query=%22TT+CHATEAURENARDAIS%22+tennis+de+table+France,43.882291,4.865801
TT CHAUFFAILLES LES SALEVE,France,https://www.google.com/maps/search/?api=1&query=%22TT+CHAUFFAILLES+LES+SALEVE%22+tennis+de+table+France,46.202890,4.335535
TT CHAZAY D AZERGUES,France,https://www.google.com/maps/search/?api=1&query=%22TT+CHAZAY+D+AZERGUES%22+tennis+de+table+France,45.872181,4.710203
TT CIRIERES,France,https://www.google.com/maps/search/?api=1&query=%22TT+CIRIERES%22+tennis+de+table+France,46.839333,-0.620778
TT CLISSONNAIS,France,https://www.google.com/maps/search/?api=1&query=%22TT+CLISSONNAIS%22+tennis+de+table+France,47.090312,-1.273733
TT COLOMBIER SAUGNIEU,France,https://www.google.com/maps/search/?api=1&query=%22TT+COLOMBIER+SAUGNIEU%22+tennis+de+table+France,45.715590,5.127178
TT COMMUNES DU CREONNAIS,France,https://www.google.com/maps/search/?api=1&query=%22TT+COMMUNES+DU+CREONNAIS%22+tennis+de+table+France,44.767307,-0.363441
TT COURPIEROIS,France,https://www.google.com/maps/search/?api=1&query=%22TT+COURPIEROIS%22+tennis+de+table+France,45.759411,3.536794
TT CRAPONNE/ARZON,France,https://www.google.com/maps/search/?api=1&query=%22TT+CRAPONNE%2FARZON%22+tennis+de+table+France,45.327337,3.848330
TT CRESSENSAC-MARTEL,France,https://www.google.com/maps/search/?api=1&query=%22TT+CRESSENSAC-MARTEL%22+tennis+de+table+France,45.013300,1.545540
TT CUSSET,France,https://www.google.com/maps/search/?api=1&query=%22TT+CUSSET%22+tennis+de+table+France,46.135519,3.447087
TT DE L ARCHE,France,https://www.google.com/maps/search/?api=1&query=%22TT+DE+L+ARCHE%22+tennis+de+table+France,49.302711,1.159568
TT DE LA HYSE,France,https://www.google.com/maps/search/?api=1&query=%22TT+DE+LA+HYSE%22+tennis+de+table+France,43.415812,1.521449
TT DE LA SUISSE NORMANDE,France,https://www.google.com/maps/search/?api=1&query=%22TT+DE+LA+SUISSE+NORMANDE%22+tennis+de+table+France,48.971286,-0.497480
TT DE SAINTE-SEVE,France,https://www.google.com/maps/search/?api=1&query=%22TT+DE+SAINTE-SEVE%22+tennis+de+table+France,48.560680,-3.879144
TT DECAZEVILLOIS,France,https://www.google.com/maps/search/?api=1&query=%22TT+DECAZEVILLOIS%22+tennis+de+table+France,44.559916,2.252537
TT DES ABERS,France,https://www.google.com/maps/search/?api=1&query=%22TT+DES+ABERS%22+tennis+de+table+France,48.571180,-4.517449
TT des Ballons Hautes Vosges,France,https://www.google.com/maps/search/?api=1&query=%22TT+des+Ballons+Hautes+Vosges%22+tennis+de+table+France,47.875812,6.789880
TT DES COLLINES DU PERCHE,France,https://www.google.com/maps/search/?api=1&query=%22TT+DES+COLLINES+DU+PERCHE%22+tennis+de+table+France,47.983203,0.901705
TT DU CAILLY,France,https://www.google.com/maps/search/?api=1&query=%22TT+DU+CAILLY%22+tennis+de+table+France,49.513557,1.032636
TT DU CHATILLONNAIS,France,https://www.google.com/maps/search/?api=1&query=%22TT+DU+CHATILLONNAIS%22+tennis+de+table+France,47.863697,4.574529
TT DU GRESIVAUDAN LE TOUVET,France,https://www.google.com/maps/search/?api=1&query=%22TT+DU+GRESIVAUDAN+LE+TOUVET%22+tennis+de+table+France,45.360383,5.947490
TT DU PAYS DE GRAND FOUGERAY,France,https://www.google.com/maps/search/?api=1&query=%22TT+DU+PAYS+DE+GRAND+FOUGERAY%22+tennis+de+table+France,47.763214,-1.673127
TT DU PAYS DE MAURS,France,https://www.google.com/maps/search/?api=1&query=%22TT+DU+PAYS+DE+MAURS%22+tennis+de+table+France,44.704454,2.205616
TT DU PERIGORD NOIR,France,https://www.google.com/maps/search/?api=1&query=%22TT+DU+PERIGORD+NOIR%22+tennis+de+table+France,45.120658,1.409827
TT DU SAUVETERROIS,France,https://www.google.com/maps/search/?api=1&query=%22TT+DU+SAUVETERROIS%22+tennis+de+table+France,44.699846,-0.116895
TT ERQUY/PLENEUF,France,https://www.google.com/maps/search/?api=1&query=%22TT+ERQUY%2FPLENEUF%22+tennis+de+table+France,48.584497,-2.535787
TT FARGUAIS,France,https://www.google.com/maps/search/?api=1&query=%22TT+FARGUAIS%22+tennis+de+table+France,44.826313,-0.444961
TT FERTOIS,France,https://www.google.com/maps/search/?api=1&query=%22TT+FERTOIS%22+tennis+de+table+France,48.950367,3.136300
TT FOUGERES-JAVENE-LECOUSSE,France,https://www.google.com/maps/search/?api=1&query=%22TT+FOUGERES-JAVENE-LECOUSSE%22+tennis+de+table+France,48.316506,-1.212564
TT FOUGEROLLAIS,France,https://www.google.com/maps/search/?api=1&query=%22TT+FOUGEROLLAIS%22+tennis+de+table+France,47.886360,6.403807
TT FRONTON,France,https://www.google.com/maps/search/?api=1&query=%22TT+FRONTON%22+tennis+de+table+France,43.834228,1.402713
TT FROUZINOIS,France,https://www.google.com/maps/search/?api=1&query=%22TT+FROUZINOIS%22+tennis+de+table+France,43.512195,1.326834
TT GANXETS,Espagne,https://www.google.com/maps/search/?api=1&query=%22TT+GANXETS%22+tenis+de+mesa+Espa%C3%B1a,41.157875,1.118246
TT GENETOUZE / VENANSAULT,France,https://www.google.com/maps/search/?api=1&query=%22TT+GENETOUZE+%2F+VENANSAULT%22+tennis+de+table+France,46.727668,-1.509384
TT GOUBETOIS,France,https://www.google.com/maps/search/?api=1&query=%22TT+GOUBETOIS%22+tennis+de+table+France,45.035514,5.119244
TT GOUESNOU,France,https://www.google.com/maps/search/?api=1&query=%22TT+GOUESNOU%22+tennis+de+table+France,48.452280,-4.463324
TT GRACES,France,https://www.google.com/maps/search/?api=1&query=%22TT+GRACES%22+tennis+de+table+France,48.556793,-3.184280
TT GRAND CROIX,France,https://www.google.com/maps/search/?api=1&query=%22TT+GRAND+CROIX%22+tennis+de+table+France,45.498665,4.565250
TT GRAND-BOURG,France,https://www.google.com/maps/search/?api=1&query=%22TT+GRAND-BOURG%22+tennis+de+table+France,46.164721,1.648645
TT GUEMENE S/SCORFF,France,https://www.google.com/maps/search/?api=1&query=%22TT+GUEMENE+S%2FSCORFF%22+tennis+de+table+France,48.063875,-3.204190
TT HENDAYAIS,France,https://www.google.com/maps/search/?api=1&query=%22TT+HENDAYAIS%22+tennis+de+table+France,43.350462,-1.773750
TT INCHEVILLE,France,https://www.google.com/maps/search/?api=1&query=%22TT+INCHEVILLE%22+tennis+de+table+France,50.008976,1.493239
TT JA CHATEAULIN,France,https://www.google.com/maps/search/?api=1&query=%22TT+JA+CHATEAULIN%22+tennis+de+table+France,48.203570,-4.093824
TT KEMPERLE,France,https://www.google.com/maps/search/?api=1&query=%22TT+KEMPERLE%22+tennis+de+table+France,47.882313,-3.554859
TT LA BAIE YFFINIAC,France,https://www.google.com/maps/search/?api=1&query=%22TT+LA+BAIE+YFFINIAC%22+tennis+de+table+France,48.482498,-2.673400
TT LA CABRERISSE MJC,France,https://www.google.com/maps/search/?api=1&query=%22TT+LA+CABRERISSE+MJC%22+tennis+de+table+France,43.084858,2.701123
TT La Motte La Mure Matheysine,France,https://www.google.com/maps/search/?api=1&query=%22TT+La+Motte+La+Mure+Matheysine%22+tennis+de+table+France,44.960800,5.744630
TT LA TOUR D'AUVERGNE,France,https://www.google.com/maps/search/?api=1&query=%22TT+LA+TOUR+D%27AUVERGNE%22+tennis+de+table+France,45.540445,2.693597
TT LA TRONCHE MEYLAN GRENOBLE,France,https://www.google.com/maps/search/?api=1&query=%22TT+LA+TRONCHE+MEYLAN+GRENOBLE%22+tennis+de+table+France,45.204764,5.744941
TT LANDIVISIAU,France,https://www.google.com/maps/search/?api=1&query=%22TT+LANDIVISIAU%22+tennis+de+table+France,48.506890,-4.065630
TT LE CENDRE,France,https://www.google.com/maps/search/?api=1&query=%22TT+LE+CENDRE%22+tennis+de+table+France,45.713402,3.181966
TT LE FOLGOET-LESNEVEN,France,https://www.google.com/maps/search/?api=1&query=%22TT+LE+FOLGOET-LESNEVEN%22+tennis+de+table+France,48.558872,-4.336376
TT LES GECKOS,France,https://www.google.com/maps/search/?api=1&query=%22TT+LES+GECKOS%22+tennis+de+table+France,46.137093,6.268149
TT LL DUNIERES,France,https://www.google.com/maps/search/?api=1&query=%22TT+LL+DUNIERES%22+tennis+de+table+France,45.217838,4.341205
TT LOC MARIA-PLOUZANE,France,https://www.google.com/maps/search/?api=1&query=%22TT+LOC+MARIA-PLOUZANE%22+tennis+de+table+France,48.367133,-4.642296
TT LOISIRS PONTENAIS,France,https://www.google.com/maps/search/?api=1&query=%22TT+LOISIRS+PONTENAIS%22+tennis+de+table+France,1.000000,2.000000
TT LOUANNEC PLOUARET LANNION,France,https://www.google.com/maps/search/?api=1&query=%22TT+LOUANNEC+PLOUARET+LANNION%22+tennis+de+table+France,48.729670,-3.447103
TT Luchac-Chassors,France,https://www.google.com/maps/search/?api=1&query=%22TT+Luchac-Chassors%22+tennis+de+table+France,45.726436,-0.197713
TT LURE ,France,https://www.google.com/maps/search/?api=1&query=%22TT+LURE+%22+tennis+de+table+France,47.687117,6.505642
TT MANTHES,France,https://www.google.com/maps/search/?api=1&query=%22TT+MANTHES%22+tennis+de+table+France,45.305415,5.009237
TT MAULEON-OLORON,France,https://www.google.com/maps/search/?api=1&query=%22TT+MAULEON-OLORON%22+tennis+de+table+France,43.229930,-0.870485
TT MONESTIER TRIEVES,France,https://www.google.com/maps/search/?api=1&query=%22TT+MONESTIER+TRIEVES%22+tennis+de+table+France,44.913409,5.630451
TT MONTROND LES BAINS,France,https://www.google.com/maps/search/?api=1&query=%22TT+MONTROND+LES+BAINS%22+tennis+de+table+France,45.646626,4.229976
TT MONTS ET VALLEES,France,https://www.google.com/maps/search/?api=1&query=%22TT+MONTS+ET+VALLEES%22+tennis+de+table+France,46.793603,-0.928597
TT NESPOULS,France,https://www.google.com/maps/search/?api=1&query=%22TT+NESPOULS%22+tennis+de+table+France,45.054169,1.499042
TT NOLAY PASSION,France,https://www.google.com/maps/search/?api=1&query=%22TT+NOLAY+PASSION%22+tennis+de+table+France,46.949400,4.637410
TT PARCAY-MESLAY,France,https://www.google.com/maps/search/?api=1&query=%22TT+PARCAY-MESLAY%22+tennis+de+table+France,47.440700,0.739380
TT PASSAGEOIS,France,https://www.google.com/maps/search/?api=1&query=%22TT+PASSAGEOIS%22+tennis+de+table+France,44.191802,0.604581
TT PAYS DE GIONO,France,https://www.google.com/maps/search/?api=1&query=%22TT+PAYS+DE+GIONO%22+tennis+de+table+France,43.839846,5.776840
TT PELUSSIN,France,https://www.google.com/maps/search/?api=1&query=%22TT+PELUSSIN%22+tennis+de+table+France,45.420090,4.676980
TT PESCHADOIRES,France,https://www.google.com/maps/search/?api=1&query=%22TT+PESCHADOIRES%22+tennis+de+table+France,45.836503,3.497627
TT PIERREFEU DU VAR,France,https://www.google.com/maps/search/?api=1&query=%22TT+PIERREFEU+DU+VAR%22+tennis+de+table+France,43.226307,6.143740
TT PLAIMPIED  GIVAUDINS,France,https://www.google.com/maps/search/?api=1&query=%22TT+PLAIMPIED++GIVAUDINS%22+tennis+de+table+France,46.994841,2.449109
TT PLAISANCOIS,France,https://www.google.com/maps/search/?api=1&query=%22TT+PLAISANCOIS%22+tennis+de+table+France,43.562689,1.302324
TT PLOBANNALEC-LESCONIL,France,https://www.google.com/maps/search/?api=1&query=%22TT+PLOBANNALEC-LESCONIL%22+tennis+de+table+France,47.811206,-4.226591
TT PLOUGOULM,France,https://www.google.com/maps/search/?api=1&query=%22TT+PLOUGOULM%22+tennis+de+table+France,48.658508,-4.042263
TT PONT DE BUIS,France,https://www.google.com/maps/search/?api=1&query=%22TT+PONT+DE+BUIS%22+tennis+de+table+France,48.255850,-4.093889
TT PONT DE VAUX,France,https://www.google.com/maps/search/?api=1&query=%22TT+PONT+DE+VAUX%22+tennis+de+table+France,46.432599,4.946635
TT PONTRAMBERTOIS,France,https://www.google.com/maps/search/?api=1&query=%22TT+PONTRAMBERTOIS%22+tennis+de+table+France,45.498021,4.261383
TT PORT-VAIVRE-ASPTT VESOUL,France,https://www.google.com/maps/search/?api=1&query=%22TT+PORT-VAIVRE-ASPTT+VESOUL%22+tennis+de+table+France,47.632112,6.110465
TT POUILLY EN AUXOIS,France,https://www.google.com/maps/search/?api=1&query=%22TT+POUILLY+EN+AUXOIS%22+tennis+de+table+France,47.265658,4.551221
TT PRAYSSACOIS,France,https://www.google.com/maps/search/?api=1&query=%22TT+PRAYSSACOIS%22+tennis+de+table+France,44.503572,1.181244
TT PROVINOIS,France,https://www.google.com/maps/search/?api=1&query=%22TT+PROVINOIS%22+tennis+de+table+France,48.548042,3.297377
TT PUJAUT-GRAND AVIGNON,France,https://www.google.com/maps/search/?api=1&query=%22TT+PUJAUT-GRAND+AVIGNON%22+tennis+de+table+France,44.003084,4.774628
TT QUEVERT,France,https://www.google.com/maps/search/?api=1&query=%22TT+QUEVERT%22+tennis+de+table+France,48.465097,-2.085870
TT REVEL-LAURAGAIS,France,https://www.google.com/maps/search/?api=1&query=%22TT+REVEL-LAURAGAIS%22+tennis+de+table+France,43.451754,2.012114
TT RHONE - GARON,France,https://www.google.com/maps/search/?api=1&query=%22TT+RHONE+-+GARON%22+tennis+de+table+France,45.651408,4.794648
TT RHUYS-SARZEAU,France,https://www.google.com/maps/search/?api=1&query=%22TT+RHUYS-SARZEAU%22+tennis+de+table+France,47.527764,-2.760909
TT ROCHE-BESANCON,France,https://www.google.com/maps/search/?api=1&query=%22TT+ROCHE-BESANCON%22+tennis+de+table+France,47.250902,6.000299
TT ROMAGNAT,France,https://www.google.com/maps/search/?api=1&query=%22TT+ROMAGNAT%22+tennis+de+table+France,45.735790,3.104518
TT SAINT ANDRE ALLAS,France,https://www.google.com/maps/search/?api=1&query=%22TT+SAINT+ANDRE+ALLAS%22+tennis+de+table+France,44.884210,1.166080
TT SAINT SIMEON BIEVRE,France,https://www.google.com/maps/search/?api=1&query=%22TT+SAINT+SIMEON+BIEVRE%22+tennis+de+table+France,45.327629,5.271348
TT SAINT-VIT,France,https://www.google.com/maps/search/?api=1&query=%22TT+SAINT-VIT%22+tennis+de+table+France,47.181474,5.808730
TT SARLADAIS,France,https://www.google.com/maps/search/?api=1&query=%22TT+SARLADAIS%22+tennis+de+table+France,44.905720,1.201820
TT SIPS DUN SUR AURON,France,https://www.google.com/maps/search/?api=1&query=%22TT+SIPS+DUN+SUR+AURON%22+tennis+de+table+France,46.888219,2.573183
TT SOUFFEL,France,https://www.google.com/maps/search/?api=1&query=%22TT+SOUFFEL%22+tennis+de+table+France,46.345778,5.346235
TT ST DENIS LES BOURG,France,https://www.google.com/maps/search/?api=1&query=%22TT+ST+DENIS+LES+BOURG%22+tennis+de+table+France,46.203067,5.193040
TT ST GENIS LAVAL,France,https://www.google.com/maps/search/?api=1&query=%22TT+ST+GENIS+LAVAL%22+tennis+de+table+France,45.684314,4.789604
TT ST JEAN DE MOIRANS,France,https://www.google.com/maps/search/?api=1&query=%22TT+ST+JEAN+DE+MOIRANS%22+tennis+de+table+France,45.339760,5.583524
TT ST JEANNAIS,France,https://www.google.com/maps/search/?api=1&query=%22TT+ST+JEANNAIS%22+tennis+de+table+France,45.497807,5.140635
TT ST JORY,France,https://www.google.com/maps/search/?api=1&query=%22TT+ST+JORY%22+tennis+de+table+France,43.750533,1.372932
TT ST JUST MALMONT,France,https://www.google.com/maps/search/?api=1&query=%22TT+ST+JUST+MALMONT%22+tennis+de+table+France,45.340660,4.314900
TT ST MAIXANT VERDELAIS,France,https://www.google.com/maps/search/?api=1&query=%22TT+ST+MAIXANT+VERDELAIS%22+tennis+de+table+France,44.583312,-0.262455
TT ST PRIEST EN JAREZ,France,https://www.google.com/maps/search/?api=1&query=%22TT+ST+PRIEST+EN+JAREZ%22+tennis+de+table+France,45.476903,4.382641
TT ST VIGOR D YMONVILLE,France,https://www.google.com/maps/search/?api=1&query=%22TT+ST+VIGOR+D+YMONVILLE%22+tennis+de+table+France,49.493605,0.362065
TT STE CATHERINE DE FIERBOIS,France,https://www.google.com/maps/search/?api=1&query=%22TT+STE+CATHERINE+DE+FIERBOIS%22+tennis+de+table+France,47.156823,0.651006
TT Thuirinois,France,https://www.google.com/maps/search/?api=1&query=%22TT+Thuirinois%22+tennis+de+table+France,42.633180,2.759197
TT TRANSIAN,France,https://www.google.com/maps/search/?api=1&query=%22TT+TRANSIAN%22+tennis+de+table+France,43.505852,6.488764
TT TRELISSACOIS,France,https://www.google.com/maps/search/?api=1&query=%22TT+TRELISSACOIS%22+tennis+de+table+France,45.195800,0.781284
TT UBAYE,France,https://www.google.com/maps/search/?api=1&query=%22TT+UBAYE%22+tennis+de+table+France,44.387960,6.638036
TT URIAGE,France,https://www.google.com/maps/search/?api=1&query=%22TT+URIAGE%22+tennis+de+table+France,45.157360,5.847211
TT VAL DE SAÔNE CENTRE,France,https://www.google.com/maps/search/?api=1&query=%22TT+VAL+DE+SA%C3%94NE+CENTRE%22+tennis+de+table+France,46.178860,4.808799
TT VILLARS,France,https://www.google.com/maps/search/?api=1&query=%22TT+VILLARS%22+tennis+de+table+France,45.468373,4.353495
TT.BELLEVILLE-LERE,France,https://www.google.com/maps/search/?api=1&query=%22TT.BELLEVILLE-LERE%22+tennis+de+table+France,47.504181,2.838672
TT.BRENNE LE BLANC,France,https://www.google.com/maps/search/?api=1&query=%22TT.BRENNE+LE+BLANC%22+tennis+de+table+France,46.635609,1.066603
TT.CLOYSIEN,France,https://www.google.com/maps/search/?api=1&query=%22TT.CLOYSIEN%22+tennis+de+table+France,48.009429,1.236397
TT34 SAUVIAN,France,https://www.google.com/maps/search/?api=1&query=%22TT34+SAUVIAN%22+tennis+de+table+France,43.295414,3.262570
TTAL HUELGOAT-PLOUYE,France,https://www.google.com/maps/search/?api=1&query=%22TTAL+HUELGOAT-PLOUYE%22+tennis+de+table+France,48.363881,-3.755299
TTC 1946 Weinheim e.V.,Allemagne,https://www.google.com/maps/search/?api=1&query=%22TTC+1946+Weinheim+e.V.%22+Tischtennis+Deutschland,49.570210,8.611918
TTC 75 Mutschelbach e.V.,Allemagne,https://www.google.com/maps/search/?api=1&query=%22TTC+75+Mutschelbach+e.V.%22+Tischtennis+Deutschland,48.939261,8.535595
TTC 95 Odenheim e.V.,Allemagne,https://www.google.com/maps/search/?api=1&query=%22TTC+95+Odenheim+e.V.%22+Tischtennis+Deutschland,49.186553,8.741317
TTC Altena,Allemagne,https://www.google.com/maps/search/?api=1&query=%22TTC+Altena%22+Tischtennis+Deutschland,50.202455,11.467123
TTC ARLES,France,https://www.google.com/maps/search/?api=1&query=%22TTC+ARLES%22+tennis+de+table+France,43.660983,4.617740
TTC Baignes et Barbezieux,France,https://www.google.com/maps/search/?api=1&query=%22TTC+Baignes+et+Barbezieux%22+tennis+de+table+France,45.382920,-0.237480
ttc berlin eastside,Allemagne,https://www.google.com/maps/search/?api=1&query=%22ttc+berlin+eastside%22+Tischtennis+Deutschland,52.532075,13.450411
TTC BREST RECOUVRANCE,France,https://www.google.com/maps/search/?api=1&query=%22TTC+BREST+RECOUVRANCE%22+tennis+de+table+France,48.387328,-4.502142
TTC Börde Magdeburg,Allemagne,https://www.google.com/maps/search/?api=1&query=%22TTC+B%C3%B6rde+Magdeburg%22+Tischtennis+Deutschland,52.032759,11.743323
TTC Dahn,Allemagne,https://www.google.com/maps/search/?api=1&query=%22TTC+Dahn%22+Tischtennis+Deutschland,50.202455,11.467123
TTC du LOCHOIS,France,https://www.google.com/maps/search/?api=1&query=%22TTC+du+LOCHOIS%22+tennis+de+table+France,47.129047,0.979645
TTC Düppel,Allemagne,https://www.google.com/maps/search/?api=1&query=%22TTC+D%C3%BCppel%22+Tischtennis+Deutschland,50.202455,11.467123
TTC GRAND LANVALLAY,France,https://www.google.com/maps/search/?api=1&query=%22TTC+GRAND+LANVALLAY%22+tennis+de+table+France,48.453197,-2.027512
TTC GW Bad Hamm,Allemagne,https://www.google.com/maps/search/?api=1&query=%22TTC+GW+Bad+Hamm%22+Tischtennis+Deutschland,51.681281,7.819119
TTC Holzhausen,Allemagne,https://www.google.com/maps/search/?api=1&query=%22TTC+Holzhausen%22+Tischtennis+Deutschland,50.202455,11.467123
TTC Höchst/Nidder,Allemagne,https://www.google.com/maps/search/?api=1&query=%22TTC+H%C3%B6chst%2FNidder%22+Tischtennis+Deutschland,50.274009,8.928199
TTC Höhfröschen,Allemagne,https://www.google.com/maps/search/?api=1&query=%22TTC+H%C3%B6hfr%C3%B6schen%22+Tischtennis+Deutschland,50.202455,11.467123
TTC immoXone Bietigheim-Bissingen,Allemagne,https://www.google.com/maps/search/?api=1&query=%22TTC+immoXone+Bietigheim-Bissingen%22+Tischtennis+Deutschland,48.949324,9.136423
TTC indeland Jülich e.V.,Allemagne,https://www.google.com/maps/search/?api=1&query=%22TTC+indeland+J%C3%BClich+e.V.%22+Tischtennis+Deutschland,50.924313,6.343143
TTC Kist,Allemagne,https://www.google.com/maps/search/?api=1&query=%22TTC+Kist%22+Tischtennis+Deutschland,50.202455,11.467123
TTC Langen 1950,Allemagne,https://www.google.com/maps/search/?api=1&query=%22TTC+Langen+1950%22+Tischtennis+Deutschland,49.991514,8.666702
TTC Lantenbach 1957 e.V.,Allemagne,https://www.google.com/maps/search/?api=1&query=%22TTC+Lantenbach+1957+e.V.%22+Tischtennis+Deutschland,51.046904,10.958362
TTC OE Clarity Telefonie-Systeme Bad Homburg e.V.,Allemagne,https://www.google.com/maps/search/?api=1&query=%22TTC+OE+Clarity+Telefonie-Systeme+Bad+Homburg+e.V.%22+Tischtennis+Deutschland,50.215373,8.621293
TTC PENMARC'H,France,https://www.google.com/maps/search/?api=1&query=%22TTC+PENMARC%27H%22+tennis+de+table+France,47.807883,-4.348680
TTC RhönSprudel Fulda-Maberzell,Allemagne,https://www.google.com/maps/search/?api=1&query=%22TTC+Rh%C3%B6nSprudel+Fulda-Maberzell%22+Tischtennis+Deutschland,50.477674,9.784164
TTC RIBERACOIS,France,https://www.google.com/maps/search/?api=1&query=%22TTC+RIBERACOIS%22+tennis+de+table+France,,
TTC RUMILLY,France,https://www.google.com/maps/search/?api=1&query=%22TTC+RUMILLY%22+tennis+de+table+France,45.868590,5.932300
TTC RW 1921 Biebrich,Allemagne,https://www.google.com/maps/search/?api=1&query=%22TTC+RW+1921+Biebrich%22+Tischtennis+Deutschland,50.303029,7.954496
TTC Schwalbe Bergneustadt,Allemagne,https://www.google.com/maps/search/?api=1&query=%22TTC+Schwalbe+Bergneustadt%22+Tischtennis+Deutschland,51.020742,7.649073
TTC SG.ROUILLAC,France,https://www.google.com/maps/search/?api=1&query=%22TTC+SG.ROUILLAC%22+tennis+de+table+France,45.780362,-0.068411
TTC SR Hohenstein-Ernstthal,Allemagne,https://www.google.com/maps/search/?api=1&query=%22TTC+SR+Hohenstein-Ernstthal%22+Tischtennis+Deutschland,50.801140,12.709857
TTC SW Velbert,Allemagne,https://www.google.com/maps/search/?api=1&query=%22TTC+SW+Velbert%22+Tischtennis+Deutschland,51.340671,7.043991
TTC Waldniel,Allemagne,https://www.google.com/maps/search/?api=1&query=%22TTC+Waldniel%22+Tischtennis+Deutschland,50.202455,11.467123
TTC Zella-Mehlis e.V.,Allemagne,https://www.google.com/maps/search/?api=1&query=%22TTC+Zella-Mehlis+e.V.%22+Tischtennis+Deutschland,50.670154,10.653945
TTC Zugbrücke Grenzau,Allemagne,https://www.google.com/maps/search/?api=1&query=%22TTC+Zugbr%C3%BCcke+Grenzau%22+Tischtennis+Deutschland,50.452512,7.661585
TTE LAMPAUL/LOCMELAR,France,https://www.google.com/maps/search/?api=1&query=%22TTE+LAMPAUL%2FLOCMELAR%22+tennis+de+table+France,48.492375,-4.047763
TTF Besseringen,Allemagne,https://www.google.com/maps/search/?api=1&query=%22TTF+Besseringen%22+Tischtennis+Deutschland,50.202455,11.467123
TTF Frankenthal,Allemagne,https://www.google.com/maps/search/?api=1&query=%22TTF+Frankenthal%22+Tischtennis+Deutschland,50.202455,11.467123
TTF Illtal,Allemagne,https://www.google.com/maps/search/?api=1&query=%22TTF+Illtal%22+Tischtennis+Deutschland,50.202455,11.467123
TTF Neuhausen/F.,Allemagne,https://www.google.com/maps/search/?api=1&query=%22TTF+Neuhausen%2FF.%22+Tischtennis+Deutschland,50.675000,13.466700
TTG Bingen/Münster-Sarmsheim,Allemagne,https://www.google.com/maps/search/?api=1&query=%22TTG+Bingen%2FM%C3%BCnster-Sarmsheim%22+Tischtennis+Deutschland,49.943350,7.892880
TTG Kleinsteinbach/Singen,Allemagne,https://www.google.com/maps/search/?api=1&query=%22TTG+Kleinsteinbach%2FSingen%22+Tischtennis+Deutschland,48.966922,8.559365
TTG Niederkassel,Allemagne,https://www.google.com/maps/search/?api=1&query=%22TTG+Niederkassel%22+Tischtennis+Deutschland,50.202455,11.467123
TTG St. Augustin,Allemagne,https://www.google.com/maps/search/?api=1&query=%22TTG+St.+Augustin%22+Tischtennis+Deutschland,50.202455,11.467123
TTK Anröchte,Allemagne,https://www.google.com/maps/search/?api=1&query=%22TTK+Anr%C3%B6chte%22+Tischtennis+Deutschland,50.202455,11.467123
TTP 01110 Plateau d'Hauteville,France,https://www.google.com/maps/search/?api=1&query=%22TTP+01110+Plateau+d%27Hauteville%22+tennis+de+table+France,45.972134,5.592090
TTPS SENONCHES,France,https://www.google.com/maps/search/?api=1&query=%22TTPS+SENONCHES%22+tennis+de+table+France,48.555728,1.035935
TTS Borsum,Allemagne,https://www.google.com/maps/search/?api=1&query=%22TTS+Borsum%22+Tischtennis+Deutschland,50.202455,11.467123
TTS DUROLLIEN,France,https://www.google.com/maps/search/?api=1&query=%22TTS+DUROLLIEN%22+tennis+de+table+France,45.870569,3.597769
TTSC 09 Delmenhorst,Allemagne,https://www.google.com/maps/search/?api=1&query=%22TTSC+09+Delmenhorst%22+Tischtennis+Deutschland,53.048095,8.628607
TTSF Hohberg,Allemagne,https://www.google.com/maps/search/?api=1&query=%22TTSF+Hohberg%22+Tischtennis+Deutschland,50.939471,9.587612
TTV Grün-Weiß Ettlingen e.V.,Allemagne,https://www.google.com/maps/search/?api=1&query=%22TTV+Gr%C3%BCn-Wei%C3%9F+Ettlingen+e.V.%22+Tischtennis+Deutschland,50.895455,7.085704
TTV Neheim-Hüsten,Allemagne,https://www.google.com/maps/search/?api=1&query=%22TTV+Neheim-H%C3%BCsten%22+Tischtennis+Deutschland,51.437648,7.970908
TTV Rees-Groin,Allemagne,https://www.google.com/maps/search/?api=1&query=%22TTV+Rees-Groin%22+Tischtennis+Deutschland,51.763661,6.396127
TTV Ronsdorf,Allemagne,https://www.google.com/maps/search/?api=1&query=%22TTV+Ronsdorf%22+Tischtennis+Deutschland,50.202455,11.467123
TU VERRIERES TT,France,https://www.google.com/maps/search/?api=1&query=%22TU+VERRIERES+TT%22+tennis+de+table+France,48.742979,2.255489
TUFFALUN ASVR TT,France,https://www.google.com/maps/search/?api=1&query=%22TUFFALUN+ASVR+TT%22+tennis+de+table+France,47.260730,-0.344213
TuS Celle,Allemagne,https://www.google.com/maps/search/?api=1&query=%22TuS+Celle%22+Tischtennis+Deutschland,52.620744,10.048714
TuS Germania Schnelsen,Allemagne,https://www.google.com/maps/search/?api=1&query=%22TuS+Germania+Schnelsen%22+Tischtennis+Deutschland,53.637400,9.918831
TuS Hornau,Allemagne,https://www.google.com/maps/search/?api=1&query=%22TuS+Hornau%22+Tischtennis+Deutschland,50.153537,8.441351
TuS Sulingen,Allemagne,https://www.google.com/maps/search/?api=1&query=%22TuS+Sulingen%22+Tischtennis+Deutschland,52.678966,8.830577
TuS Uentrop,Allemagne,https://www.google.com/maps/search/?api=1&query=%22TuS+Uentrop%22+Tischtennis+Deutschland,51.692689,7.930363
TV 06 Limbach,Allemagne,https://www.google.com/maps/search/?api=1&query=%22TV+06+Limbach%22+Tischtennis+Deutschland,50.701205,7.799979
TV 1860 Nassau e. V.,Allemagne,https://www.google.com/maps/search/?api=1&query=%22TV+1860+Nassau+e.+V.%22+Tischtennis+Deutschland,47.649918,7.821985
TV 1879 Hilpoltstein,Allemagne,https://www.google.com/maps/search/?api=1&query=%22TV+1879+Hilpoltstein%22+Tischtennis+Deutschland,49.191310,11.197195
TV 1894 Braunfels,Allemagne,https://www.google.com/maps/search/?api=1&query=%22TV+1894+Braunfels%22+Tischtennis+Deutschland,50.501725,8.401282
TV 1894 Okarben,Allemagne,https://www.google.com/maps/search/?api=1&query=%22TV+1894+Okarben%22+Tischtennis+Deutschland,50.250451,8.754869
TV Boos 1924,Allemagne,https://www.google.com/maps/search/?api=1&query=%22TV+Boos+1924%22+Tischtennis+Deutschland,49.793421,7.717401
TV Friedeburg,Allemagne,https://www.google.com/maps/search/?api=1&query=%22TV+Friedeburg%22+Tischtennis+Deutschland,48.366145,10.957927
TV Kieselbronn e.V.,Allemagne,https://www.google.com/maps/search/?api=1&query=%22TV+Kieselbronn+e.V.%22+Tischtennis+Deutschland,48.931888,8.755651
TV Refrath,Allemagne,https://www.google.com/maps/search/?api=1&query=%22TV+Refrath%22+Tischtennis+Deutschland,50.957265,7.110805
TV Ruhmannsfelden,Allemagne,https://www.google.com/maps/search/?api=1&query=%22TV+Ruhmannsfelden%22+Tischtennis+Deutschland,48.982232,12.980520
U S BOIS LE ROI,France,https://www.google.com/maps/search/?api=1&query=%22U+S+BOIS+LE+ROI%22+tennis+de+table+France,48.492584,2.763901
U S C HOURTIN,France,https://www.google.com/maps/search/?api=1&query=%22U+S+C+HOURTIN%22+tennis+de+table+France,45.190964,-1.054472
U S CURIAL CAMBRAI,France,https://www.google.com/maps/search/?api=1&query=%22U+S+CURIAL+CAMBRAI%22+tennis+de+table+France,48.894908,2.374620
U S ETREPAGNY T T,France,https://www.google.com/maps/search/?api=1&query=%22U+S+ETREPAGNY+T+T%22+tennis+de+table+France,49.310962,1.613740
U S FECAMPOISE,France,https://www.google.com/maps/search/?api=1&query=%22U+S+FECAMPOISE%22+tennis+de+table+France,49.751887,0.381337
U S METRO,France,https://www.google.com/maps/search/?api=1&query=%22U+S+METRO%22+tennis+de+table+France,48.859635,2.371053
U S MIOSSAISE PING PONG,France,https://www.google.com/maps/search/?api=1&query=%22U+S+MIOSSAISE+PING+PONG%22+tennis+de+table+France,44.604380,-0.937729
U. S. CHARNY OREE DE PUISAYE,France,https://www.google.com/maps/search/?api=1&query=%22U.+S.+CHARNY+OREE+DE+PUISAYE%22+tennis+de+table+France,47.898433,3.090887
U.M.S.T.T. MONTELIMAR,France,https://www.google.com/maps/search/?api=1&query=%22U.M.S.T.T.+MONTELIMAR%22+tennis+de+table+France,44.550528,4.744782
U.P. St Genis Champagnac,France,https://www.google.com/maps/search/?api=1&query=%22U.P.+St+Genis+Champagnac%22+tennis+de+table+France,45.479362,-0.569281
U.P.MAZAMETAINE,France,https://www.google.com/maps/search/?api=1&query=%22U.P.MAZAMETAINE%22+tennis+de+table+France,43.492601,2.377525
U.S FIDELAIRE TENNIS DE TABLE,France,https://www.google.com/maps/search/?api=1&query=%22U.S+FIDELAIRE+TENNIS+DE+TABLE%22+tennis+de+table+France,48.943830,0.829375
U.S. CARMAUX TT,France,https://www.google.com/maps/search/?api=1&query=%22U.S.+CARMAUX+TT%22+tennis+de+table+France,44.053035,2.156794
U.S. CHAMBRAY-LES-TOURS,France,https://www.google.com/maps/search/?api=1&query=%22U.S.+CHAMBRAY-LES-TOURS%22+tennis+de+table+France,47.343647,0.698020
U.S. GENILLE T.T.,France,https://www.google.com/maps/search/?api=1&query=%22U.S.+GENILLE+T.T.%22+tennis+de+table+France,47.205330,1.099773
U.S. ISSOIRE TT,France,https://www.google.com/maps/search/?api=1&query=%22U.S.+ISSOIRE+TT%22+tennis+de+table+France,45.551457,3.248743
U.S. MARTRES DE VEYRE TT,France,https://www.google.com/maps/search/?api=1&query=%22U.S.+MARTRES+DE+VEYRE+TT%22+tennis+de+table+France,45.690077,3.195897
U.S. PLOUAYSIENNE,France,https://www.google.com/maps/search/?api=1&query=%22U.S.+PLOUAYSIENNE%22+tennis+de+table+France,47.922315,-3.324302
U.S. RENAUDINE T.T.,France,https://www.google.com/maps/search/?api=1&query=%22U.S.+RENAUDINE+T.T.%22+tennis+de+table+France,47.596387,0.915354
U.S. VERN,France,https://www.google.com/maps/search/?api=1&query=%22U.S.+VERN%22+tennis+de+table+France,48.035022,-1.597405
U.S. VERNOU SUR BRENNE,France,https://www.google.com/maps/search/?api=1&query=%22U.S.+VERNOU+SUR+BRENNE%22+tennis+de+table+France,47.419067,0.840850
U.S.C. LEZOUX,France,https://www.google.com/maps/search/?api=1&query=%22U.S.C.+LEZOUX%22+tennis+de+table+France,45.829229,3.386866
U.S.E. AVOINE-BEAUMONT,France,https://www.google.com/maps/search/?api=1&query=%22U.S.E.+AVOINE-BEAUMONT%22+tennis+de+table+France,47.208922,0.182725
U.S.M DONVILLAISES TENNIS DE TAB,France,https://www.google.com/maps/search/?api=1&query=%22U.S.M+DONVILLAISES+TENNIS+DE+TAB%22+tennis+de+table+France,48.848825,-1.573682
U.S.MONTAUBAN T.T.,France,https://www.google.com/maps/search/?api=1&query=%22U.S.MONTAUBAN+T.T.%22+tennis+de+table+France,44.013099,1.344878
U.S.T.T. SASSENAGE,France,https://www.google.com/maps/search/?api=1&query=%22U.S.T.T.+SASSENAGE%22+tennis+de+table+France,45.204563,5.668883
U.S.TROPEZIENNE,France,https://www.google.com/maps/search/?api=1&query=%22U.S.TROPEZIENNE%22+tennis+de+table+France,43.262355,6.675705
U.SEBASTIANENSE FC,Portugal,https://www.google.com/maps/search/?api=1&query=%22U.SEBASTIANENSE+FC%22+t%C3%A9nis+de+mesa+Portugal,38.666871,-27.092057
U.T.T COLLEGIEN,France,https://www.google.com/maps/search/?api=1&query=%22U.T.T+COLLEGIEN%22+tennis+de+table+France,48.838876,2.673341
UCAM TM CARTAGENA,Espagne,https://www.google.com/maps/search/?api=1&query=%22UCAM+TM+CARTAGENA%22+tenis+de+mesa+Espa%C3%B1a,37.630340,-1.011424
UCHAUD ASTT,France,https://www.google.com/maps/search/?api=1&query=%22UCHAUD+ASTT%22+tennis+de+table+France,43.759041,4.265393
UDC  DE ARGIVAI,Portugal,https://www.google.com/maps/search/?api=1&query=%22UDC++DE+ARGIVAI%22+t%C3%A9nis+de+mesa+Portugal,41.375654,-8.734186
UJR LANGOLEN,France,https://www.google.com/maps/search/?api=1&query=%22UJR+LANGOLEN%22+tennis+de+table+France,48.079412,-3.912381
ULLY ST GEORGES FR,France,https://www.google.com/maps/search/?api=1&query=%22ULLY+ST+GEORGES+FR%22+tennis+de+table+France,49.281525,2.279131
UMS TT PONTAULT COMBAULT,France,https://www.google.com/maps/search/?api=1&query=%22UMS+TT+PONTAULT+COMBAULT%22+tennis+de+table+France,48.789227,2.617087
UNION ATH. CADILLACAISE,France,https://www.google.com/maps/search/?api=1&query=%22UNION+ATH.+CADILLACAISE%22+tennis+de+table+France,44.632179,-0.307013
UNION COSNOISE SPORTIVE,France,https://www.google.com/maps/search/?api=1&query=%22UNION+COSNOISE+SPORTIVE%22+tennis+de+table+France,47.401514,2.923874
UNION SPORTIVE BLETTERANOISE TT,France,https://www.google.com/maps/search/?api=1&query=%22UNION+SPORTIVE+BLETTERANOISE+TT%22+tennis+de+table+France,46.743673,5.458237
Union Sportive Marmanhacoise T T,France,https://www.google.com/maps/search/?api=1&query=%22Union+Sportive+Marmanhacoise+T+T%22+tennis+de+table+France,45.007180,2.481320
UNION SPORTIVE QUEMENEVENOISE,France,https://www.google.com/maps/search/?api=1&query=%22UNION+SPORTIVE+QUEMENEVENOISE%22+tennis+de+table+France,,
UNION ST JEAN,France,https://www.google.com/maps/search/?api=1&query=%22UNION+ST+JEAN%22+tennis+de+table+France,44.824832,-0.563654
UNITE SPORTIVE FERTESIENNE,France,https://www.google.com/maps/search/?api=1&query=%22UNITE+SPORTIVE+FERTESIENNE%22+tennis+de+table+France,47.717267,1.946218
UP CREUSOT VARENNES,France,https://www.google.com/maps/search/?api=1&query=%22UP+CREUSOT+VARENNES%22+tennis+de+table+France,46.803299,4.406492
UP Monistrol Ste-sigolene,France,https://www.google.com/maps/search/?api=1&query=%22UP+Monistrol+Ste-sigolene%22+tennis+de+table+France,45.295370,4.170993
UP PLEDRANAISE,France,https://www.google.com/maps/search/?api=1&query=%22UP+PLEDRANAISE%22+tennis+de+table+France,48.444424,-2.750611
URVILLE-NACQUEVILLE ASS TT,France,https://www.google.com/maps/search/?api=1&query=%22URVILLE-NACQUEVILLE+ASS+TT%22+tennis+de+table+France,49.674037,-1.730657
US 2 PARIS,France,https://www.google.com/maps/search/?api=1&query=%22US+2+PARIS%22+tennis+de+table+France,48.866568,2.345507
US BAUME LES DAMES,France,https://www.google.com/maps/search/?api=1&query=%22US+BAUME+LES+DAMES%22+tennis+de+table+France,47.348207,6.368685
US BAZAS TT,France,https://www.google.com/maps/search/?api=1&query=%22US+BAZAS+TT%22+tennis+de+table+France,44.432455,-0.214196
US BEAUREPAIRE / ST FULGENT,France,https://www.google.com/maps/search/?api=1&query=%22US+BEAUREPAIRE+%2F+ST+FULGENT%22+tennis+de+table+France,46.860161,-1.175604
US BOUSCATAISE Tennis de Table,France,https://www.google.com/maps/search/?api=1&query=%22US+BOUSCATAISE+Tennis+de+Table%22+tennis+de+table+France,44.866207,-0.582790
US BRANNE Ping Pong,France,https://www.google.com/maps/search/?api=1&query=%22US+BRANNE+Ping+Pong%22+tennis+de+table+France,44.824988,-0.184091
US C BOIS GUILLAUME,France,https://www.google.com/maps/search/?api=1&query=%22US+C+BOIS+GUILLAUME%22+tennis+de+table+France,49.470927,1.119304
US CASTELMAYRAN TENNIS DE TABLE,France,https://www.google.com/maps/search/?api=1&query=%22US+CASTELMAYRAN+TENNIS+DE+TABLE%22+tennis+de+table+France,44.021982,1.048210
US CENON,France,https://www.google.com/maps/search/?api=1&query=%22US+CENON%22+tennis+de+table+France,44.850417,-0.537515
US CH. CLERMONT-FD,France,https://www.google.com/maps/search/?api=1&query=%22US+CH.+CLERMONT-FD%22+tennis+de+table+France,45.779502,3.106593
US CHANTELOUP TENNIS DE TABLE,France,https://www.google.com/maps/search/?api=1&query=%22US+CHANTELOUP+TENNIS+DE+TABLE%22+tennis+de+table+France,47.967334,-1.615867
US CHAPELLOISE TT,France,https://www.google.com/maps/search/?api=1&query=%22US+CHAPELLOISE+TT%22+tennis+de+table+France,47.892660,1.839790
US CHEMINOTS CHAMBERIENS TT,France,https://www.google.com/maps/search/?api=1&query=%22US+CHEMINOTS+CHAMBERIENS+TT%22+tennis+de+table+France,45.500137,6.047095
US CHEMINOTS DIEPPE,France,https://www.google.com/maps/search/?api=1&query=%22US+CHEMINOTS+DIEPPE%22+tennis+de+table+France,49.917757,1.080090
US CHEMINOTS DIJON,France,https://www.google.com/maps/search/?api=1&query=%22US+CHEMINOTS+DIJON%22+tennis+de+table+France,47.308638,5.014642
US CHEMINOTS LYON,France,https://www.google.com/maps/search/?api=1&query=%22US+CHEMINOTS+LYON%22+tennis+de+table+France,45.747836,4.828365
US CHEMINOTS MARSEILLAIS,France,https://www.google.com/maps/search/?api=1&query=%22US+CHEMINOTS+MARSEILLAIS%22+tennis+de+table+France,43.307164,5.392525
US COULANGES LES NEVERS,France,https://www.google.com/maps/search/?api=1&query=%22US+COULANGES+LES+NEVERS%22+tennis+de+table+France,47.013970,3.179250
US CRETEIL TENNIS DE TABLE,France,https://www.google.com/maps/search/?api=1&query=%22US+CRETEIL+TENNIS+DE+TABLE%22+tennis+de+table+France,48.785143,2.454409
US EGALITAIRE NEUDORF,France,https://www.google.com/maps/search/?api=1&query=%22US+EGALITAIRE+NEUDORF%22+tennis+de+table+France,48.559430,7.768412
US GRAVIGNY TT,France,https://www.google.com/maps/search/?api=1&query=%22US+GRAVIGNY+TT%22+tennis+de+table+France,49.039176,1.156731
US JOIGNY,France,https://www.google.com/maps/search/?api=1&query=%22US+JOIGNY%22+tennis+de+table+France,47.977188,3.417637
US LA CHARITE TENNIS DE TABLE,France,https://www.google.com/maps/search/?api=1&query=%22US+LA+CHARITE+TENNIS+DE+TABLE%22+tennis+de+table+France,47.183483,3.020912
US LA CRAU TENNIS DE TABLE,France,https://www.google.com/maps/search/?api=1&query=%22US+LA+CRAU+TENNIS+DE+TABLE%22+tennis+de+table+France,43.146391,6.082760
US LA RICHE TENNIS DE TABLE,France,https://www.google.com/maps/search/?api=1&query=%22US+LA+RICHE+TENNIS+DE+TABLE%22+tennis+de+table+France,47.386133,0.655099
US Le Poinçonnet Tennis de Table,France,https://www.google.com/maps/search/?api=1&query=%22US+Le+Poin%C3%A7onnet+Tennis+de+Table%22+tennis+de+table+France,46.763673,1.721581
US LILLEBONNE TENNIS DE TABLE,France,https://www.google.com/maps/search/?api=1&query=%22US+LILLEBONNE+TENNIS+DE+TABLE%22+tennis+de+table+France,49.518201,0.533108
US MELUNAISE TT,France,https://www.google.com/maps/search/?api=1&query=%22US+MELUNAISE+TT%22+tennis+de+table+France,48.553350,2.640222
US MEYRIEU TT,France,https://www.google.com/maps/search/?api=1&query=%22US+MEYRIEU+TT%22+tennis+de+table+France,45.513167,5.196186
US MONTANAY PONGISTE,France,https://www.google.com/maps/search/?api=1&query=%22US+MONTANAY+PONGISTE%22+tennis+de+table+France,45.881863,4.868806
US MOULINS ENGILBERT TT,France,https://www.google.com/maps/search/?api=1&query=%22US+MOULINS+ENGILBERT+TT%22+tennis+de+table+France,46.985101,3.809382
US ORLEANS TT,France,https://www.google.com/maps/search/?api=1&query=%22US+ORLEANS+TT%22+tennis+de+table+France,47.906909,1.920163
US PLAISANTINE TT,France,https://www.google.com/maps/search/?api=1&query=%22US+PLAISANTINE+TT%22+tennis+de+table+France,43.604666,0.045909
US PLOUBALAY,France,https://www.google.com/maps/search/?api=1&query=%22US+PLOUBALAY%22+tennis+de+table+France,48.578165,-2.142226
US POMAREZ TT,France,https://www.google.com/maps/search/?api=1&query=%22US+POMAREZ+TT%22+tennis+de+table+France,43.627904,-0.829368
US RAMONVILLE TT,France,https://www.google.com/maps/search/?api=1&query=%22US+RAMONVILLE+TT%22+tennis+de+table+France,45.634940,4.855415
US RAQUETTE ENTRAIGUOISE,France,https://www.google.com/maps/search/?api=1&query=%22US+RAQUETTE+ENTRAIGUOISE%22+tennis+de+table+France,44.004077,4.915285
US ROCROI TENNIS DE TABLE,France,https://www.google.com/maps/search/?api=1&query=%22US+ROCROI+TENNIS+DE+TABLE%22+tennis+de+table+France,49.925448,4.522400
US ROISSY TENNIS DE TABLE,France,https://www.google.com/maps/search/?api=1&query=%22US+ROISSY+TENNIS+DE+TABLE%22+tennis+de+table+France,48.792400,2.663502
US SAINT MAUR,France,https://www.google.com/maps/search/?api=1&query=%22US+SAINT+MAUR%22+tennis+de+table+France,46.805310,1.629940
US SANDILLON TT,France,https://www.google.com/maps/search/?api=1&query=%22US+SANDILLON+TT%22+tennis+de+table+France,47.844844,2.028001
US ST EGREVE T.T.,France,https://www.google.com/maps/search/?api=1&query=%22US+ST+EGREVE+T.T.%22+tennis+de+table+France,45.234496,5.692186
US TALENCE,France,https://www.google.com/maps/search/?api=1&query=%22US+TALENCE%22+tennis+de+table+France,44.800850,-0.595563
US TENNIS DE TABLE LA CHATRE,France,https://www.google.com/maps/search/?api=1&query=%22US+TENNIS+DE+TABLE+LA+CHATRE%22+tennis+de+table+France,46.594038,1.981806
US TORPES BOUSSIERES,France,https://www.google.com/maps/search/?api=1&query=%22US+TORPES+BOUSSIERES%22+tennis+de+table+France,47.169567,5.888682
US TORREILLES US TT,France,https://www.google.com/maps/search/?api=1&query=%22US+TORREILLES+US+TT%22+tennis+de+table+France,42.752547,2.996145
US TREMBLAY,France,https://www.google.com/maps/search/?api=1&query=%22US+TREMBLAY%22+tennis+de+table+France,48.429746,-1.471708
US VAUX LE PENIL,France,https://www.google.com/maps/search/?api=1&query=%22US+VAUX+LE+PENIL%22+tennis+de+table+France,48.532107,2.672871
US YEVRES,France,https://www.google.com/maps/search/?api=1&query=%22US+YEVRES%22+tennis+de+table+France,48.207139,1.193112
US. CHOUZY Tennis de Table,France,https://www.google.com/maps/search/?api=1&query=%22US.+CHOUZY+Tennis+de+Table%22+tennis+de+table+France,47.526855,1.245375
US.ARGENTON,France,https://www.google.com/maps/search/?api=1&query=%22US.ARGENTON%22+tennis+de+table+France,46.588284,1.526583
USA National Team (USATT),USA,https://www.google.com/maps/search/?api=1&query=%22USA+National+Team+%28USATT%29%22+table+tennis+USA,43.056802,-89.467431
USC GRANDE BASTIDE,France,https://www.google.com/maps/search/?api=1&query=%22USC+GRANDE+BASTIDE%22+tennis+de+table+France,43.298057,5.440501
USM OLIVET TENNIS DE TABLE,France,https://www.google.com/maps/search/?api=1&query=%22USM+OLIVET+TENNIS+DE+TABLE%22+tennis+de+table+France,47.874452,1.895499
USM VILLEPARISIS TT,France,https://www.google.com/maps/search/?api=1&query=%22USM+VILLEPARISIS+TT%22+tennis+de+table+France,48.946377,2.609276
USMVIRE Tennis de Table,France,https://www.google.com/maps/search/?api=1&query=%22USMVIRE+Tennis+de+Table%22+tennis+de+table+France,48.839801,-0.882418
USSAC SAINT ABRABRAM,France,https://www.google.com/maps/search/?api=1&query=%22USSAC+SAINT+ABRABRAM%22+tennis+de+table+France,47.847319,-2.403866
UST EQUEURDREVILLE ,France,https://www.google.com/maps/search/?api=1&query=%22UST+EQUEURDREVILLE+%22+tennis+de+table+France,49.643750,-1.658400
USV Jena e.V.,Allemagne,https://www.google.com/maps/search/?api=1&query=%22USV+Jena+e.V.%22+Tischtennis+Deutschland,50.917670,11.580028
UTEBO TM,Espagne,https://www.google.com/maps/search/?api=1&query=%22UTEBO+TM%22+tenis+de+mesa+Espa%C3%B1a,41.714083,-0.994359
UTT SAINT-MARTIN DE CRAU,France,https://www.google.com/maps/search/?api=1&query=%22UTT+SAINT-MARTIN+DE+CRAU%22+tennis+de+table+France,43.635246,4.823591
UZEMAIN,France,https://www.google.com/maps/search/?api=1&query=%22UZEMAIN%22+tennis+de+table+France,48.087705,6.342801
VADANS,France,https://www.google.com/maps/search/?api=1&query=%22VADANS%22+tennis+de+table+France,46.934019,5.698777
VAGNEY A.T.T.,France,https://www.google.com/maps/search/?api=1&query=%22VAGNEY+A.T.T.%22+tennis+de+table+France,47.994790,6.718978
VAGOS SC,Portugal,https://www.google.com/maps/search/?api=1&query=%22VAGOS+SC%22+t%C3%A9nis+de+mesa+Portugal,40.553892,-8.680915
VAIGES Tennis de Table,France,https://www.google.com/maps/search/?api=1&query=%22VAIGES+Tennis+de+Table%22+tennis+de+table+France,48.036495,-0.472689
VAILLANTE AUTUN-TT,France,https://www.google.com/maps/search/?api=1&query=%22VAILLANTE+AUTUN-TT%22+tennis+de+table+France,46.951086,4.303929
VAL D ORGE (Entente Pongiste),France,https://www.google.com/maps/search/?api=1&query=%22VAL+D+ORGE+%28Entente+Pongiste%29%22+tennis+de+table+France,48.547776,2.125370
VAL D'OZON TENNIS DE TABLE,France,https://www.google.com/maps/search/?api=1&query=%22VAL+D%27OZON+TENNIS+DE+TABLE%22+tennis+de+table+France,45.639273,4.872336
VAL de LIEPVRE ASL,France,https://www.google.com/maps/search/?api=1&query=%22VAL+de+LIEPVRE+ASL%22+tennis+de+table+France,48.274515,7.279870
VAL DE MODER 77 CTT,France,https://www.google.com/maps/search/?api=1&query=%22VAL+DE+MODER+77+CTT%22+tennis+de+table+France,48.851991,7.614917
VAL DE REUIL CSTT,France,https://www.google.com/maps/search/?api=1&query=%22VAL+DE+REUIL+CSTT%22+tennis+de+table+France,49.274029,1.216684
VAL DE VERGY TENNIS DE TABLE,France,https://www.google.com/maps/search/?api=1&query=%22VAL+DE+VERGY+TENNIS+DE+TABLE%22+tennis+de+table+France,47.176817,4.877279
VALDEMORO,Espagne,https://www.google.com/maps/search/?api=1&query=%22VALDEMORO%22+tenis+de+mesa+Espa%C3%B1a,40.188684,-3.670573
VALENC'IN PIERRE TT,France,https://www.google.com/maps/search/?api=1&query=%22VALENC%27IN+PIERRE+TT%22+tennis+de+table+France,45.614743,5.023663
valence-bourg tennis de table,France,https://www.google.com/maps/search/?api=1&query=%22valence-bourg+tennis+de+table%22+tennis+de+table+France,44.936596,4.918927
VALENCIENNES USTT,France,https://www.google.com/maps/search/?api=1&query=%22VALENCIENNES+USTT%22+tennis+de+table+France,3.532840,50.358420
VALINES VIMEU TENNIS DE TABLE,France,https://www.google.com/maps/search/?api=1&query=%22VALINES+VIMEU+TENNIS+DE+TABLE%22+tennis+de+table+France,50.076011,1.621392
Vallee d'Avre Tennis de Table,France,https://www.google.com/maps/search/?api=1&query=%22Vallee+d%27Avre+Tennis+de+Table%22+tennis+de+table+France,48.763910,1.237618
VALLEE D'ORTHE U.S,France,https://www.google.com/maps/search/?api=1&query=%22VALLEE+D%27ORTHE+U.S%22+tennis+de+table+France,48.214743,-0.218032
VALLEE DU GAPEAU TT,France,https://www.google.com/maps/search/?api=1&query=%22VALLEE+DU+GAPEAU+TT%22+tennis+de+table+France,43.246069,6.001081
VALLS DEL NORD,Espagne,https://www.google.com/maps/search/?api=1&query=%22VALLS+DEL+NORD%22+tenis+de+mesa+Espa%C3%B1a,41.293000,1.255631
VANDOEUVRE ASTT,France,https://www.google.com/maps/search/?api=1&query=%22VANDOEUVRE+ASTT%22+tennis+de+table+France,48.655719,6.148140
VARADES A.S.C.P.,France,https://www.google.com/maps/search/?api=1&query=%22VARADES+A.S.C.P.%22+tennis+de+table+France,47.389283,-0.971322
VARCES VIF Tennis de table,France,https://www.google.com/maps/search/?api=1&query=%22VARCES+VIF+Tennis+de+table%22+tennis+de+table+France,45.093855,5.674196
Vars Entente Pongiste,France,https://www.google.com/maps/search/?api=1&query=%22Vars+Entente+Pongiste%22+tennis+de+table+France,45.763170,0.128067
VATH VIELHA TT,France,https://www.google.com/maps/search/?api=1&query=%22VATH+VIELHA+TT%22+tennis+de+table+France,43.169603,-0.218402
VAUCHELLES ASV,France,https://www.google.com/maps/search/?api=1&query=%22VAUCHELLES+ASV%22+tennis+de+table+France,50.104234,1.893912
VAUGRIGNEUSE CSMV,France,https://www.google.com/maps/search/?api=1&query=%22VAUGRIGNEUSE+CSMV%22+tennis+de+table+France,48.602386,2.118129
VAULX-MILIEU TT,France,https://www.google.com/maps/search/?api=1&query=%22VAULX-MILIEU+TT%22+tennis+de+table+France,45.613429,5.183787
VAUTORTE A.S,France,https://www.google.com/maps/search/?api=1&query=%22VAUTORTE+A.S%22+tennis+de+table+France,48.298836,-0.833237
VAUVERT OPP,France,https://www.google.com/maps/search/?api=1&query=%22VAUVERT+OPP%22+tennis+de+table+France,43.689069,4.269542
VAUVILLERS-JUSSEY TENNIS DE TAB,France,https://www.google.com/maps/search/?api=1&query=%22VAUVILLERS-JUSSEY+TENNIS+DE+TAB%22+tennis+de+table+France,47.923489,6.101121
VAUX TTC,France,https://www.google.com/maps/search/?api=1&query=%22VAUX+TTC%22+tennis+de+table+France,49.006689,1.963385
VEGAS DEL GENIL,Espagne,https://www.google.com/maps/search/?api=1&query=%22VEGAS+DEL+GENIL%22+tenis+de+mesa+Espa%C3%B1a,37.168708,-3.689070
VELIZY CTT,France,https://www.google.com/maps/search/?api=1&query=%22VELIZY+CTT%22+tennis+de+table+France,48.781071,2.200162
VENDARGUES T.T.,France,https://www.google.com/maps/search/?api=1&query=%22VENDARGUES+T.T.%22+tennis+de+table+France,43.655190,3.971980
VENDIN LES BETHUNE TT,France,https://www.google.com/maps/search/?api=1&query=%22VENDIN+LES+BETHUNE+TT%22+tennis+de+table+France,50.539663,2.603254
VENIZEL TT,France,https://www.google.com/maps/search/?api=1&query=%22VENIZEL+TT%22+tennis+de+table+France,49.366007,3.407513
VENNECY AS TT,France,https://www.google.com/maps/search/?api=1&query=%22VENNECY+AS+TT%22+tennis+de+table+France,47.954361,2.053191
VERDUN S.A.V.T.T.,France,https://www.google.com/maps/search/?api=1&query=%22VERDUN+S.A.V.T.T.%22+tennis+de+table+France,49.066834,5.426351
VERGAVILLE F.R.,France,https://www.google.com/maps/search/?api=1&query=%22VERGAVILLE+F.R.%22+tennis+de+table+France,48.837752,6.742674
VERNANTES Reveil Vernantais,France,https://www.google.com/maps/search/?api=1&query=%22VERNANTES+Reveil+Vernantais%22+tennis+de+table+France,47.393768,0.055421
VERNEUIL US,France,https://www.google.com/maps/search/?api=1&query=%22VERNEUIL+US%22+tennis+de+table+France,48.981073,1.966558
VERNIOZ MJC,France,https://www.google.com/maps/search/?api=1&query=%22VERNIOZ+MJC%22+tennis+de+table+France,45.420835,4.902778
Verrieres Ent Pongiste,France,https://www.google.com/maps/search/?api=1&query=%22Verrieres+Ent+Pongiste%22+tennis+de+table+France,46.410735,0.584666
VERSAILLES SCTT,France,https://www.google.com/maps/search/?api=1&query=%22VERSAILLES+SCTT%22+tennis+de+table+France,48.807996,2.148877
VERTOU ASPV,France,https://www.google.com/maps/search/?api=1&query=%22VERTOU+ASPV%22+tennis+de+table+France,47.165116,-1.473281
VESLES ET CAUMONT ASC,France,https://www.google.com/maps/search/?api=1&query=%22VESLES+ET+CAUMONT+ASC%22+tennis+de+table+France,49.668200,3.782900
VEYRE-MONTON TT,France,https://www.google.com/maps/search/?api=1&query=%22VEYRE-MONTON+TT%22+tennis+de+table+France,45.673229,3.160730
VFC,Portugal,https://www.google.com/maps/search/?api=1&query=%22VFC%22+t%C3%A9nis+de+mesa+Portugal,37.717162,-25.433535
VfR Birkmannsweiler,Allemagne,https://www.google.com/maps/search/?api=1&query=%22VfR+Birkmannsweiler%22+Tischtennis+Deutschland,48.864872,9.430574
VfR Fehlheim 1929,Allemagne,https://www.google.com/maps/search/?api=1&query=%22VfR+Fehlheim+1929%22+Tischtennis+Deutschland,49.704864,8.571591
VGA ST MAUR US TT,France,https://www.google.com/maps/search/?api=1&query=%22VGA+ST+MAUR+US+TT%22+tennis+de+table+France,48.789625,2.477904
VIBRAYE ASTT,France,https://www.google.com/maps/search/?api=1&query=%22VIBRAYE+ASTT%22+tennis+de+table+France,48.068127,0.731916
VIC EAUZE GASCOGNE ARMAGNAC TT,France,https://www.google.com/maps/search/?api=1&query=%22VIC+EAUZE+GASCOGNE+ARMAGNAC+TT%22+tennis+de+table+France,43.760783,0.297884
VIC SUR SEILLE EP,France,https://www.google.com/maps/search/?api=1&query=%22VIC+SUR+SEILLE+EP%22+tennis+de+table+France,48.786120,6.536582
VIC T.T.,Espagne,https://www.google.com/maps/search/?api=1&query=%22VIC+T.T.%22+tenis+de+mesa+Espa%C3%B1a,40.796702,0.525940
VIE A VEIGY,France,https://www.google.com/maps/search/?api=1&query=%22VIE+A+VEIGY%22+tennis+de+table+France,46.276634,6.258738
VIEILLEVIGNE A.P.,France,https://www.google.com/maps/search/?api=1&query=%22VIEILLEVIGNE+A.P.%22+tennis+de+table+France,46.971363,-1.439139
VIERZON PING,France,https://www.google.com/maps/search/?api=1&query=%22VIERZON+PING%22+tennis+de+table+France,47.226847,2.062512
VIGNACOURT TT,France,https://www.google.com/maps/search/?api=1&query=%22VIGNACOURT+TT%22+tennis+de+table+France,50.011981,2.196875
VIGNEMONT ALAE,France,https://www.google.com/maps/search/?api=1&query=%22VIGNEMONT+ALAE%22+tennis+de+table+France,49.500148,2.774987
VILAGARCIA TM,Espagne,https://www.google.com/maps/search/?api=1&query=%22VILAGARCIA+TM%22+tenis+de+mesa+Espa%C3%B1a,42.594763,-8.766918
VILLE LE MARCLET-FLIXECOURT ENT,France,https://www.google.com/maps/search/?api=1&query=%22VILLE+LE+MARCLET-FLIXECOURT+ENT%22+tennis+de+table+France,50.013905,2.075920
VILLEBON/YVETTE AS,France,https://www.google.com/maps/search/?api=1&query=%22VILLEBON%2FYVETTE+AS%22+tennis+de+table+France,48.697775,2.228998
VILLEDIEU CS,France,https://www.google.com/maps/search/?api=1&query=%22VILLEDIEU+CS%22+tennis+de+table+France,48.845136,-1.208896
VILLEDIEU LA BLOUERE T.T.,France,https://www.google.com/maps/search/?api=1&query=%22VILLEDIEU+LA+BLOUERE+T.T.%22+tennis+de+table+France,47.153257,-1.057577
Villefagnan Animation Loisirs,France,https://www.google.com/maps/search/?api=1&query=%22Villefagnan+Animation+Loisirs%22+tennis+de+table+France,46.010783,0.087081
VILLEFRANCHE SUR CHER TT,France,https://www.google.com/maps/search/?api=1&query=%22VILLEFRANCHE+SUR+CHER+TT%22+tennis+de+table+France,47.295562,1.761717
VILLEFRANCHE TTCAV,France,https://www.google.com/maps/search/?api=1&query=%22VILLEFRANCHE+TTCAV%22+tennis+de+table+France,45.995622,4.707906
VILLEJUIF US,France,https://www.google.com/maps/search/?api=1&query=%22VILLEJUIF+US%22+tennis+de+table+France,48.795104,2.364630
VILLEMOMBLE SPTT,France,https://www.google.com/maps/search/?api=1&query=%22VILLEMOMBLE+SPTT%22+tennis+de+table+France,48.886135,2.497408
VILLENEUVE D'ASCQ CARSAT TT,France,https://www.google.com/maps/search/?api=1&query=%22VILLENEUVE+D%27ASCQ+CARSAT+TT%22+tennis+de+table+France,50.612173,3.021046
VILLENEUVE D'ASCQ FOS,France,https://www.google.com/maps/search/?api=1&query=%22VILLENEUVE+D%27ASCQ+FOS%22+tennis+de+table+France,50.631607,3.123946
VILLENEUVE EN RETZ   TT,France,https://www.google.com/maps/search/?api=1&query=%22VILLENEUVE+EN+RETZ+++TT%22+tennis+de+table+France,47.030184,-1.899614
VILLENEUVE LA GARENNE,France,https://www.google.com/maps/search/?api=1&query=%22VILLENEUVE+LA+GARENNE%22+tennis+de+table+France,48.941688,2.326439
VILLENEUVE LES AVIGNON AS,France,https://www.google.com/maps/search/?api=1&query=%22VILLENEUVE+LES+AVIGNON+AS%22+tennis+de+table+France,43.975660,4.781948
VILLEPINTE STTT,France,https://www.google.com/maps/search/?api=1&query=%22VILLEPINTE+STTT%22+tennis+de+table+France,48.948877,2.561824
VILLERBON TT,France,https://www.google.com/maps/search/?api=1&query=%22VILLERBON+TT%22+tennis+de+table+France,47.660127,1.374485
VILLEREAU CDJ,France,https://www.google.com/maps/search/?api=1&query=%22VILLEREAU+CDJ%22+tennis+de+table+France,50.247069,3.699528
VILLERS BOCAGE US,France,https://www.google.com/maps/search/?api=1&query=%22VILLERS+BOCAGE+US%22+tennis+de+table+France,49.079645,-0.655719
VILLERS LA MONTAGNE FEP,France,https://www.google.com/maps/search/?api=1&query=%22VILLERS+LA+MONTAGNE+FEP%22+tennis+de+table+France,49.472860,5.820987
VILLERS LES NANCY C.O.S.,France,https://www.google.com/maps/search/?api=1&query=%22VILLERS+LES+NANCY+C.O.S.%22+tennis+de+table+France,48.659183,6.124284
VILLERS ST PAUL TT,France,https://www.google.com/maps/search/?api=1&query=%22VILLERS+ST+PAUL+TT%22+tennis+de+table+France,49.286085,2.501543
VILLERS-BRETONNEUX PPC,France,https://www.google.com/maps/search/?api=1&query=%22VILLERS-BRETONNEUX+PPC%22+tennis+de+table+France,49.864728,2.518348
VILLEURBANNE TENNIS DE TABLE,France,https://www.google.com/maps/search/?api=1&query=%22VILLEURBANNE+TENNIS+DE+TABLE%22+tennis+de+table+France,45.761330,4.872525
VILLEVEQUE SOUCELLES ASC,France,https://www.google.com/maps/search/?api=1&query=%22VILLEVEQUE+SOUCELLES+ASC%22+tennis+de+table+France,47.605932,-0.404702
VILLEY SAINT ETIENNE MJC,France,https://www.google.com/maps/search/?api=1&query=%22VILLEY+SAINT+ETIENNE+MJC%22+tennis+de+table+France,48.727431,5.977989
Villiers en Plaine TS 44,France,https://www.google.com/maps/search/?api=1&query=%22Villiers+en+Plaine+TS+44%22+tennis+de+table+France,46.407075,-0.537457
VILLIERS ES,France,https://www.google.com/maps/search/?api=1&query=%22VILLIERS+ES%22+tennis+de+table+France,48.829771,2.552291
VINCENNOIS TT,France,https://www.google.com/maps/search/?api=1&query=%22VINCENNOIS+TT%22+tennis+de+table+France,48.849641,2.445871
VINEUIL SPORTS / SUEVRES TT,France,https://www.google.com/maps/search/?api=1&query=%22VINEUIL+SPORTS+%2F+SUEVRES+TT%22+tennis+de+table+France,47.585482,1.382582
VIOLAINES TT,France,https://www.google.com/maps/search/?api=1&query=%22VIOLAINES+TT%22+tennis+de+table+France,50.542693,2.795128
VIOLETTE ATURINE,France,https://www.google.com/maps/search/?api=1&query=%22VIOLETTE+ATURINE%22+tennis+de+table+France,43.738443,-0.279715
VIROFLAY USM,France,https://www.google.com/maps/search/?api=1&query=%22VIROFLAY+USM%22+tennis+de+table+France,48.809593,2.166512
VIRY CHATILLON ES,France,https://www.google.com/maps/search/?api=1&query=%22VIRY+CHATILLON+ES%22+tennis+de+table+France,48.671108,2.365804
VITRY ES,France,https://www.google.com/maps/search/?api=1&query=%22VITRY+ES%22+tennis+de+table+France,48.788679,2.381151
VITRY TOP,France,https://www.google.com/maps/search/?api=1&query=%22VITRY+TOP%22+tennis+de+table+France,48.726246,4.578918
VITTEL TT,France,https://www.google.com/maps/search/?api=1&query=%22VITTEL+TT%22+tennis+de+table+France,48.194801,5.937930
VIVAISE ASC TT,France,https://www.google.com/maps/search/?api=1&query=%22VIVAISE+ASC+TT%22+tennis+de+table+France,49.620164,3.561531
VIVE TOMELLOSO,Espagne,https://www.google.com/maps/search/?api=1&query=%22VIVE+TOMELLOSO%22+tenis+de+mesa+Espa%C3%B1a,39.158555,-3.021485
VIVIER AU COURT CTT,France,https://www.google.com/maps/search/?api=1&query=%22VIVIER+AU+COURT+CTT%22+tennis+de+table+France,49.736550,4.829986
Vivonne US,France,https://www.google.com/maps/search/?api=1&query=%22Vivonne+US%22+tennis+de+table+France,46.432881,0.266996
VIVY-GENNES Entente,France,https://www.google.com/maps/search/?api=1&query=%22VIVY-GENNES+Entente%22+tennis+de+table+France,47.323290,-0.066934
VOLMUNSTER F.J.,France,https://www.google.com/maps/search/?api=1&query=%22VOLMUNSTER+F.J.%22+tennis+de+table+France,49.121943,7.351398
VRAUX JUVIGNY RC,France,https://www.google.com/maps/search/?api=1&query=%22VRAUX+JUVIGNY+RC%22+tennis+de+table+France,49.026896,4.237923
VSC,Portugal,https://www.google.com/maps/search/?api=1&query=%22VSC%22+t%C3%A9nis+de+mesa+Portugal,40.214767,-8.415255
WAMBRECHIES CAFP,France,https://www.google.com/maps/search/?api=1&query=%22WAMBRECHIES+CAFP%22+tennis+de+table+France,50.683508,3.053841
WARCQ TC,France,https://www.google.com/maps/search/?api=1&query=%22WARCQ+TC%22+tennis+de+table+France,49.769092,4.678948
WARGNIES-LE-GRAND TTGA,France,https://www.google.com/maps/search/?api=1&query=%22WARGNIES-LE-GRAND+TTGA%22+tennis+de+table+France,50.307455,3.662533
WARMERIVILLE Tennis de Table,France,https://www.google.com/maps/search/?api=1&query=%22WARMERIVILLE+Tennis+de+Table%22+tennis+de+table+France,49.347302,4.220191
WASQUEHAL TT,France,https://www.google.com/maps/search/?api=1&query=%22WASQUEHAL+TT%22+tennis+de+table+France,50.666935,3.123532
WATTIGNIES  PPC,France,https://www.google.com/maps/search/?api=1&query=%22WATTIGNIES++PPC%22+tennis+de+table+France,50.587002,3.045924
WATTRELOS US SACL,France,https://www.google.com/maps/search/?api=1&query=%22WATTRELOS+US+SACL%22+tennis+de+table+France,50.707338,3.200658
WILLER SUR THUR TTC,France,https://www.google.com/maps/search/?api=1&query=%22WILLER+SUR+THUR+TTC%22+tennis+de+table+France,47.844698,7.068296
WILLERWALD A.S.,France,https://www.google.com/maps/search/?api=1&query=%22WILLERWALD+A.S.%22+tennis+de+table+France,49.026293,7.033003
WIMEREUX ALEB TENNIS DE TABLE,France,https://www.google.com/maps/search/?api=1&query=%22WIMEREUX+ALEB+TENNIS+DE+TABLE%22+tennis+de+table+France,50.778813,1.621035
Wingles Tennis de Table,France,https://www.google.com/maps/search/?api=1&query=%22Wingles+Tennis+de+Table%22+tennis+de+table+France,50.494664,2.854856
WINTZFELDEN TT,France,https://www.google.com/maps/search/?api=1&query=%22WINTZFELDEN+TT%22+tennis+de+table+France,47.974990,7.197722
WIRQUIN TT,France,https://www.google.com/maps/search/?api=1&query=%22WIRQUIN+TT%22+tennis+de+table+France,47.248867,-1.483284
WITTELSHEIM MDPA TT,France,https://www.google.com/maps/search/?api=1&query=%22WITTELSHEIM+MDPA+TT%22+tennis+de+table+France,47.806747,7.237405
WITTES US,France,https://www.google.com/maps/search/?api=1&query=%22WITTES+US%22+tennis+de+table+France,50.669369,2.391923
WORLDLINE SECLIN CSE ,France,https://www.google.com/maps/search/?api=1&query=%22WORLDLINE+SECLIN+CSE+%22+tennis+de+table+France,50.589736,2.957989
WORMHOUT AS TT,France,https://www.google.com/maps/search/?api=1&query=%22WORMHOUT+AS+TT%22+tennis+de+table+France,50.872153,2.478766
Xaintrie TT,France,https://www.google.com/maps/search/?api=1&query=%22Xaintrie+TT%22+tennis+de+table+France,45.210580,2.071272
XONRUPT A.S.C.X.L. T.T.,France,https://www.google.com/maps/search/?api=1&query=%22XONRUPT+A.S.C.X.L.+T.T.%22+tennis+de+table+France,48.081037,6.926184
YERRES ATT,France,https://www.google.com/maps/search/?api=1&query=%22YERRES+ATT%22+tennis+de+table+France,48.713604,2.478055
YVIGNAC LA TOUR T.T.,France,https://www.google.com/maps/search/?api=1&query=%22YVIGNAC+LA+TOUR+T.T.%22+tennis+de+table+France,48.297710,-2.149560
YVRE L EVEQUE E.P.,France,https://www.google.com/maps/search/?api=1&query=%22YVRE+L+EVEQUE+E.P.%22+tennis+de+table+France,48.025058,0.262395
ZORN TT HOCHFELDEN,France,https://www.google.com/maps/search/?api=1&query=%22ZORN+TT+HOCHFELDEN%22+tennis+de+table+France,48.758767,7.565370
ÉVRY-COURCOURONNES TT,France,https://www.google.com/maps/search/?api=1&query=%22%C3%89VRY-COURCOURONNES+TT%22+tennis+de+table+France,48.627472,2.418970
上海地产集团,Chine,https://www.google.com/maps/search/?api=1&query=%22%E4%B8%8A%E6%B5%B7%E5%9C%B0%E4%BA%A7%E9%9B%86%E5%9B%A2%22+%E4%B9%92%E4%B9%93%E7%90%83+%E4%B8%AD%E5%9B%BD,31.195589,121.501126
上海沿浦,Chine,https://www.google.com/maps/search/?api=1&query=%22%E4%B8%8A%E6%B5%B7%E6%B2%BF%E6%B5%A6%22+%E4%B9%92%E4%B9%93%E7%90%83+%E4%B8%AD%E5%9B%BD,31.217821,121.532208
上海龙腾,Chine,https://www.google.com/maps/search/?api=1&query=%22%E4%B8%8A%E6%B5%B7%E9%BE%99%E8%85%BE%22+%E4%B9%92%E4%B9%93%E7%90%83+%E4%B8%AD%E5%9B%BD,31.278962,121.423827
临沂新星,Chine,https://www.google.com/maps/search/?api=1&query=%22%E4%B8%B4%E6%B2%82%E6%96%B0%E6%98%9F%22+%E4%B9%92%E4%B9%93%E7%90%83+%E4%B8%AD%E5%9B%BD,35.824427,117.836735
北京市先农坛,Chine,https://www.google.com/maps/search/?api=1&query=%22%E5%8C%97%E4%BA%AC%E5%B8%82%E5%85%88%E5%86%9C%E5%9D%9B%22+%E4%B9%92%E4%B9%93%E7%90%83+%E4%B8%AD%E5%9B%BD,39.876239,116.394173
华东理工大学,Chine,https://www.google.com/maps/search/?api=1&query=%22%E5%8D%8E%E4%B8%9C%E7%90%86%E5%B7%A5%E5%A4%A7%E5%AD%A6%22+%E4%B9%92%E4%B9%93%E7%90%83+%E4%B8%AD%E5%9B%BD,31.145081,121.419509
南京东大智能米粒一队,Chine,https://www.google.com/maps/search/?api=1&query=%22%E5%8D%97%E4%BA%AC%E4%B8%9C%E5%A4%A7%E6%99%BA%E8%83%BD%E7%B1%B3%E7%B2%92%E4%B8%80%E9%98%9F%22+%E4%B9%92%E4%B9%93%E7%90%83+%E4%B8%AD%E5%9B%BD,36.063377,103.832146
南京体育学院,Chine,https://www.google.com/maps/search/?api=1&query=%22%E5%8D%97%E4%BA%AC%E4%BD%93%E8%82%B2%E5%AD%A6%E9%99%A2%22+%E4%B9%92%E4%B9%93%E7%90%83+%E4%B8%AD%E5%9B%BD,32.045384,118.862041
四川丰谷,Chine,https://www.google.com/maps/search/?api=1&query=%22%E5%9B%9B%E5%B7%9D%E4%B8%B0%E8%B0%B7%22+%E4%B9%92%E4%B9%93%E7%90%83+%E4%B8%AD%E5%9B%BD,31.351485,104.825733
四川红树林,Chine,https://www.google.com/maps/search/?api=1&query=%22%E5%9B%9B%E5%B7%9D%E7%BA%A2%E6%A0%91%E6%9E%97%22+%E4%B9%92%E4%B9%93%E7%90%83+%E4%B8%AD%E5%9B%BD,30.822256,104.140424
四川银行,Chine,https://www.google.com/maps/search/?api=1&query=%22%E5%9B%9B%E5%B7%9D%E9%93%B6%E8%A1%8C%22+%E4%B9%92%E4%B9%93%E7%90%83+%E4%B8%AD%E5%9B%BD,26.581867,101.722698
大乒协华东理工,Chine,https://www.google.com/maps/search/?api=1&query=%22%E5%A4%A7%E4%B9%92%E5%8D%8F%E5%8D%8E%E4%B8%9C%E7%90%86%E5%B7%A5%22+%E4%B9%92%E4%B9%93%E7%90%83+%E4%B8%AD%E5%9B%BD,36.063377,103.832146
天津女队,Chine,https://www.google.com/maps/search/?api=1&query=%22%E5%A4%A9%E6%B4%A5%E5%A5%B3%E9%98%9F%22+%E4%B9%92%E4%B9%93%E7%90%83+%E4%B8%AD%E5%9B%BD,36.063377,103.832146
安徽中程·奕鹏,Chine,https://www.google.com/maps/search/?api=1&query=%22%E5%AE%89%E5%BE%BD%E4%B8%AD%E7%A8%8B%C2%B7%E5%A5%95%E9%B9%8F%22+%E4%B9%92%E4%B9%93%E7%90%83+%E4%B8%AD%E5%9B%BD,31.628072,117.575499
安徽中程一队,Chine,https://www.google.com/maps/search/?api=1&query=%22%E5%AE%89%E5%BE%BD%E4%B8%AD%E7%A8%8B%E4%B8%80%E9%98%9F%22+%E4%B9%92%E4%B9%93%E7%90%83+%E4%B8%AD%E5%9B%BD,36.063377,103.832146
安徽中程二队,Chine,https://www.google.com/maps/search/?api=1&query=%22%E5%AE%89%E5%BE%BD%E4%B8%AD%E7%A8%8B%E4%BA%8C%E9%98%9F%22+%E4%B9%92%E4%B9%93%E7%90%83+%E4%B8%AD%E5%9B%BD,36.063377,103.832146
安徽中程单招基地,Chine,https://www.google.com/maps/search/?api=1&query=%22%E5%AE%89%E5%BE%BD%E4%B8%AD%E7%A8%8B%E5%8D%95%E6%8B%9B%E5%9F%BA%E5%9C%B0%22+%E4%B9%92%E4%B9%93%E7%90%83+%E4%B8%AD%E5%9B%BD,31.793105,117.203751
山东胜利东胜,Chine,https://www.google.com/maps/search/?api=1&query=%22%E5%B1%B1%E4%B8%9C%E8%83%9C%E5%88%A9%E4%B8%9C%E8%83%9C%22+%E4%B9%92%E4%B9%93%E7%90%83+%E4%B8%AD%E5%9B%BD,36.651470,117.035143
山东至晟体育,Chine,https://www.google.com/maps/search/?api=1&query=%22%E5%B1%B1%E4%B8%9C%E8%87%B3%E6%99%9F%E4%BD%93%E8%82%B2%22+%E4%B9%92%E4%B9%93%E7%90%83+%E4%B8%AD%E5%9B%BD,36.330758,113.236759
山东魏桥·向尚运动,Chine,https://www.google.com/maps/search/?api=1&query=%22%E5%B1%B1%E4%B8%9C%E9%AD%8F%E6%A1%A5%C2%B7%E5%90%91%E5%B0%9A%E8%BF%90%E5%8A%A8%22+%E4%B9%92%E4%B9%93%E7%90%83+%E4%B8%AD%E5%9B%BD,37.030564,117.489610
山东鲁能,Chine,https://www.google.com/maps/search/?api=1&query=%22%E5%B1%B1%E4%B8%9C%E9%B2%81%E8%83%BD%22+%E4%B9%92%E4%B9%93%E7%90%83+%E4%B8%AD%E5%9B%BD,36.773070,117.040555
山西队,Chine,https://www.google.com/maps/search/?api=1&query=%22%E5%B1%B1%E8%A5%BF%E9%98%9F%22+%E4%B9%92%E4%B9%93%E7%90%83+%E4%B8%AD%E5%9B%BD,37.093076,111.597033
广东二沙深圳大学,Chine,https://www.google.com/maps/search/?api=1&query=%22%E5%B9%BF%E4%B8%9C%E4%BA%8C%E6%B2%99%E6%B7%B1%E5%9C%B3%E5%A4%A7%E5%AD%A6%22+%E4%B9%92%E4%B9%93%E7%90%83+%E4%B8%AD%E5%9B%BD,36.063377,103.832146
广东二沙深圳大学一队,Chine,https://www.google.com/maps/search/?api=1&query=%22%E5%B9%BF%E4%B8%9C%E4%BA%8C%E6%B2%99%E6%B7%B1%E5%9C%B3%E5%A4%A7%E5%AD%A6%E4%B8%80%E9%98%9F%22+%E4%B9%92%E4%B9%93%E7%90%83+%E4%B8%AD%E5%9B%BD,36.063377,103.832146
广东陈静俱乐部,Chine,https://www.google.com/maps/search/?api=1&query=%22%E5%B9%BF%E4%B8%9C%E9%99%88%E9%9D%99%E4%BF%B1%E4%B9%90%E9%83%A8%22+%E4%B9%92%E4%B9%93%E7%90%83+%E4%B8%AD%E5%9B%BD,36.063377,103.832146
成都香投,Chine,https://www.google.com/maps/search/?api=1&query=%22%E6%88%90%E9%83%BD%E9%A6%99%E6%8A%95%22+%E4%B9%92%E4%B9%93%E7%90%83+%E4%B8%AD%E5%9B%BD,30.311727,103.323047
成都高新若水居,Chine,https://www.google.com/maps/search/?api=1&query=%22%E6%88%90%E9%83%BD%E9%AB%98%E6%96%B0%E8%8B%A5%E6%B0%B4%E5%B1%85%22+%E4%B9%92%E4%B9%93%E7%90%83+%E4%B8%AD%E5%9B%BD,30.562141,104.059530
武汉经开港,Chine,https://www.google.com/maps/search/?api=1&query=%22%E6%AD%A6%E6%B1%89%E7%BB%8F%E5%BC%80%E6%B8%AF%22+%E4%B9%92%E4%B9%93%E7%90%83+%E4%B8%AD%E5%9B%BD,31.784366,117.304248
汕头明润,Chine,https://www.google.com/maps/search/?api=1&query=%22%E6%B1%95%E5%A4%B4%E6%98%8E%E6%B6%A6%22+%E4%B9%92%E4%B9%93%E7%90%83+%E4%B8%AD%E5%9B%BD,36.063377,103.832146
江苏中超电缆·迎福台,Chine,https://www.google.com/maps/search/?api=1&query=%22%E6%B1%9F%E8%8B%8F%E4%B8%AD%E8%B6%85%E7%94%B5%E7%BC%86%C2%B7%E8%BF%8E%E7%A6%8F%E5%8F%B0%22+%E4%B9%92%E4%B9%93%E7%90%83+%E4%B8%AD%E5%9B%BD,31.564182,117.443275
河南队,Chine,https://www.google.com/maps/search/?api=1&query=%22%E6%B2%B3%E5%8D%97%E9%98%9F%22+%E4%B9%92%E4%B9%93%E7%90%83+%E4%B8%AD%E5%9B%BD,34.451466,119.207239
泰州睿杰超峰,Chine,https://www.google.com/maps/search/?api=1&query=%22%E6%B3%B0%E5%B7%9E%E7%9D%BF%E6%9D%B0%E8%B6%85%E5%B3%B0%22+%E4%B9%92%E4%B9%93%E7%90%83+%E4%B8%AD%E5%9B%BD,36.063377,103.832146
济南乐搏,Chine,https://www.google.com/maps/search/?api=1&query=%22%E6%B5%8E%E5%8D%97%E4%B9%90%E6%90%8F%22+%E4%B9%92%E4%B9%93%E7%90%83+%E4%B8%AD%E5%9B%BD,36.666449,117.128700
浙江竞体,Chine,https://www.google.com/maps/search/?api=1&query=%22%E6%B5%99%E6%B1%9F%E7%AB%9E%E4%BD%93%22+%E4%B9%92%E4%B9%93%E7%90%83+%E4%B8%AD%E5%9B%BD,27.977277,119.631124
深圳大学,Chine,https://www.google.com/maps/search/?api=1&query=%22%E6%B7%B1%E5%9C%B3%E5%A4%A7%E5%AD%A6%22+%E4%B9%92%E4%B9%93%E7%90%83+%E4%B8%AD%E5%9B%BD,22.535902,113.931475
深圳大学·暨南·深圳移动,Chine,https://www.google.com/maps/search/?api=1&query=%22%E6%B7%B1%E5%9C%B3%E5%A4%A7%E5%AD%A6%C2%B7%E6%9A%A8%E5%8D%97%C2%B7%E6%B7%B1%E5%9C%B3%E7%A7%BB%E5%8A%A8%22+%E4%B9%92%E4%B9%93%E7%90%83+%E4%B8%AD%E5%9B%BD,22.535902,113.931475
湖北乒协一队,Chine,https://www.google.com/maps/search/?api=1&query=%22%E6%B9%96%E5%8C%97%E4%B9%92%E5%8D%8F%E4%B8%80%E9%98%9F%22+%E4%B9%92%E4%B9%93%E7%90%83+%E4%B8%AD%E5%9B%BD,36.063377,103.832146
瑞昌市体总,Chine,https://www.google.com/maps/search/?api=1&query=%22%E7%91%9E%E6%98%8C%E5%B8%82%E4%BD%93%E6%80%BB%22+%E4%B9%92%E4%B9%93%E7%90%83+%E4%B8%AD%E5%9B%BD,43.808204,87.576712
福建安井,Chine,https://www.google.com/maps/search/?api=1&query=%22%E7%A6%8F%E5%BB%BA%E5%AE%89%E4%BA%95%22+%E4%B9%92%E4%B9%93%E7%90%83+%E4%B8%AD%E5%9B%BD,25.153228,119.088642
耐普股份,Chine,https://www.google.com/maps/search/?api=1&query=%22%E8%80%90%E6%99%AE%E8%82%A1%E4%BB%BD%22+%E4%B9%92%E4%B9%93%E7%90%83+%E4%B8%AD%E5%9B%BD,35.749263,115.201447
西安刘楠一队,Chine,https://www.google.com/maps/search/?api=1&query=%22%E8%A5%BF%E5%AE%89%E5%88%98%E6%A5%A0%E4%B8%80%E9%98%9F%22+%E4%B9%92%E4%B9%93%E7%90%83+%E4%B8%AD%E5%9B%BD,36.063377,103.832146
西安刘楠二队,Chine,https://www.google.com/maps/search/?api=1&query=%22%E8%A5%BF%E5%AE%89%E5%88%98%E6%A5%A0%E4%BA%8C%E9%98%9F%22+%E4%B9%92%E4%B9%93%E7%90%83+%E4%B8%AD%E5%9B%BD,36.063377,103.832146
辽宁队,Chine,https://www.google.com/maps/search/?api=1&query=%22%E8%BE%BD%E5%AE%81%E9%98%9F%22+%E4%B9%92%E4%B9%93%E7%90%83+%E4%B8%AD%E5%9B%BD,39.822789,123.260810
重庆南开融侨中学,Chine,https://www.google.com/maps/search/?api=1&query=%22%E9%87%8D%E5%BA%86%E5%8D%97%E5%BC%80%E8%9E%8D%E4%BE%A8%E4%B8%AD%E5%AD%A6%22+%E4%B9%92%E4%B9%93%E7%90%83+%E4%B8%AD%E5%9B%BD,31.893935,117.358385
重庆成现中滨,Chine,https://www.google.com/maps/search/?api=1&query=%22%E9%87%8D%E5%BA%86%E6%88%90%E7%8E%B0%E4%B8%AD%E6%BB%A8%22+%E4%B9%92%E4%B9%93%E7%90%83+%E4%B8%AD%E5%9B%BD,31.756570,117.297121
重庆成现体育,Chine,https://www.google.com/maps/search/?api=1&query=%22%E9%87%8D%E5%BA%86%E6%88%90%E7%8E%B0%E4%BD%93%E8%82%B2%22+%E4%B9%92%E4%B9%93%E7%90%83+%E4%B8%AD%E5%9B%BD,30.002088,106.257216
陕西三八妇乐,Chine,https://www.google.com/maps/search/?api=1&query=%22%E9%99%95%E8%A5%BF%E4%B8%89%E5%85%AB%E5%A6%87%E4%B9%90%22+%E4%B9%92%E4%B9%93%E7%90%83+%E4%B8%AD%E5%9B%BD,36.063377,103.832146
黄石基地·华新,Chine,https://www.google.com/maps/search/?api=1&query=%22%E9%BB%84%E7%9F%B3%E5%9F%BA%E5%9C%B0%C2%B7%E5%8D%8E%E6%96%B0%22+%E4%B9%92%E4%B9%93%E7%90%83+%E4%B8%AD%E5%9B%BD,22.885813,108.274717
