type,id,handle,url,title,meta_description,og_image,description_html,description_text,vendor,product_type,tags,price_min,price_max,compare_at_price_min,compare_at_price_max,currency,available,nb_variants,nb_colors,nb_sizes,nb_images,main_image_url,image_urls,colors,sizes,variants_json,published_at,updated_at,created_at,scraped_at
product,1980884942941,ping-pang-paddle-t-shirt,https://pingpang.paris/products/ping-pang-paddle-t-shirt,T-shirt IDENTITÉ | Raquette broderie,«IDENTITE » : Tee-shirt 100 % Coton Organique. Pour un avenir durable et élégant. Fit classique Broderie Raquette au niveau du coeur Broderie P3 ton sur ton sous encolure dos Fabriqué au Portugal (avec amour) Certifié GOTS !,http://pingpang.paris/cdn/shop/products/IMG_8284_ecfb562d-e8be-4048-a9c4-0c5caa0042db_800x.jpg?v=1605806804,"<p data-mce-fragment=""1""><b data-mce-fragment=""1"">«IDENTITE » : </b></p>
<p data-mce-fragment=""1""><i data-mce-fragment=""1""><span data-mce-fragment=""1"" style=""font-weight: 400;"">Tee-shirt 100 % Coton Organique. Pour un avenir durable et élégant.</span></i></p>
<p data-mce-fragment=""1""><span data-mce-fragment=""1"" style=""font-weight: 400;"">Cette pièce a été inspirée et soigneusement créée dans le but de vous proposer une expérience à la hauteur du club. <br><br></span>. Fit classique <meta charset=""utf-8""><span data-mce-fragment=""1"">(the model wears S and she is 1.78m)</span><br>. Broderie ""raquette"" au niveau du coeur <br>. Broderie P3 ton sur ton sous encolure dos<br>. Fabriqué au Portugal (avec amour)<br>. Certifié GOTS<br><br><meta charset=""utf-8""><strong data-mce-fragment=""1"">Nos modèles sont unisexes :</strong><br data-mce-fragment=""1""><em data-mce-fragment=""1""><span style=""text-decoration: underline;"">Pour les filles</span><span data-mce-fragment=""1""> </span>: prendre la taille en dessous de votre taille habituelle ou préférez un style oversize en gardant la même.<span data-mce-fragment=""1""> </span><br data-mce-fragment=""1""><span style=""text-decoration: underline;"">Pour les garçons</span> : prendre la taille habituelle. </em><br></p>","«IDENTITE » : Tee-shirt 100 % Coton Organique. Pour un avenir durable et élégant. Cette pièce a été inspirée et soigneusement créée dans le but de vous proposer une expérience à la hauteur du club. . Fit classique (the model wears S and she is 1.78m) . Broderie ""raquette"" au niveau du coeur . Broderie P3 ton sur ton sous encolure dos . Fabriqué au Portugal (avec amour) . Certifié GOTS Nos modèles sont unisexes : Pour les filles : prendre la taille en dessous de votre taille habituelle ou préférez un style oversize en gardant la même. Pour les garçons : prendre la taille habituelle.",pingpang.paris,T-shirt,raquette,55.0,55.0,,,EUR,true,12,2,6,4,https://cdn.shopify.com/s/files/1/0045/5291/7085/products/IMG_8284_ecfb562d-e8be-4048-a9c4-0c5caa0042db.jpg?v=1605806804,https://cdn.shopify.com/s/files/1/0045/5291/7085/products/IMG_8284_ecfb562d-e8be-4048-a9c4-0c5caa0042db.jpg?v=1605806804 | https://cdn.shopify.com/s/files/1/0045/5291/7085/products/Identite_Creme_Packshot_PPP4.jpg?v=1605806804 | https://cdn.shopify.com/s/files/1/0045/5291/7085/products/IMG_7801_61f69050-7af2-47cf-97f2-a1f79e5080b8.jpg?v=1605806804 | https://cdn.shopify.com/s/files/1/0045/5291/7085/products/Identite_Noir_Packshot_PPP3.jpg?v=1605806804,NOIR | BLANC CREME,XS | S | M | L | XL | XXL,"[{""id"": 47391972032845, ""sku"": """", ""title"": ""NOIR / XS"", ""price"": 55.0, ""compare_at_price"": null, ""available"": true, ""option1"": ""NOIR"", ""option2"": ""XS"", ""option3"": null, ""weight"": 170.0, ""requires_shipping"": true, ""featured_image"": ""https://cdn.shopify.com/s/files/1/0045/5291/7085/products/Identite_Noir_Packshot_PPP3.jpg?v=1605806804""}, {""id"": 36642084290720, ""sku"": ""TS-COEUR-001-1"", ""title"": ""NOIR / S"", ""price"": 55.0, ""compare_at_price"": null, ""available"": true, ""option1"": ""NOIR"", ""option2"": ""S"", ""option3"": null, ""weight"": 170.0, ""requires_shipping"": true, ""featured_image"": ""https://cdn.shopify.com/s/files/1/0045/5291/7085/products/IMG_7801_61f69050-7af2-47cf-97f2-a1f79e5080b8.jpg?v=1605806804""}, {""id"": 36642084421792, ""sku"": ""TS-COEUR-001-2"", ""title"": ""NOIR / M"", ""price"": 55.0, ""compare_at_price"": null, ""available"": true, ""option1"": ""NOIR"", ""option2"": ""M"", ""option3"": null, ""weight"": 184.0, ""requires_shipping"": true, ""featured_image"": ""https://cdn.shopify.com/s/files/1/0045/5291/7085/products/IMG_7801_61f69050-7af2-47cf-97f2-a1f79e5080b8.jpg?v=1605806804""}, {""id"": 36642084585632, ""sku"": ""TS-COEUR-001-3"", ""title"": ""NOIR / L"", ""price"": 55.0, ""compare_at_price"": null, ""available"": false, ""option1"": ""NOIR"", ""option2"": ""L"", ""option3"": null, ""weight"": 205.0, ""requires_shipping"": true, ""featured_image"": ""https://cdn.shopify.com/s/files/1/0045/5291/7085/products/IMG_7801_61f69050-7af2-47cf-97f2-a1f79e5080b8.jpg?v=1605806804""}, {""id"": 36642084716704, ""sku"": ""TS-COEUR-001-4"", ""title"": ""NOIR / XL"", ""price"": 55.0, ""compare_at_price"": null, ""available"": true, ""option1"": ""NOIR"", ""option2"": ""XL"", ""option3"": null, ""weight"": 205.0, ""requires_shipping"": true, ""featured_image"": ""https://cdn.shopify.com/s/files/1/0045/5291/7085/products/IMG_7801_61f69050-7af2-47cf-97f2-a1f79e5080b8.jpg?v=1605806804""}, {""id"": 47391972065613, ""sku"": """", ""title"": ""NOIR / XXL"", ""price"": 55.0, ""compare_at_price"": null, ""available"": true, ""option1"": ""NOIR"", ""option2"": ""XXL"", ""option3"": null, ""weight"": 170.0, ""requires_shipping"": true, ""featured_image"": ""https://cdn.shopify.com/s/files/1/0045/5291/7085/products/Identite_Noir_Packshot_PPP3.jpg?v=1605806804""}, {""id"": 47391972098381, ""sku"": """", ""title"": ""BLANC CREME / XS"", ""price"": 55.0, ""compare_at_price"": null, ""available"": true, ""option1"": ""BLANC CREME"", ""option2"": ""XS"", ""option3"": null, ""weight"": 170.0, ""requires_shipping"": true, ""featured_image"": ""https://cdn.shopify.com/s/files/1/0045/5291/7085/products/Identite_Creme_Packshot_PPP4.jpg?v=1605806804""}, {""id"": 36642084323488, ""sku"": ""TS-COEUR-001-5"", ""title"": ""BLANC CREME / S"", ""price"": 55.0, ""compare_at_price"": null, ""available"": true, ""option1"": ""BLANC CREME"", ""option2"": ""S"", ""option3"": null, ""weight"": 170.0, ""requires_shipping"": true, ""featured_image"": ""https://cdn.shopify.com/s/files/1/0045/5291/7085/products/IMG_8284_ecfb562d-e8be-4048-a9c4-0c5caa0042db.jpg?v=1605806804""}, {""id"": 36642084487328, ""sku"": ""TS-COEUR-001-6"", ""title"": ""BLANC CREME / M"", ""price"": 55.0, ""compare_at_price"": null, ""available"": true, ""option1"": ""BLANC CREME"", ""option2"": ""M"", ""option3"": null, ""weight"": 184.0, ""requires_shipping"": true, ""featured_image"": ""https://cdn.shopify.com/s/files/1/0045/5291/7085/products/IMG_8284_ecfb562d-e8be-4048-a9c4-0c5caa0042db.jpg?v=1605806804""}, {""id"": 36642084618400, ""sku"": ""TS-COEUR-001-7"", ""title"": ""BLANC CREME / L"", ""price"": 55.0, ""compare_at_price"": null, ""available"": true, ""option1"": ""BLANC CREME"", ""option2"": ""L"", ""option3"": null, ""weight"": 205.0, ""requires_shipping"": true, ""featured_image"": ""https://cdn.shopify.com/s/files/1/0045/5291/7085/products/IMG_8284_ecfb562d-e8be-4048-a9c4-0c5caa0042db.jpg?v=1605806804""}, {""id"": 36642084749472, ""sku"": ""TS-COEUR-001-8"", ""title"": ""BLANC CREME / XL"", ""price"": 55.0, ""compare_at_price"": null, ""available"": true, ""option1"": ""BLANC CREME"", ""option2"": ""XL"", ""option3"": null, ""weight"": 205.0, ""requires_shipping"": true, ""featured_image"": ""https://cdn.shopify.com/s/files/1/0045/5291/7085/products/IMG_8284_ecfb562d-e8be-4048-a9c4-0c5caa0042db.jpg?v=1605806804""}, {""id"": 47391972131149, ""sku"": """", ""title"": ""BLANC CREME / XXL"", ""price"": 55.0, ""compare_at_price"": null, ""available"": true, ""option1"": ""BLANC CREME"", ""option2"": ""XXL"", ""option3"": null, ""weight"": 170.0, ""requires_shipping"": true, ""featured_image"": ""https://cdn.shopify.com/s/files/1/0045/5291/7085/products/Identite_Creme_Packshot_PPP4.jpg?v=1605806804""}]",2023-10-05T08:53:39+02:00,2026-05-17T17:37:22+02:00,2019-02-08T12:02:27+01:00,2026-05-17T17:37:23
product,5549183926432,t-shirt-ping-pang-paris-raquette-brode-sur-le-coeur,https://pingpang.paris/products/t-shirt-ping-pang-paris-raquette-brode-sur-le-coeur,T-shirt I JUSTESSE,« JUSTESSE » T-shirt 100 % Coton Organique. Pour un avenir durable et élégant. Fit classique Broderie ‘ping pang paris’ au niveau du torse Broderie P3 ton sur ton sous encolure dos Fabriqué au Portugal (avec amour) Certifié GOTS,http://pingpang.paris/cdn/shop/products/IMG_7692_9e586d05-795a-47bb-9d9e-ba1dde29e4b4_800x.jpg?v=1734626223,"<!-- Inspiration -->
<p data-mce-fragment=""1"">This is the test inspiration, you can edit it in the product detail description</p>
<!-- split -->
<p> </p>
<!-- Detail  -->
<p data-mce-fragment=""1""><b data-mce-fragment=""1"">« JUSTESSE » </b><br></p>
<p data-mce-fragment=""1""><i data-mce-fragment=""1""><span style=""font-weight: 400;"" data-mce-fragment=""1"">T-shirt 100 % Coton Organique, <meta charset=""utf-8""> <strong data-mce-fragment=""1"">Doux<span data-mce-fragment=""1""> </span></strong>et<strong data-mce-fragment=""1""><span data-mce-fragment=""1""> </span>Résistant.</strong><br>Pour un avenir durable et élégant.</span></i></p>
<p data-mce-fragment=""1""><span style=""font-weight: 400;"" data-mce-fragment=""1"">Cette pièce a été inspirée et soigneusement créée dans le but de vous proposer une expérience à la hauteur du club. <br><br></span>. Fit classique <meta charset=""utf-8""><span data-mce-fragment=""1"">(the model wears M and he is 1.81m)</span><br>. Broderie ‘ping pang paris’ au niveau du torse<br>. Broderie P3 ton sur ton sous encolure dos<br>. Fabriqué au Portugal (avec amour)<br>. Certifié GOTS</p>
<p data-mce-fragment=""1""><em><meta charset=""utf-8""> <strong data-mce-fragment=""1"">Nos modèles sont unisexes :</strong><br data-mce-fragment=""1""><span style=""text-decoration: underline;"">Pour les filles</span><span data-mce-fragment=""1""> </span>: prendre la taille en dessous de votre taille habituelle ou préférez un style oversize en gardant la même.<span data-mce-fragment=""1""> </span><br data-mce-fragment=""1""><span style=""text-decoration: underline;"">Pour les garçons</span> : prendre la taille habituelle. </em><br></p>
<!-- split -->
<p> </p>
<!-- Quote 1 -->
<p data-mce-fragment=""1""><br></p>
<!-- split -->
<p> </p>
<!-- Title 1 -->
<p data-mce-fragment=""1"">Story behind the collection</p>","This is the test inspiration, you can edit it in the product detail description « JUSTESSE » T-shirt 100 % Coton Organique, Doux et Résistant. Pour un avenir durable et élégant. Cette pièce a été inspirée et soigneusement créée dans le but de vous proposer une expérience à la hauteur du club. . Fit classique (the model wears M and he is 1.81m) . Broderie ‘ping pang paris’ au niveau du torse . Broderie P3 ton sur ton sous encolure dos . Fabriqué au Portugal (avec amour) . Certifié GOTS Nos modèles sont unisexes : Pour les filles : prendre la taille en dessous de votre taille habituelle ou préférez un style oversize en gardant la même. Pour les garçons : prendre la taille habituelle. Story behind the collection",Ping Pang Paris,T-shirt,coeur | Le Club Collection | preview | raquette,50.0,50.0,,,EUR,true,12,2,6,7,https://cdn.shopify.com/s/files/1/0045/5291/7085/products/IMG_7692_9e586d05-795a-47bb-9d9e-ba1dde29e4b4.jpg?v=1734626223,https://cdn.shopify.com/s/files/1/0045/5291/7085/products/IMG_7692_9e586d05-795a-47bb-9d9e-ba1dde29e4b4.jpg?v=1734626223 | https://cdn.shopify.com/s/files/1/0045/5291/7085/products/Justesse_Noir_Packshot_PPP3.jpg?v=1734626223 | https://cdn.shopify.com/s/files/1/0045/5291/7085/products/Justesse_Creme_Packshot_PPP4.jpg?v=1720621624 | https://cdn.shopify.com/s/files/1/0045/5291/7085/products/IMG_8357.jpg?v=1720621624 | https://cdn.shopify.com/s/files/1/0045/5291/7085/files/IMG_9661.jpg?v=1649511372 | https://cdn.shopify.com/s/files/1/0045/5291/7085/files/Frame_1171276012.png?v=1710294996 | https://cdn.shopify.com/s/files/1/0045/5291/7085/files/IMG_8795-2_ba78b9e9-4699-482a-9fb5-b354f167cf85.jpg?v=1649511280,NOIR | BLANC CREME,XS | S | M | L | XL | XXL,"[{""id"": 47559672168781, ""sku"": """", ""title"": ""NOIR / XS"", ""price"": 50.0, ""compare_at_price"": null, ""available"": true, ""option1"": ""NOIR"", ""option2"": ""XS"", ""option3"": null, ""weight"": 173.0, ""requires_shipping"": true, ""featured_image"": ""https://cdn.shopify.com/s/files/1/0045/5291/7085/products/Justesse_Noir_Packshot_PPP3.jpg?v=1734626223""}, {""id"": 35886782087328, ""sku"": ""TS-PEC-001-1"", ""title"": ""NOIR / S"", ""price"": 50.0, ""compare_at_price"": null, ""available"": true, ""option1"": ""NOIR"", ""option2"": ""S"", ""option3"": null, ""weight"": 173.0, ""requires_shipping"": true, ""featured_image"": ""https://cdn.shopify.com/s/files/1/0045/5291/7085/products/IMG_8357.jpg?v=1720621624""}, {""id"": 35886782251168, ""sku"": ""TS-PEC-001-2"", ""title"": ""NOIR / M"", ""price"": 50.0, ""compare_at_price"": null, ""available"": true, ""option1"": ""NOIR"", ""option2"": ""M"", ""option3"": null, ""weight"": 197.0, ""requires_shipping"": true, ""featured_image"": ""https://cdn.shopify.com/s/files/1/0045/5291/7085/products/IMG_8357.jpg?v=1720621624""}, {""id"": 35886782382240, ""sku"": ""TS-PEC-001-3"", ""title"": ""NOIR / L"", ""price"": 50.0, ""compare_at_price"": null, ""available"": true, ""option1"": ""NOIR"", ""option2"": ""L"", ""option3"": null, ""weight"": 205.0, ""requires_shipping"": true, ""featured_image"": ""https://cdn.shopify.com/s/files/1/0045/5291/7085/products/IMG_8357.jpg?v=1720621624""}, {""id"": 35886782513312, ""sku"": ""TS-PEC-001-4"", ""title"": ""NOIR / XL"", ""price"": 50.0, ""compare_at_price"": null, ""available"": true, ""option1"": ""NOIR"", ""option2"": ""XL"", ""option3"": null, ""weight"": 217.0, ""requires_shipping"": true, ""featured_image"": ""https://cdn.shopify.com/s/files/1/0045/5291/7085/products/IMG_8357.jpg?v=1720621624""}, {""id"": 47559672201549, ""sku"": """", ""title"": ""NOIR / XXL"", ""price"": 50.0, ""compare_at_price"": null, ""available"": true, ""option1"": ""NOIR"", ""option2"": ""XXL"", ""option3"": null, ""weight"": 173.0, ""requires_shipping"": true, ""featured_image"": ""https://cdn.shopify.com/s/files/1/0045/5291/7085/products/Justesse_Noir_Packshot_PPP3.jpg?v=1734626223""}, {""id"": 47559672234317, ""sku"": """", ""title"": ""BLANC CREME / XS"", ""price"": 50.0, ""compare_at_price"": null, ""available"": true, ""option1"": ""BLANC CREME"", ""option2"": ""XS"", ""option3"": null, ""weight"": 173.0, ""requires_shipping"": true, ""featured_image"": ""https://cdn.shopify.com/s/files/1/0045/5291/7085/products/IMG_7692_9e586d05-795a-47bb-9d9e-ba1dde29e4b4.jpg?v=1734626223""}, {""id"": 35886782152864, ""sku"": ""TS-PEC-001-5"", ""title"": ""BLANC CREME / S"", ""price"": 50.0, ""compare_at_price"": null, ""available"": true, ""option1"": ""BLANC CREME"", ""option2"": ""S"", ""option3"": null, ""weight"": 173.0, ""requires_shipping"": true, ""featured_image"": ""https://cdn.shopify.com/s/files/1/0045/5291/7085/products/IMG_7692_9e586d05-795a-47bb-9d9e-ba1dde29e4b4.jpg?v=1734626223""}, {""id"": 35886782283936, ""sku"": ""TS-PEC-001-6"", ""title"": ""BLANC CREME / M"", ""price"": 50.0, ""compare_at_price"": null, ""available"": true, ""option1"": ""BLANC CREME"", ""option2"": ""M"", ""option3"": null, ""weight"": 197.0, ""requires_shipping"": true, ""featured_image"": ""https://cdn.shopify.com/s/files/1/0045/5291/7085/products/IMG_7692_9e586d05-795a-47bb-9d9e-ba1dde29e4b4.jpg?v=1734626223""}, {""id"": 35886782415008, ""sku"": ""TS-PEC-001-7"", ""title"": ""BLANC CREME / L"", ""price"": 50.0, ""compare_at_price"": null, ""available"": true, ""option1"": ""BLANC CREME"", ""option2"": ""L"", ""option3"": null, ""weight"": 205.0, ""requires_shipping"": true, ""featured_image"": ""https://cdn.shopify.com/s/files/1/0045/5291/7085/products/IMG_7692_9e586d05-795a-47bb-9d9e-ba1dde29e4b4.jpg?v=1734626223""}, {""id"": 35886782546080, ""sku"": ""TS-PEC-001-8"", ""title"": ""BLANC CREME / XL"", ""price"": 50.0, ""compare_at_price"": null, ""available"": true, ""option1"": ""BLANC CREME"", ""option2"": ""XL"", ""option3"": null, ""weight"": 217.0, ""requires_shipping"": true, ""featured_image"": ""https://cdn.shopify.com/s/files/1/0045/5291/7085/products/IMG_7692_9e586d05-795a-47bb-9d9e-ba1dde29e4b4.jpg?v=1734626223""}, {""id"": 47559672267085, ""sku"": """", ""title"": ""BLANC CREME / XXL"", ""price"": 50.0, ""compare_at_price"": null, ""available"": true, ""option1"": ""BLANC CREME"", ""option2"": ""XXL"", ""option3"": null, ""weight"": 173.0, ""requires_shipping"": true, ""featured_image"": ""https://cdn.shopify.com/s/files/1/0045/5291/7085/products/IMG_7692_9e586d05-795a-47bb-9d9e-ba1dde29e4b4.jpg?v=1734626223""}]",2021-12-12T03:16:08+01:00,2026-05-17T17:37:22+02:00,2020-08-26T11:20:41+02:00,2026-05-17T17:37:24
product,5753306054816,hoodie-ping-pang-paris-ping-pang-paris-brode-poitrine,https://pingpang.paris/products/hoodie-ping-pang-paris-ping-pang-paris-brode-poitrine,Hoodie | AUDACE,« AUDACE » SWEAT à capuche 100 % Coton Organique. Pour un avenir durable et élégant. Fit classique Broderie ‘ping pang paris’ au niveau du torse Broderie P3 ton sur ton sous encolure dos Fabriqué au Portugal (avec amour) Certifié GOTS !,http://pingpang.paris/cdn/shop/products/IMG_7706_800x.jpg?v=1605276900,"<p><b>« AUDACE » </b></p>
<p><i><span style=""font-weight: 400;"">SWEAT à capuche 100 % Coton Organique. Pour un avenir durable et élégant.</span></i></p>
<p>Cette pièce à été inspirée et soigneusement créée dans le but de vous proposer une expérience à la hauteur du club.</p>
<p>. Fit classique <meta charset=""utf-8""><span data-mce-fragment=""1"">(the model wears M and he is 1.81m)</span><br>. Broderie ‘ping pang paris’ au niveau du torse<br>. Broderie P3 ton sur ton sous encolure dos<br>. Fabriqué au Portugal (avec amour)<br>. Certifié GOTS<br></p>
<p><strong>Nos modèles sont unisexes :</strong><br><em><span style=""text-decoration: underline;"">Pour les filles</span> : prendre la taille en dessous de votre taille habituelle ou préférez un style oversize en gardant la même. <br><span style=""text-decoration: underline;"">Pour les garçons</span> : prendre la taille habituelle. </em><br></p>",« AUDACE » SWEAT à capuche 100 % Coton Organique. Pour un avenir durable et élégant. Cette pièce à été inspirée et soigneusement créée dans le but de vous proposer une expérience à la hauteur du club. . Fit classique (the model wears M and he is 1.81m) . Broderie ‘ping pang paris’ au niveau du torse . Broderie P3 ton sur ton sous encolure dos . Fabriqué au Portugal (avec amour) . Certifié GOTS Nos modèles sont unisexes : Pour les filles : prendre la taille en dessous de votre taille habituelle ou préférez un style oversize en gardant la même. Pour les garçons : prendre la taille habituelle.,Ping Pang Paris,Hoodie,broderie | Hoodie | Le Club Collection,90.0,90.0,,,EUR,true,6,1,6,4,https://cdn.shopify.com/s/files/1/0045/5291/7085/products/IMG_7706.jpg?v=1605276900,https://cdn.shopify.com/s/files/1/0045/5291/7085/products/IMG_7706.jpg?v=1605276900 | https://cdn.shopify.com/s/files/1/0045/5291/7085/products/IMG_7722.jpg?v=1605276900 | https://cdn.shopify.com/s/files/1/0045/5291/7085/products/IMG_8199.jpg?v=1605276900 | https://cdn.shopify.com/s/files/1/0045/5291/7085/products/IMG_8407.jpg?v=1605276900,NOIR,XS | S | M | L | XL | XXL,"[{""id"": 47391987466573, ""sku"": """", ""title"": ""NOIR / XS"", ""price"": 90.0, ""compare_at_price"": null, ""available"": true, ""option1"": ""NOIR"", ""option2"": ""XS"", ""option3"": null, ""weight"": 630.0, ""requires_shipping"": true, ""featured_image"": ""https://cdn.shopify.com/s/files/1/0045/5291/7085/products/IMG_8407.jpg?v=1605276900""}, {""id"": 36674186412192, ""sku"": ""SH-PEC-001-1"", ""title"": ""NOIR / S"", ""price"": 90.0, ""compare_at_price"": null, ""available"": true, ""option1"": ""NOIR"", ""option2"": ""S"", ""option3"": null, ""weight"": 676.0, ""requires_shipping"": true, ""featured_image"": ""https://cdn.shopify.com/s/files/1/0045/5291/7085/products/IMG_7706.jpg?v=1605276900""}, {""id"": 36674186444960, ""sku"": ""SH-PEC-001-2"", ""title"": ""NOIR / M"", ""price"": 90.0, ""compare_at_price"": null, ""available"": true, ""option1"": ""NOIR"", ""option2"": ""M"", ""option3"": null, ""weight"": 713.0, ""requires_shipping"": true, ""featured_image"": ""https://cdn.shopify.com/s/files/1/0045/5291/7085/products/IMG_7706.jpg?v=1605276900""}, {""id"": 36674186477728, ""sku"": ""SH-PEC-001-3"", ""title"": ""NOIR / L"", ""price"": 90.0, ""compare_at_price"": null, ""available"": true, ""option1"": ""NOIR"", ""option2"": ""L"", ""option3"": null, ""weight"": 755.0, ""requires_shipping"": true, ""featured_image"": ""https://cdn.shopify.com/s/files/1/0045/5291/7085/products/IMG_7706.jpg?v=1605276900""}, {""id"": 36674186510496, ""sku"": ""SH-PEC-001-4"", ""title"": ""NOIR / XL"", ""price"": 90.0, ""compare_at_price"": null, ""available"": true, ""option1"": ""NOIR"", ""option2"": ""XL"", ""option3"": null, ""weight"": 818.0, ""requires_shipping"": true, ""featured_image"": ""https://cdn.shopify.com/s/files/1/0045/5291/7085/products/IMG_7706.jpg?v=1605276900""}, {""id"": 47391987499341, ""sku"": """", ""title"": ""NOIR / XXL"", ""price"": 90.0, ""compare_at_price"": null, ""available"": true, ""option1"": ""NOIR"", ""option2"": ""XXL"", ""option3"": null, ""weight"": 870.0, ""requires_shipping"": true, ""featured_image"": ""https://cdn.shopify.com/s/files/1/0045/5291/7085/products/IMG_7722.jpg?v=1605276900""}]",2023-08-10T12:37:39+02:00,2026-05-17T17:37:22+02:00,2020-10-10T17:56:47+02:00,2026-05-17T17:37:25
product,5752939446432,t-shirt-ping-pang-paris-ping-pang-paris-brode-caracteres,https://pingpang.paris/products/t-shirt-ping-pang-paris-ping-pang-paris-brode-caracteres,T-shirt I INSPIRATION,« INSPIRATION» T-shirt 100 % Coton Organique. Pour un avenir durable et élégant. Fit oversize Broderie ‘ping pang paris’ traduit en chinois au niveau du torse Broderie P3 ton sur ton sous encolure dos Fabriqué au Portugal (avec amour) Certifié GOTS !,http://pingpang.paris/cdn/shop/products/PingPang220018_800x.jpg?v=1699385490,"<p><b>« INSPIRATION» 乒乓巴黎 Fit OVERSIZE </b></p>
<p><i><span style=""font-weight: 400;"">T-shirt 100 % Coton Organique, <meta charset=""utf-8""> <strong data-mce-fragment=""1"">Doux<span data-mce-fragment=""1""> </span></strong>et<strong data-mce-fragment=""1""><span data-mce-fragment=""1""> </span>Résistant.</strong> <br>Pour un avenir durable et élégant.</span></i></p>
<p>Cette pièce a été inspirée et soigneusement créée dans le but de vous proposer une expérience à la hauteur du club. <br></p>
<p><meta charset=""utf-8""><span data-mce-fragment=""1"">. Fit <strong>Oversize</strong> (the model wears L and he is 1.87m)</span><br>. Broderie ‘ping pang paris’ traduit en chinois au niveau du torse<br>. Broderie P3 ton sur ton sous encolure dos<br>. Fabriqué au Portugal (avec amour)<br>. Certifié GOTS </p>
<p><meta charset=""utf-8""><meta charset=""utf-8""><strong data-mce-fragment=""1"">Nos modèles sont unisexes :</strong><br data-mce-fragment=""1""><em data-mce-fragment=""1""><span style=""text-decoration: underline;"">Pour les filles</span><span data-mce-fragment=""1""> </span>: prendre la taille en dessous de votre taille habituelle ou préférez un style oversize en gardant la même.<span data-mce-fragment=""1""> </span><br data-mce-fragment=""1""><span style=""text-decoration: underline;"">Pour les garçons</span> : prendre la taille habituelle. </em><br></p>","« INSPIRATION» 乒乓巴黎 Fit OVERSIZE T-shirt 100 % Coton Organique, Doux et Résistant. Pour un avenir durable et élégant. Cette pièce a été inspirée et soigneusement créée dans le but de vous proposer une expérience à la hauteur du club. . Fit Oversize (the model wears L and he is 1.87m) . Broderie ‘ping pang paris’ traduit en chinois au niveau du torse . Broderie P3 ton sur ton sous encolure dos . Fabriqué au Portugal (avec amour) . Certifié GOTS Nos modèles sont unisexes : Pour les filles : prendre la taille en dessous de votre taille habituelle ou préférez un style oversize en gardant la même. Pour les garçons : prendre la taille habituelle.",Ping Pang Paris,T-shirt,broderie | coeur | T-shirt,50.0,50.0,,,EUR,true,12,2,6,6,https://cdn.shopify.com/s/files/1/0045/5291/7085/products/PingPang220018.jpg?v=1699385490,https://cdn.shopify.com/s/files/1/0045/5291/7085/products/PingPang220018.jpg?v=1699385490 | https://cdn.shopify.com/s/files/1/0045/5291/7085/products/IMG_8168.jpg?v=1699385490 | https://cdn.shopify.com/s/files/1/0045/5291/7085/products/IMG_8004.jpg?v=1699385490 | https://cdn.shopify.com/s/files/1/0045/5291/7085/products/PingPang220137.jpg?v=1699385490 | https://cdn.shopify.com/s/files/1/0045/5291/7085/products/Inspiration_Noir_Packshot_PPP3.jpg?v=1699385485 | https://cdn.shopify.com/s/files/1/0045/5291/7085/products/Inspiration_Creme_Packshot_PPP4.jpg?v=1666629737,NOIR | BLANC CREME,XS | S | M | L | XL | XXL,"[{""id"": 47559660634445, ""sku"": """", ""title"": ""NOIR / XS"", ""price"": 50.0, ""compare_at_price"": null, ""available"": true, ""option1"": ""NOIR"", ""option2"": ""XS"", ""option3"": null, ""weight"": 194.0, ""requires_shipping"": true, ""featured_image"": ""https://cdn.shopify.com/s/files/1/0045/5291/7085/products/PingPang220018.jpg?v=1699385490""}, {""id"": 36672545194144, ""sku"": ""TS-PEC-002-5"", ""title"": ""NOIR / S"", ""price"": 50.0, ""compare_at_price"": null, ""available"": true, ""option1"": ""NOIR"", ""option2"": ""S"", ""option3"": null, ""weight"": 194.0, ""requires_shipping"": true, ""featured_image"": ""https://cdn.shopify.com/s/files/1/0045/5291/7085/products/IMG_8004.jpg?v=1699385490""}, {""id"": 36672545325216, ""sku"": ""TS-PEC-002-6"", ""title"": ""NOIR / M"", ""price"": 50.0, ""compare_at_price"": null, ""available"": true, ""option1"": ""NOIR"", ""option2"": ""M"", ""option3"": null, ""weight"": 218.0, ""requires_shipping"": true, ""featured_image"": ""https://cdn.shopify.com/s/files/1/0045/5291/7085/products/IMG_8004.jpg?v=1699385490""}, {""id"": 36672545456288, ""sku"": ""TS-PEC-002-7"", ""title"": ""NOIR / L"", ""price"": 50.0, ""compare_at_price"": null, ""available"": true, ""option1"": ""NOIR"", ""option2"": ""L"", ""option3"": null, ""weight"": 230.0, ""requires_shipping"": true, ""featured_image"": ""https://cdn.shopify.com/s/files/1/0045/5291/7085/products/IMG_8004.jpg?v=1699385490""}, {""id"": 36672545587360, ""sku"": ""TS-PEC-002-8"", ""title"": ""NOIR / XL"", ""price"": 50.0, ""compare_at_price"": null, ""available"": true, ""option1"": ""NOIR"", ""option2"": ""XL"", ""option3"": null, ""weight"": 240.0, ""requires_shipping"": true, ""featured_image"": ""https://cdn.shopify.com/s/files/1/0045/5291/7085/products/IMG_8004.jpg?v=1699385490""}, {""id"": 47559660667213, ""sku"": """", ""title"": ""NOIR / XXL"", ""price"": 50.0, ""compare_at_price"": null, ""available"": true, ""option1"": ""NOIR"", ""option2"": ""XXL"", ""option3"": null, ""weight"": 194.0, ""requires_shipping"": true, ""featured_image"": ""https://cdn.shopify.com/s/files/1/0045/5291/7085/products/PingPang220018.jpg?v=1699385490""}, {""id"": 47559660699981, ""sku"": """", ""title"": ""BLANC CREME / XS"", ""price"": 50.0, ""compare_at_price"": null, ""available"": true, ""option1"": ""BLANC CREME"", ""option2"": ""XS"", ""option3"": null, ""weight"": 194.0, ""requires_shipping"": true, ""featured_image"": ""https://cdn.shopify.com/s/files/1/0045/5291/7085/products/PingPang220137.jpg?v=1699385490""}, {""id"": 36672545226912, ""sku"": ""TS-PEC-002-9"", ""title"": ""BLANC CREME / S"", ""price"": 50.0, ""compare_at_price"": null, ""available"": true, ""option1"": ""BLANC CREME"", ""option2"": ""S"", ""option3"": null, ""weight"": 194.0, ""requires_shipping"": true, ""featured_image"": ""https://cdn.shopify.com/s/files/1/0045/5291/7085/products/IMG_8168.jpg?v=1699385490""}, {""id"": 36672545357984, ""sku"": ""TS-PEC-002-10"", ""title"": ""BLANC CREME / M"", ""price"": 50.0, ""compare_at_price"": null, ""available"": true, ""option1"": ""BLANC CREME"", ""option2"": ""M"", ""option3"": null, ""weight"": 218.0, ""requires_shipping"": true, ""featured_image"": ""https://cdn.shopify.com/s/files/1/0045/5291/7085/products/IMG_8168.jpg?v=1699385490""}, {""id"": 36672545489056, ""sku"": ""TS-PEC-002-11"", ""title"": ""BLANC CREME / L"", ""price"": 50.0, ""compare_at_price"": null, ""available"": true, ""option1"": ""BLANC CREME"", ""option2"": ""L"", ""option3"": null, ""weight"": 230.0, ""requires_shipping"": true, ""featured_image"": ""https://cdn.shopify.com/s/files/1/0045/5291/7085/products/IMG_8168.jpg?v=1699385490""}, {""id"": 36672545620128, ""sku"": ""TS-PEC-002-12"", ""title"": ""BLANC CREME / XL"", ""price"": 50.0, ""compare_at_price"": null, ""available"": true, ""option1"": ""BLANC CREME"", ""option2"": ""XL"", ""option3"": null, ""weight"": 240.0, ""requires_shipping"": true, ""featured_image"": ""https://cdn.shopify.com/s/files/1/0045/5291/7085/products/IMG_8168.jpg?v=1699385490""}, {""id"": 47559660732749, ""sku"": """", ""title"": ""BLANC CREME / XXL"", ""price"": 50.0, ""compare_at_price"": null, ""available"": true, ""option1"": ""BLANC CREME"", ""option2"": ""XXL"", ""option3"": null, ""weight"": 194.0, ""requires_shipping"": true, ""featured_image"": ""https://cdn.shopify.com/s/files/1/0045/5291/7085/products/IMG_8168.jpg?v=1699385490""}]",2021-12-12T03:16:09+01:00,2026-05-17T17:37:22+02:00,2020-10-10T16:04:39+02:00,2026-05-17T17:37:26
product,7071568330935,t-shirt-identite-2-0-raquette-broderie,https://pingpang.paris/products/t-shirt-identite-2-0-raquette-broderie,T-shirt I IDENTITE 2.0,"RÈGLE N°10 : | Développe ton identité | Attaquer, défendre, jouer, répliquer. La raquette libère nos plus grandes forces et sublime notre vraie nature.",http://pingpang.paris/cdn/shop/products/PingPang221054_800x.jpg?v=1666629853,"<p> </p>
<p data-mce-fragment=""1""><b data-mce-fragment=""1"">« IDENTITE » : </b></p>
<p data-mce-fragment=""1""><i data-mce-fragment=""1""><span style=""font-weight: 400;"" data-mce-fragment=""1"">Tee-shirt 100 % Coton Organique, <strong>Doux et Résistant</strong> <br>Pour un avenir durable et élégant.</span></i></p>
<p data-mce-fragment=""1""><span style=""font-weight: 400;"" data-mce-fragment=""1"">Cette pièce a été inspirée et soigneusement créée dans le but de vous proposer une expérience à la hauteur du club. <br data-mce-fragment=""1""><br data-mce-fragment=""1""></span>. Fit classique <meta charset=""utf-8""><span data-mce-fragment=""1"">(the model wears S and she is 1.72m)</span><br data-mce-fragment=""1"">. Broderie ""raquette"" au niveau du coeur <br data-mce-fragment=""1"">. Broderie P3 ton sur ton sous encolure dos<br data-mce-fragment=""1"">. Fabriqué au Portugal (avec amour)<br data-mce-fragment=""1"">. Certifié GOTS<br data-mce-fragment=""1""><br data-mce-fragment=""1""><meta charset=""utf-8""><strong data-mce-fragment=""1"">Nos modèles sont unisexes :</strong><br data-mce-fragment=""1""><em data-mce-fragment=""1""><span data-mce-fragment=""1"">Pour les filles</span><span data-mce-fragment=""1""> </span>: prendre la taille en dessous de votre taille habituelle ou préférez un style oversize en gardant la même.<span data-mce-fragment=""1""> </span><br data-mce-fragment=""1""><span data-mce-fragment=""1"">Pour les garçons</span> : prendre la taille habituelle. </em></p>","« IDENTITE » : Tee-shirt 100 % Coton Organique, Doux et Résistant Pour un avenir durable et élégant. Cette pièce a été inspirée et soigneusement créée dans le but de vous proposer une expérience à la hauteur du club. . Fit classique (the model wears S and she is 1.72m) . Broderie ""raquette"" au niveau du coeur . Broderie P3 ton sur ton sous encolure dos . Fabriqué au Portugal (avec amour) . Certifié GOTS Nos modèles sont unisexes : Pour les filles : prendre la taille en dessous de votre taille habituelle ou préférez un style oversize en gardant la même. Pour les garçons : prendre la taille habituelle.",Ping Pang Paris,T-shirt,Le Club Collection,50.0,50.0,,,EUR,true,18,3,6,12,https://cdn.shopify.com/s/files/1/0045/5291/7085/products/PingPang221054.jpg?v=1666629853,https://cdn.shopify.com/s/files/1/0045/5291/7085/products/PingPang221054.jpg?v=1666629853 | https://cdn.shopify.com/s/files/1/0045/5291/7085/products/PingPang220927.jpg?v=1678892856 | https://cdn.shopify.com/s/files/1/0045/5291/7085/products/PPP21_136.jpg?v=1678892856 | https://cdn.shopify.com/s/files/1/0045/5291/7085/products/PingPang220970.jpg?v=1678892856 | https://cdn.shopify.com/s/files/1/0045/5291/7085/products/PPP21_118.jpg?v=1678892856 | https://cdn.shopify.com/s/files/1/0045/5291/7085/products/PPP21_119.jpg?v=1678892854 | https://cdn.shopify.com/s/files/1/0045/5291/7085/products/PPP21_120.jpg?v=1666536654 | https://cdn.shopify.com/s/files/1/0045/5291/7085/products/PPP21_121.jpg?v=1666536654 | https://cdn.shopify.com/s/files/1/0045/5291/7085/products/PPP21_137.jpg?v=1666536654 | https://cdn.shopify.com/s/files/1/0045/5291/7085/products/PPP21_138.jpg?v=1666536654 | https://cdn.shopify.com/s/files/1/0045/5291/7085/products/PPP21_140.jpg?v=1666536654 | https://cdn.shopify.com/s/files/1/0045/5291/7085/products/PingPang221148.jpg?v=1666536634,Nude Powder | Gris | Bleu Glacier,XS | S | M | L | XL | XXL,"[{""id"": 40982159720631, ""sku"": ""TS-COEUR-001-XS"", ""title"": ""XS / Nude Powder"", ""price"": 50.0, ""compare_at_price"": null, ""available"": true, ""option1"": ""XS"", ""option2"": ""Nude Powder"", ""option3"": null, ""weight"": 0.0, ""requires_shipping"": true, ""featured_image"": ""https://cdn.shopify.com/s/files/1/0045/5291/7085/products/PPP21_136.jpg?v=1678892856""}, {""id"": 41528688017591, ""sku"": """", ""title"": ""XS / Gris"", ""price"": 50.0, ""compare_at_price"": null, ""available"": true, ""option1"": ""XS"", ""option2"": ""Gris"", ""option3"": null, ""weight"": 0.0, ""requires_shipping"": true, ""featured_image"": ""https://cdn.shopify.com/s/files/1/0045/5291/7085/products/PingPang220970.jpg?v=1678892856""}, {""id"": 41528688050359, ""sku"": """", ""title"": ""XS / Bleu Glacier"", ""price"": 50.0, ""compare_at_price"": null, ""available"": true, ""option1"": ""XS"", ""option2"": ""Bleu Glacier"", ""option3"": null, ""weight"": 0.0, ""requires_shipping"": true, ""featured_image"": ""https://cdn.shopify.com/s/files/1/0045/5291/7085/products/PingPang220927.jpg?v=1678892856""}, {""id"": 40982159753399, ""sku"": ""TS-COEUR-001-S"", ""title"": ""S / Nude Powder"", ""price"": 50.0, ""compare_at_price"": null, ""available"": true, ""option1"": ""S"", ""option2"": ""Nude Powder"", ""option3"": null, ""weight"": 0.0, ""requires_shipping"": true, ""featured_image"": ""https://cdn.shopify.com/s/files/1/0045/5291/7085/products/PPP21_136.jpg?v=1678892856""}, {""id"": 41528688083127, ""sku"": """", ""title"": ""S / Gris"", ""price"": 50.0, ""compare_at_price"": null, ""available"": true, ""option1"": ""S"", ""option2"": ""Gris"", ""option3"": null, ""weight"": 0.0, ""requires_shipping"": true, ""featured_image"": ""https://cdn.shopify.com/s/files/1/0045/5291/7085/products/PingPang220970.jpg?v=1678892856""}, {""id"": 41528688115895, ""sku"": """", ""title"": ""S / Bleu Glacier"", ""price"": 50.0, ""compare_at_price"": null, ""available"": true, ""option1"": ""S"", ""option2"": ""Bleu Glacier"", ""option3"": null, ""weight"": 0.0, ""requires_shipping"": true, ""featured_image"": ""https://cdn.shopify.com/s/files/1/0045/5291/7085/products/PingPang220927.jpg?v=1678892856""}, {""id"": 40982159786167, ""sku"": ""TS-COEUR-001-M"", ""title"": ""M / Nude Powder"", ""price"": 50.0, ""compare_at_price"": null, ""available"": true, ""option1"": ""M"", ""option2"": ""Nude Powder"", ""option3"": null, ""weight"": 0.0, ""requires_shipping"": true, ""featured_image"": ""https://cdn.shopify.com/s/files/1/0045/5291/7085/products/PPP21_118.jpg?v=1678892856""}, {""id"": 41528688148663, ""sku"": """", ""title"": ""M / Gris"", ""price"": 50.0, ""compare_at_price"": null, ""available"": false, ""option1"": ""M"", ""option2"": ""Gris"", ""option3"": null, ""weight"": 0.0, ""requires_shipping"": true, ""featured_image"": ""https://cdn.shopify.com/s/files/1/0045/5291/7085/products/PingPang220970.jpg?v=1678892856""}, {""id"": 41528688181431, ""sku"": """", ""title"": ""M / Bleu Glacier"", ""price"": 50.0, ""compare_at_price"": null, ""available"": true, ""option1"": ""M"", ""option2"": ""Bleu Glacier"", ""option3"": null, ""weight"": 0.0, ""requires_shipping"": true, ""featured_image"": ""https://cdn.shopify.com/s/files/1/0045/5291/7085/products/PingPang220927.jpg?v=1678892856""}, {""id"": 40982159818935, ""sku"": ""TS-COEUR-001-L"", ""title"": ""L / Nude Powder"", ""price"": 50.0, ""compare_at_price"": null, ""available"": true, ""option1"": ""L"", ""option2"": ""Nude Powder"", ""option3"": null, ""weight"": 0.0, ""requires_shipping"": true, ""featured_image"": ""https://cdn.shopify.com/s/files/1/0045/5291/7085/products/PPP21_118.jpg?v=1678892856""}, {""id"": 41528688214199, ""sku"": """", ""title"": ""L / Gris"", ""price"": 50.0, ""compare_at_price"": null, ""available"": false, ""option1"": ""L"", ""option2"": ""Gris"", ""option3"": null, ""weight"": 0.0, ""requires_shipping"": true, ""featured_image"": ""https://cdn.shopify.com/s/files/1/0045/5291/7085/products/PingPang220970.jpg?v=1678892856""}, {""id"": 41528688246967, ""sku"": """", ""title"": ""L / Bleu Glacier"", ""price"": 50.0, ""compare_at_price"": null, ""available"": false, ""option1"": ""L"", ""option2"": ""Bleu Glacier"", ""option3"": null, ""weight"": 0.0, ""requires_shipping"": true, ""featured_image"": ""https://cdn.shopify.com/s/files/1/0045/5291/7085/products/PingPang220927.jpg?v=1678892856""}, {""id"": 40982159851703, ""sku"": ""TS-COEUR-001-XL"", ""title"": ""XL / Nude Powder"", ""price"": 50.0, ""compare_at_price"": null, ""available"": true, ""option1"": ""XL"", ""option2"": ""Nude Powder"", ""option3"": null, ""weight"": 0.0, ""requires_shipping"": true, ""featured_image"": ""https://cdn.shopify.com/s/files/1/0045/5291/7085/products/PPP21_118.jpg?v=1678892856""}, {""id"": 41528688279735, ""sku"": """", ""title"": ""XL / Gris"", ""price"": 50.0, ""compare_at_price"": null, ""available"": true, ""option1"": ""XL"", ""option2"": ""Gris"", ""option3"": null, ""weight"": 0.0, ""requires_shipping"": true, ""featured_image"": ""https://cdn.shopify.com/s/files/1/0045/5291/7085/products/PingPang220970.jpg?v=1678892856""}, {""id"": 41528688312503, ""sku"": """", ""title"": ""XL / Bleu Glacier"", ""price"": 50.0, ""compare_at_price"": null, ""available"": true, ""option1"": ""XL"", ""option2"": ""Bleu Glacier"", ""option3"": null, ""weight"": 0.0, ""requires_shipping"": true, ""featured_image"": ""https://cdn.shopify.com/s/files/1/0045/5291/7085/products/PingPang220927.jpg?v=1678892856""}, {""id"": 41010991136951, ""sku"": ""TS-COEUR-001-XXL"", ""title"": ""XXL / Nude Powder"", ""price"": 50.0, ""compare_at_price"": null, ""available"": true, ""option1"": ""XXL"", ""option2"": ""Nude Powder"", ""option3"": null, ""weight"": 0.0, ""requires_shipping"": true, ""featured_image"": ""https://cdn.shopify.com/s/files/1/0045/5291/7085/products/PPP21_118.jpg?v=1678892856""}, {""id"": 41528688345271, ""sku"": """", ""title"": ""XXL / Gris"", ""price"": 50.0, ""compare_at_price"": null, ""available"": true, ""option1"": ""XXL"", ""option2"": ""Gris"", ""option3"": null, ""weight"": 0.0, ""requires_shipping"": true, ""featured_image"": ""https://cdn.shopify.com/s/files/1/0045/5291/7085/products/PingPang220970.jpg?v=1678892856""}, {""id"": 41528688378039, ""sku"": """", ""title"": ""XXL / Bleu Glacier"", ""price"": 50.0, ""compare_at_price"": null, ""available"": true, ""option1"": ""XXL"", ""option2"": ""Bleu Glacier"", ""option3"": null, ""weight"": 0.0, ""requires_shipping"": true, ""featured_image"": ""https://cdn.shopify.com/s/files/1/0045/5291/7085/products/PingPang220927.jpg?v=1678892856""}]",2023-11-08T18:38:05+01:00,2026-05-17T17:37:22+02:00,2021-11-24T18:58:10+01:00,2026-05-17T17:37:27
product,7071546245303,t-shirt-passion-i-raquette-coeur-broderie,https://pingpang.paris/products/t-shirt-passion-i-raquette-coeur-broderie,T-shirt I PASSION,RÈGLE N°7 : | Sois passionné | Réaliser quelque chose qui nous tient à coeur est si dur qu’il est primordial de trouver une motivation qui nous pousse à persévérer au delà des limites et des difficultés.,http://pingpang.paris/cdn/shop/products/PPP21_92_800x.jpg?v=1678892678,"<meta charset=""utf-8"">
<p data-mce-fragment=""1""><b data-mce-fragment=""1"">« PASSION » : </b></p>
<p data-mce-fragment=""1""><i data-mce-fragment=""1""><span style=""font-weight: 400;"" data-mce-fragment=""1"" data-mce-style=""font-weight: 400;"">Tee-shirt 100 % Coton Organique, <meta charset=""utf-8""> <strong data-mce-fragment=""1"">Doux<span data-mce-fragment=""1""> </span></strong>et<strong data-mce-fragment=""1""><span data-mce-fragment=""1""> </span>Résistant.</strong><br> Pour un avenir durable et élégant.</span></i></p>
<p data-mce-fragment=""1""><span style=""font-weight: 400;"" data-mce-fragment=""1"" data-mce-style=""font-weight: 400;"">Cette pièce a été inspirée et soigneusement créée dans le but de vous proposer une expérience à la hauteur du club. <br data-mce-fragment=""1""><br data-mce-fragment=""1""></span>. Fit classique <meta charset=""utf-8""><span data-mce-fragment=""1"">(the model wears L and he is 1.80m)</span><br data-mce-fragment=""1"">. Broderie ""Raquette en forme de coeur"" au niveau du coeur <br data-mce-fragment=""1"">. Broderie P3 ton sur ton sous encolure dos<br data-mce-fragment=""1"">. Fabriqué au Portugal (avec amour)<br data-mce-fragment=""1"">. Certifié GOTS<br data-mce-fragment=""1""><br data-mce-fragment=""1""><meta charset=""utf-8""><strong data-mce-fragment=""1"">Nos modèles sont unisexes :</strong><br data-mce-fragment=""1""><em data-mce-fragment=""1""><span data-mce-fragment=""1"">Pour les filles</span><span data-mce-fragment=""1""> </span>: prendre la taille en dessous de votre taille habituelle ou préférez un style oversize en gardant la même.<span data-mce-fragment=""1""> </span><br data-mce-fragment=""1""><span data-mce-fragment=""1"">Pour les garçons</span> : prendre la taille habituelle. </em></p>","« PASSION » : Tee-shirt 100 % Coton Organique, Doux et Résistant. Pour un avenir durable et élégant. Cette pièce a été inspirée et soigneusement créée dans le but de vous proposer une expérience à la hauteur du club. . Fit classique (the model wears L and he is 1.80m) . Broderie ""Raquette en forme de coeur"" au niveau du coeur . Broderie P3 ton sur ton sous encolure dos . Fabriqué au Portugal (avec amour) . Certifié GOTS Nos modèles sont unisexes : Pour les filles : prendre la taille en dessous de votre taille habituelle ou préférez un style oversize en gardant la même. Pour les garçons : prendre la taille habituelle.",Ping Pang Paris,T-shirt,Le Club Collection,50.0,50.0,,,EUR,true,18,3,6,20,https://cdn.shopify.com/s/files/1/0045/5291/7085/products/PPP21_92.jpg?v=1678892678,https://cdn.shopify.com/s/files/1/0045/5291/7085/products/PPP21_92.jpg?v=1678892678 | https://cdn.shopify.com/s/files/1/0045/5291/7085/products/PPP21_187.jpg?v=1678892678 | https://cdn.shopify.com/s/files/1/0045/5291/7085/products/PPP21_196.jpg?v=1678892678 | https://cdn.shopify.com/s/files/1/0045/5291/7085/products/PPP21_232.jpg?v=1678892678 | https://cdn.shopify.com/s/files/1/0045/5291/7085/products/PPP21_195.jpg?v=1678892678 | https://cdn.shopify.com/s/files/1/0045/5291/7085/products/PPP21_197.jpg?v=1654624926 | https://cdn.shopify.com/s/files/1/0045/5291/7085/products/PPP21_199.jpg?v=1639276608 | https://cdn.shopify.com/s/files/1/0045/5291/7085/products/PPP21_231.jpg?v=1639276608 | https://cdn.shopify.com/s/files/1/0045/5291/7085/products/PPP21_234.jpg?v=1639276608 | https://cdn.shopify.com/s/files/1/0045/5291/7085/products/PPP21_233.jpg?v=1639276608 | https://cdn.shopify.com/s/files/1/0045/5291/7085/products/PPP21_157.jpg?v=1639276608 | https://cdn.shopify.com/s/files/1/0045/5291/7085/products/PPP21_159.jpg?v=1639276608 | https://cdn.shopify.com/s/files/1/0045/5291/7085/products/PPP21_158.jpg?v=1639276608 | https://cdn.shopify.com/s/files/1/0045/5291/7085/products/PPP21_160.jpg?v=1639276608 | https://cdn.shopify.com/s/files/1/0045/5291/7085/products/PPP21_90.jpg?v=1639276608 | https://cdn.shopify.com/s/files/1/0045/5291/7085/products/PPP21_91.jpg?v=1639276608 | https://cdn.shopify.com/s/files/1/0045/5291/7085/products/PPP21_94.jpg?v=1639276604 | https://cdn.shopify.com/s/files/1/0045/5291/7085/products/PPP21_186.jpg?v=1639276604 | https://cdn.shopify.com/s/files/1/0045/5291/7085/products/PPP21_189.jpg?v=1639276604 | https://cdn.shopify.com/s/files/1/0045/5291/7085/products/PPP21_188.jpg?v=1637773310,Crème | Anthracite | Bleu Glacier,XS | S | M | L | XL | XXL,"[{""id"": 40982081536183, ""sku"": ""TS-COEUR-002-XS"", ""title"": ""XS / Crème"", ""price"": 50.0, ""compare_at_price"": null, ""available"": true, ""option1"": ""XS"", ""option2"": ""Crème"", ""option3"": null, ""weight"": 0.0, ""requires_shipping"": true, ""featured_image"": ""https://cdn.shopify.com/s/files/1/0045/5291/7085/products/PPP21_157.jpg?v=1639276608""}, {""id"": 40982081568951, ""sku"": ""TS-COEUR-002-XS"", ""title"": ""XS / Anthracite"", ""price"": 50.0, ""compare_at_price"": null, ""available"": true, ""option1"": ""XS"", ""option2"": ""Anthracite"", ""option3"": null, ""weight"": 0.0, ""requires_shipping"": true, ""featured_image"": ""https://cdn.shopify.com/s/files/1/0045/5291/7085/products/PPP21_195.jpg?v=1678892678""}, {""id"": 40982081601719, ""sku"": ""TS-COEUR-002-XS"", ""title"": ""XS / Bleu Glacier"", ""price"": 50.0, ""compare_at_price"": null, ""available"": true, ""option1"": ""XS"", ""option2"": ""Bleu Glacier"", ""option3"": null, ""weight"": 0.0, ""requires_shipping"": true, ""featured_image"": ""https://cdn.shopify.com/s/files/1/0045/5291/7085/products/PPP21_90.jpg?v=1639276608""}, {""id"": 40982081634487, ""sku"": ""TS-COEUR-002-S"", ""title"": ""S / Crème"", ""price"": 50.0, ""compare_at_price"": null, ""available"": true, ""option1"": ""S"", ""option2"": ""Crème"", ""option3"": null, ""weight"": 0.0, ""requires_shipping"": true, ""featured_image"": ""https://cdn.shopify.com/s/files/1/0045/5291/7085/products/PPP21_157.jpg?v=1639276608""}, {""id"": 40982081667255, ""sku"": ""TS-COEUR-002-S"", ""title"": ""S / Anthracite"", ""price"": 50.0, ""compare_at_price"": null, ""available"": true, ""option1"": ""S"", ""option2"": ""Anthracite"", ""option3"": null, ""weight"": 0.0, ""requires_shipping"": true, ""featured_image"": ""https://cdn.shopify.com/s/files/1/0045/5291/7085/products/PPP21_195.jpg?v=1678892678""}, {""id"": 40982081700023, ""sku"": ""TS-COEUR-002-S"", ""title"": ""S / Bleu Glacier"", ""price"": 50.0, ""compare_at_price"": null, ""available"": true, ""option1"": ""S"", ""option2"": ""Bleu Glacier"", ""option3"": null, ""weight"": 0.0, ""requires_shipping"": true, ""featured_image"": ""https://cdn.shopify.com/s/files/1/0045/5291/7085/products/PPP21_90.jpg?v=1639276608""}, {""id"": 40982081732791, ""sku"": ""TS-COEUR-002-M"", ""title"": ""M / Crème"", ""price"": 50.0, ""compare_at_price"": null, ""available"": true, ""option1"": ""M"", ""option2"": ""Crème"", ""option3"": null, ""weight"": 0.0, ""requires_shipping"": true, ""featured_image"": ""https://cdn.shopify.com/s/files/1/0045/5291/7085/products/PPP21_157.jpg?v=1639276608""}, {""id"": 40982081765559, ""sku"": ""TS-COEUR-002-M"", ""title"": ""M / Anthracite"", ""price"": 50.0, ""compare_at_price"": null, ""available"": true, ""option1"": ""M"", ""option2"": ""Anthracite"", ""option3"": null, ""weight"": 0.0, ""requires_shipping"": true, ""featured_image"": ""https://cdn.shopify.com/s/files/1/0045/5291/7085/products/PPP21_231.jpg?v=1639276608""}, {""id"": 40982081798327, ""sku"": ""TS-COEUR-002-M"", ""title"": ""M / Bleu Glacier"", ""price"": 50.0, ""compare_at_price"": null, ""available"": true, ""option1"": ""M"", ""option2"": ""Bleu Glacier"", ""option3"": null, ""weight"": 0.0, ""requires_shipping"": true, ""featured_image"": ""https://cdn.shopify.com/s/files/1/0045/5291/7085/products/PPP21_186.jpg?v=1639276604""}, {""id"": 40982081831095, ""sku"": ""TS-COEUR-002-L"", ""title"": ""L / Crème"", ""price"": 50.0, ""compare_at_price"": null, ""available"": false, ""option1"": ""L"", ""option2"": ""Crème"", ""option3"": null, ""weight"": 0.0, ""requires_shipping"": true, ""featured_image"": ""https://cdn.shopify.com/s/files/1/0045/5291/7085/products/PPP21_157.jpg?v=1639276608""}, {""id"": 40982081863863, ""sku"": ""TS-COEUR-002-L"", ""title"": ""L / Anthracite"", ""price"": 50.0, ""compare_at_price"": null, ""available"": false, ""option1"": ""L"", ""option2"": ""Anthracite"", ""option3"": null, ""weight"": 0.0, ""requires_shipping"": true, ""featured_image"": ""https://cdn.shopify.com/s/files/1/0045/5291/7085/products/PPP21_231.jpg?v=1639276608""}, {""id"": 40982081896631, ""sku"": ""TS-COEUR-002-L"", ""title"": ""L / Bleu Glacier"", ""price"": 50.0, ""compare_at_price"": null, ""available"": false, ""option1"": ""L"", ""option2"": ""Bleu Glacier"", ""option3"": null, ""weight"": 0.0, ""requires_shipping"": true, ""featured_image"": ""https://cdn.shopify.com/s/files/1/0045/5291/7085/products/PPP21_186.jpg?v=1639276604""}, {""id"": 40982081929399, ""sku"": ""TS-COEUR-002-XL"", ""title"": ""XL / Crème"", ""price"": 50.0, ""compare_at_price"": null, ""available"": false, ""option1"": ""XL"", ""option2"": ""Crème"", ""option3"": null, ""weight"": 0.0, ""requires_shipping"": true, ""featured_image"": ""https://cdn.shopify.com/s/files/1/0045/5291/7085/products/PPP21_157.jpg?v=1639276608""}, {""id"": 40982081962167, ""sku"": ""TS-COEUR-002-XL"", ""title"": ""XL / Anthracite"", ""price"": 50.0, ""compare_at_price"": null, ""available"": false, ""option1"": ""XL"", ""option2"": ""Anthracite"", ""option3"": null, ""weight"": 0.0, ""requires_shipping"": true, ""featured_image"": ""https://cdn.shopify.com/s/files/1/0045/5291/7085/products/PPP21_231.jpg?v=1639276608""}, {""id"": 40982081994935, ""sku"": ""TS-COEUR-002-XL"", ""title"": ""XL / Bleu Glacier"", ""price"": 50.0, ""compare_at_price"": null, ""available"": true, ""option1"": ""XL"", ""option2"": ""Bleu Glacier"", ""option3"": null, ""weight"": 0.0, ""requires_shipping"": true, ""featured_image"": ""https://cdn.shopify.com/s/files/1/0045/5291/7085/products/PPP21_186.jpg?v=1639276604""}, {""id"": 41010994970807, ""sku"": ""TS-COEUR-002-XXL"", ""title"": ""XXL / Crème"", ""price"": 50.0, ""compare_at_price"": null, ""available"": true, ""option1"": ""XXL"", ""option2"": ""Crème"", ""option3"": null, ""weight"": 0.0, ""requires_shipping"": true, ""featured_image"": ""https://cdn.shopify.com/s/files/1/0045/5291/7085/products/PPP21_157.jpg?v=1639276608""}, {""id"": 41010995003575, ""sku"": ""TS-COEUR-002-XXL"", ""title"": ""XXL / Anthracite"", ""price"": 50.0, ""compare_at_price"": null, ""available"": true, ""option1"": ""XXL"", ""option2"": ""Anthracite"", ""option3"": null, ""weight"": 0.0, ""requires_shipping"": true, ""featured_image"": ""https://cdn.shopify.com/s/files/1/0045/5291/7085/products/PPP21_231.jpg?v=1639276608""}, {""id"": 41010995036343, ""sku"": ""TS-COEUR-002-XXL"", ""title"": ""XXL / Bleu Glacier"", ""price"": 50.0, ""compare_at_price"": null, ""available"": true, ""option1"": ""XXL"", ""option2"": ""Bleu Glacier"", ""option3"": null, ""weight"": 0.0, ""requires_shipping"": true, ""featured_image"": ""https://cdn.shopify.com/s/files/1/0045/5291/7085/products/PPP21_186.jpg?v=1639276604""}]",2021-12-12T02:22:30+01:00,2026-05-17T17:37:22+02:00,2021-11-24T18:01:41+01:00,2026-05-17T17:37:28
product,6111472451767,carte-cadeau,https://pingpang.paris/products/carte-cadeau,Carte cadeau,Un doute sur la taille ou les modèles à offrir? Choisis la carte cadeau 50€ ou 100€ ou 150€ Ping Pang Paris. Utilisable en une ou plusieurs fois sur tous les articles Ping Pang Paris pour une durée de un an.,http://pingpang.paris/cdn/shop/files/Gift_Card_PPP_-_50_800x.jpg?v=1734621551,<p>Un doute sur la taille ou les modèles à offrir? Choisis la carte cadeau 50€ ou 100€ ou 150€ Ping Pang Paris. Utilisable en une ou plusieurs fois sur tous les articles Ping Pang Paris pour une durée de un an. </p>,Un doute sur la taille ou les modèles à offrir? Choisis la carte cadeau 50€ ou 100€ ou 150€ Ping Pang Paris. Utilisable en une ou plusieurs fois sur tous les articles Ping Pang Paris pour une durée de un an.,Ping Pang Paris,Gift Cards,carte cadeau | Icons Collection | Le Club Collection | Xmas Collection,50.0,150.0,,,EUR,true,3,0,0,3,https://cdn.shopify.com/s/files/1/0045/5291/7085/files/Gift_Card_PPP_-_50.jpg?v=1734621551,https://cdn.shopify.com/s/files/1/0045/5291/7085/files/Gift_Card_PPP_-_50.jpg?v=1734621551 | https://cdn.shopify.com/s/files/1/0045/5291/7085/files/Gift_Card_PPP_-_100.jpg?v=1734621551 | https://cdn.shopify.com/s/files/1/0045/5291/7085/files/Gift_Card_PPP_-_150.jpg?v=1734621551,,,"[{""id"": 37674899046583, ""sku"": """", ""title"": ""€50"", ""price"": 50.0, ""compare_at_price"": null, ""available"": true, ""option1"": ""€50"", ""option2"": null, ""option3"": null, ""weight"": 0.0, ""requires_shipping"": false, ""featured_image"": ""https://cdn.shopify.com/s/files/1/0045/5291/7085/files/Gift_Card_PPP_-_50.jpg?v=1734621551""}, {""id"": 37674899079351, ""sku"": """", ""title"": ""€100"", ""price"": 100.0, ""compare_at_price"": null, ""available"": true, ""option1"": ""€100"", ""option2"": null, ""option3"": null, ""weight"": 0.0, ""requires_shipping"": false, ""featured_image"": ""https://cdn.shopify.com/s/files/1/0045/5291/7085/files/Gift_Card_PPP_-_100.jpg?v=1734621551""}, {""id"": 50733317652813, ""sku"": """", ""title"": ""€150"", ""price"": 150.0, ""compare_at_price"": null, ""available"": true, ""option1"": ""€150"", ""option2"": null, ""option3"": null, ""weight"": 0.0, ""requires_shipping"": false, ""featured_image"": ""https://cdn.shopify.com/s/files/1/0045/5291/7085/files/Gift_Card_PPP_-_150.jpg?v=1734621551""}]",2022-10-29T18:23:38+02:00,2026-05-17T17:37:22+02:00,2020-12-01T10:46:36+01:00,2026-05-17T17:37:29
product,9664944341325,t-shirt-japan-ping-pang-paris-icons-collection-paris2024,https://pingpang.paris/products/t-shirt-japan-ping-pang-paris-icons-collection-paris2024,T-shirt ICONS | JAPAN 🇯🇵 - Édition Limitée,"« ICONS Japan » : T-shirt 100 % Coton. Pour un avenir durable et élégant. Fit classique avec design en sérigraphie face et dos, Fabriqué au Portugal (avec amour)! Cette pièce a été inspirée et soigneusement créée à l’occasion des Jeux Olympiques et Paralympiques de Paris 2024.",http://pingpang.paris/cdn/shop/files/Japan_Tshirt_F-1-_-10_800x.jpg?v=1721345186,"<!-- Inspiration -->
<p data-mce-fragment=""1""><meta charset=""utf-8""><meta charset=""UTF-8""><span>Le soleil levant du Japon illustre le progrès de la nation, avec Tokyo à la pointe de la création de légendes et d'icônes depuis les Jeux Olympiques de 1964 et 2020. <meta charset=""UTF-8"">Il met également en lumière l'ascension des icônes du tennis de table, qui ont démontré un esprit et une force remarquables en remportant des championnats du monde et des médailles olympiques au fil des ans.</span> Le mouvement dépeint la positivité et la perspective constamment vibrante du peuple japonais pour de nouveaux départs et de nouveaux commencements.<!-- notionvc: 0fde94de-b09a-4c28-83ee-5cf446744e41 --></p>
<!-- split -->
<p> </p>
<!-- Detail  -->
<p data-mce-fragment=""1""><b data-mce-fragment=""1"">« ICONS JAPAN » </b><br></p>
<p data-mce-fragment=""1""><i data-mce-fragment=""1""><span style=""font-weight: 400;"" data-mce-fragment=""1"">T-shirt 100 % Coton, Made in Portugal.<br>Doux<span data-mce-fragment=""1""> </span>et<span data-mce-fragment=""1""> r</span>ésistant, pour un avenir durable et élégant.<br></span></i><span style=""font-weight: 400;"" data-mce-fragment=""1""><br></span>. Fit classique unisexe<br><meta charset=""utf-8""><meta charset=""utf-8"">. Sérigraphie face : « Ping Pang Paris » avec cinq raquettes<br>. Sérigraphie dos : ‘Japan’ <meta charset=""UTF-8""><span>combine des éléments iconiques des Jeux Olympiques de Tokyo 1964 et 2020, mettant en avant l'excellence sportive et l'esprit olympique japonais. <meta charset=""UTF-8"">Illustrations rétro inspirées des affiches classiques des Jeux Olympiques de Tokyo, avec un athlète en mouvement devant un soleil rouge et des rayons bleus. <meta charset=""UTF-8"">Les noms des célèbres athlètes japonais Jun Mizutani, Ichiro Ogimura, et Mima Ito sont fièrement affichés, célébrant leurs contributions remarquables au sport.</span><span><br></span><br><meta charset=""utf-8""><em><span style=""font-weight: 400;"" data-mce-fragment=""1"">Cette pièce a été inspirée et soigneusement créée à l’occasion des Jeux Olympiques et Paralympiques de Paris 2024. </span></em><br></p>
<!-- split -->
<p> </p>
<!-- Quote 1 -->
<p data-mce-fragment=""1""><em> <i> <span style=""font-size: 28px;"" data-mce-fragment=""1""> ""Le tennis de table est comme un miroir de la personnalité. Il montre vos forces, vos faiblesses et vous défie constamment de vous améliorer.""</span></i></em> <br><span>Ichiro Ogimura</span><br></p>
<!-- split -->
<p> </p>
<!-- Title 1 -->","Le soleil levant du Japon illustre le progrès de la nation, avec Tokyo à la pointe de la création de légendes et d'icônes depuis les Jeux Olympiques de 1964 et 2020. Il met également en lumière l'ascension des icônes du tennis de table, qui ont démontré un esprit et une force remarquables en remportant des championnats du monde et des médailles olympiques au fil des ans. Le mouvement dépeint la positivité et la perspective constamment vibrante du peuple japonais pour de nouveaux départs et de nouveaux commencements. « ICONS JAPAN » T-shirt 100 % Coton, Made in Portugal. Doux et r ésistant, pour un avenir durable et élégant. . Fit classique unisexe . Sérigraphie face : « Ping Pang Paris » avec cinq raquettes . Sérigraphie dos : ‘Japan’ combine des éléments iconiques des Jeux Olympiques de Tokyo 1964 et 2020, mettant en avant l'excellence sportive et l'esprit olympique japonais. Illustrations rétro inspirées des affiches classiques des Jeux Olympiques de Tokyo, avec un athlète en mouvement devant un soleil rouge et des rayons bleus. Les noms des célèbres athlètes japonais Jun Mizutani, Ichiro Ogimura, et Mima Ito sont fièrement affichés, célébrant leurs contributions remarquables au sport. Cette pièce a été inspirée et soigneusement créée à l’occasion des Jeux Olympiques et Paralympiques de Paris 2024. ""Le tennis de table est comme un miroir de la personnalité. Il montre vos forces, vos faiblesses et vous défie constamment de vous améliorer."" Ichiro Ogimura",pingpang.paris,T-shirt,Icons Collection,39.0,39.0,,,EUR,true,6,1,6,7,https://cdn.shopify.com/s/files/1/0045/5291/7085/files/Japan_Tshirt_F-1-_-10.jpg?v=1721345186,https://cdn.shopify.com/s/files/1/0045/5291/7085/files/Japan_Tshirt_F-1-_-10.jpg?v=1721345186 | https://cdn.shopify.com/s/files/1/0045/5291/7085/files/Japan_Tshirt_F-1-_-5.jpg?v=1721345186 | https://cdn.shopify.com/s/files/1/0045/5291/7085/files/Japan_Tshirt_F-1-_-7.jpg?v=1721345186 | https://cdn.shopify.com/s/files/1/0045/5291/7085/files/Japan_Tshirt_H-1-_-3.jpg?v=1721345186 | https://cdn.shopify.com/s/files/1/0045/5291/7085/files/Japan_Tshirt_H-1-_-10.jpg?v=1721345186 | https://cdn.shopify.com/s/files/1/0045/5291/7085/files/Japan_Tshirt_H-1-_-1.jpg?v=1721345186 | https://cdn.shopify.com/s/files/1/0045/5291/7085/files/JapanMoodboard.jpg?v=1721345056,BLANC CREME,XS | S | M | L | XL | XXL,"[{""id"": 49848693621069, ""sku"": ""TS-ICONS-JPN-1"", ""title"": ""BLANC CREME / XS"", ""price"": 39.0, ""compare_at_price"": null, ""available"": true, ""option1"": ""BLANC CREME"", ""option2"": ""XS"", ""option3"": null, ""weight"": 170.0, ""requires_shipping"": true, ""featured_image"": ""https://cdn.shopify.com/s/files/1/0045/5291/7085/files/Japan_Tshirt_H-1-_-3.jpg?v=1721345186""}, {""id"": 49849714344269, ""sku"": ""TS-ICONS-JPN-2"", ""title"": ""BLANC CREME / S"", ""price"": 39.0, ""compare_at_price"": null, ""available"": true, ""option1"": ""BLANC CREME"", ""option2"": ""S"", ""option3"": null, ""weight"": 170.0, ""requires_shipping"": true, ""featured_image"": ""https://cdn.shopify.com/s/files/1/0045/5291/7085/files/Japan_Tshirt_H-1-_-3.jpg?v=1721345186""}, {""id"": 49849714377037, ""sku"": ""TS-ICONS-JPN-3"", ""title"": ""BLANC CREME / M"", ""price"": 39.0, ""compare_at_price"": null, ""available"": false, ""option1"": ""BLANC CREME"", ""option2"": ""M"", ""option3"": null, ""weight"": 170.0, ""requires_shipping"": true, ""featured_image"": ""https://cdn.shopify.com/s/files/1/0045/5291/7085/files/Japan_Tshirt_H-1-_-3.jpg?v=1721345186""}, {""id"": 49849714409805, ""sku"": ""TS-ICONS-JPN-4"", ""title"": ""BLANC CREME / L"", ""price"": 39.0, ""compare_at_price"": null, ""available"": false, ""option1"": ""BLANC CREME"", ""option2"": ""L"", ""option3"": null, ""weight"": 170.0, ""requires_shipping"": true, ""featured_image"": ""https://cdn.shopify.com/s/files/1/0045/5291/7085/files/Japan_Tshirt_H-1-_-3.jpg?v=1721345186""}, {""id"": 49849714442573, ""sku"": ""TS-ICONS-JPN-5"", ""title"": ""BLANC CREME / XL"", ""price"": 39.0, ""compare_at_price"": null, ""available"": true, ""option1"": ""BLANC CREME"", ""option2"": ""XL"", ""option3"": null, ""weight"": 170.0, ""requires_shipping"": true, ""featured_image"": ""https://cdn.shopify.com/s/files/1/0045/5291/7085/files/Japan_Tshirt_H-1-_-3.jpg?v=1721345186""}, {""id"": 49849714475341, ""sku"": ""TS-ICONS-JPN-6"", ""title"": ""BLANC CREME / XXL"", ""price"": 39.0, ""compare_at_price"": null, ""available"": false, ""option1"": ""BLANC CREME"", ""option2"": ""XXL"", ""option3"": null, ""weight"": 170.0, ""requires_shipping"": true, ""featured_image"": ""https://cdn.shopify.com/s/files/1/0045/5291/7085/files/Japan_Tshirt_H-1-_-3.jpg?v=1721345186""}]",2024-07-18T19:47:14+02:00,2026-05-17T17:37:22+02:00,2024-07-18T19:47:14+02:00,2026-05-17T17:37:30
product,9664944505165,t-shirt-sweden-ping-pang-paris-icons-collection-paris2024,https://pingpang.paris/products/t-shirt-sweden-ping-pang-paris-icons-collection-paris2024,T-shirt ICONS | SWEDEN 🇸🇪 - Édition Limitée,"« ICONS Sweden » : T-shirt 100 % Coton. Pour un avenir durable et élégant. Fit classique avec design en sérigraphie face et dos, Fabriqué au Portugal (avec amour)! Cette pièce a été inspirée et soigneusement créée à l’occasion des Jeux Olympiques et Paralympiques de Paris 2024.",http://pingpang.paris/cdn/shop/files/SwedentshirtF-1-_-7_800x.jpg?v=1721375254,"<!-- Inspiration -->
<p data-mce-fragment=""1""><meta charset=""utf-8"">Le design rend hommage au seul athlète européen de tennis de table à avoir remporté une médaille d'or olympique à Barcelone en 1992. Jan-Ove Waldner a solidement établi son statut d'icône en tant que Mozart du tennis de table. Les éléments symbolisent la force inébranlable de la Suède à s'imposer comme une force redoutable dans le tennis de table et l'amour et la passion florissante pour ce sport depuis l'accueil des Jeux Olympiques en 1912.<!-- notionvc: a30b113b-8670-4ff0-8319-81080b1bdd58 --></p>
<!-- split -->
<p> </p>
<!-- Detail  -->
<p data-mce-fragment=""1""><b data-mce-fragment=""1"">« ICONS SWEDEN » </b><br></p>
<p data-mce-fragment=""1""><i data-mce-fragment=""1""><span style=""font-weight: 400;"" data-mce-style=""font-weight: 400;"" data-mce-fragment=""1"">T-shirt 100 % Coton, Made in Portugal.<br>Doux<span data-mce-fragment=""1""> </span>et<span data-mce-fragment=""1""> r</span>ésistant, pour un avenir durable et élégant.<br></span></i><span style=""font-weight: 400;"" data-mce-style=""font-weight: 400;"" data-mce-fragment=""1""><br></span>. Fit classique unisexe<br><meta charset=""utf-8""><meta charset=""utf-8"">. Sérigraphie face : « Ping Pang Paris » avec cinq raquettes<br>. Sérigraphie dos : ‘Sweden’ <meta charset=""UTF-8""><span>célèbre les grandes figures et les moments olympiques de la Suède avec <meta charset=""utf-8"">l'athlète légendaire du tennis de table, J<meta charset=""utf-8"">an-Ove Waldner. </span><meta charset=""UTF-8""><span>Motifs floraux et silhouettes d'athlètes en action, capturant l'essence de la culture suédoise.<br></span><br><meta charset=""utf-8""><em><span style=""font-weight: 400;"" data-mce-style=""font-weight: 400;"" data-mce-fragment=""1"">Cette pièce a été inspirée et soigneusement créée à l’occasion des Jeux Olympiques et Paralympiques de Paris 2024. </span></em><br></p>
<!-- split -->
<p> </p>
<!-- Quote 1 -->
<p data-mce-fragment=""1""><meta charset=""utf-8""><i>""Au tennis de table, il faut penser comme un joueur d'échecs, avoir les réflexes d'un boxeur et la précision d'un chirurgien.""<br></i>Jan-Ove Waldner<br></p>
<!-- split -->
<p> </p>
<!-- Title 1 -->","Le design rend hommage au seul athlète européen de tennis de table à avoir remporté une médaille d'or olympique à Barcelone en 1992. Jan-Ove Waldner a solidement établi son statut d'icône en tant que Mozart du tennis de table. Les éléments symbolisent la force inébranlable de la Suède à s'imposer comme une force redoutable dans le tennis de table et l'amour et la passion florissante pour ce sport depuis l'accueil des Jeux Olympiques en 1912. « ICONS SWEDEN » T-shirt 100 % Coton, Made in Portugal. Doux et r ésistant, pour un avenir durable et élégant. . Fit classique unisexe . Sérigraphie face : « Ping Pang Paris » avec cinq raquettes . Sérigraphie dos : ‘Sweden’ célèbre les grandes figures et les moments olympiques de la Suède avec l'athlète légendaire du tennis de table, J an-Ove Waldner. Motifs floraux et silhouettes d'athlètes en action, capturant l'essence de la culture suédoise. Cette pièce a été inspirée et soigneusement créée à l’occasion des Jeux Olympiques et Paralympiques de Paris 2024. ""Au tennis de table, il faut penser comme un joueur d'échecs, avoir les réflexes d'un boxeur et la précision d'un chirurgien."" Jan-Ove Waldner",pingpang.paris,T-shirt,Icons Collection,39.0,39.0,,,EUR,true,6,1,6,6,https://cdn.shopify.com/s/files/1/0045/5291/7085/files/SwedentshirtF-1-_-7.jpg?v=1721375254,https://cdn.shopify.com/s/files/1/0045/5291/7085/files/SwedentshirtF-1-_-7.jpg?v=1721375254 | https://cdn.shopify.com/s/files/1/0045/5291/7085/files/SwedentshirtF-1-_-5.jpg?v=1721375254 | https://cdn.shopify.com/s/files/1/0045/5291/7085/files/SwedentshirtF-1-_-6.jpg?v=1721375713 | https://cdn.shopify.com/s/files/1/0045/5291/7085/files/SwedenTshirtH-1-_-4.jpg?v=1721375254 | https://cdn.shopify.com/s/files/1/0045/5291/7085/files/SwedenTshirtH-1-_-1.jpg?v=1721375254 | https://cdn.shopify.com/s/files/1/0045/5291/7085/files/SwedenMoodboard.jpg?v=1721376581,BLANC CREME,XS | S | M | L | XL | XXL,"[{""id"": 49848694636877, ""sku"": ""TS-ICONS-SWD-1"", ""title"": ""BLANC CREME / XS"", ""price"": 39.0, ""compare_at_price"": null, ""available"": true, ""option1"": ""BLANC CREME"", ""option2"": ""XS"", ""option3"": null, ""weight"": 170.0, ""requires_shipping"": true, ""featured_image"": ""https://cdn.shopify.com/s/files/1/0045/5291/7085/files/SwedentshirtF-1-_-7.jpg?v=1721375254""}, {""id"": 49848694669645, ""sku"": ""TS-ICONS-SWD-2"", ""title"": ""BLANC CREME / S"", ""price"": 39.0, ""compare_at_price"": null, ""available"": true, ""option1"": ""BLANC CREME"", ""option2"": ""S"", ""option3"": null, ""weight"": 170.0, ""requires_shipping"": true, ""featured_image"": ""https://cdn.shopify.com/s/files/1/0045/5291/7085/files/SwedentshirtF-1-_-7.jpg?v=1721375254""}, {""id"": 49848694702413, ""sku"": ""TS-ICONS-SWD-3"", ""title"": ""BLANC CREME / M"", ""price"": 39.0, ""compare_at_price"": null, ""available"": false, ""option1"": ""BLANC CREME"", ""option2"": ""M"", ""option3"": null, ""weight"": 184.0, ""requires_shipping"": true, ""featured_image"": ""https://cdn.shopify.com/s/files/1/0045/5291/7085/files/SwedentshirtF-1-_-7.jpg?v=1721375254""}, {""id"": 49848694735181, ""sku"": ""TS-ICONS-SWD-4"", ""title"": ""BLANC CREME / L"", ""price"": 39.0, ""compare_at_price"": null, ""available"": false, ""option1"": ""BLANC CREME"", ""option2"": ""L"", ""option3"": null, ""weight"": 184.0, ""requires_shipping"": true, ""featured_image"": ""https://cdn.shopify.com/s/files/1/0045/5291/7085/files/SwedentshirtF-1-_-7.jpg?v=1721375254""}, {""id"": 49848694767949, ""sku"": ""TS-ICONS-SWD-5"", ""title"": ""BLANC CREME / XL"", ""price"": 39.0, ""compare_at_price"": null, ""available"": false, ""option1"": ""BLANC CREME"", ""option2"": ""XL"", ""option3"": null, ""weight"": 205.0, ""requires_shipping"": true, ""featured_image"": ""https://cdn.shopify.com/s/files/1/0045/5291/7085/files/SwedentshirtF-1-_-7.jpg?v=1721375254""}, {""id"": 49848694800717, ""sku"": ""TS-ICONS-SWD-6"", ""title"": ""BLANC CREME / XXL"", ""price"": 39.0, ""compare_at_price"": null, ""available"": false, ""option1"": ""BLANC CREME"", ""option2"": ""XXL"", ""option3"": null, ""weight"": 205.0, ""requires_shipping"": true, ""featured_image"": ""https://cdn.shopify.com/s/files/1/0045/5291/7085/files/SwedentshirtF-1-_-7.jpg?v=1721375254""}]",2024-07-18T19:47:19+02:00,2026-05-17T17:37:22+02:00,2024-07-18T19:47:19+02:00,2026-05-17T17:37:31
product,9663931580749,t-shirt-france-ping-pang-paris-icons-collection-paris2024,https://pingpang.paris/products/t-shirt-france-ping-pang-paris-icons-collection-paris2024,T-shirt ICONS | FRANCE 🇫🇷 - Édition Limitée,"« ICONS France » : T-shirt 100 % Coton. Pour un avenir durable et élégant. Fit classique avec design en sérigraphie face et dos, Fabriqué au Portugal (avec amour)! Cette pièce a été inspirée et soigneusement créée à l’occasion des Jeux Olympiques et Paralympiques de Paris 2024.",http://pingpang.paris/cdn/shop/files/FranceTshirtF-1-_-16_800x.jpg?v=1721376980,"<!-- Inspiration -->
<p data-mce-fragment=""1""> Les traits ressemblent aux vagues sonores rugissantes apportées par la victoire de la médaille d'argent olympique de l'icône Jean-Philippe Gatien à Barcelone en 1992 et les applaudissements retentissants pour l'un des joueurs de tennis de table français les plus récompensés de tous les temps, Jacques Secrétin. Les silhouettes représentent une nouvelle vague d'athlètes français qui s'entraînent sans relâche pour ramener la première médaille d'or olympique de tennis de table à Paris 2024, une ville qui accueille fièrement les Jeux pour la troisième fois depuis 1900 et 1924.</p>
<!-- split -->
<!-- Detail  -->
<p data-mce-fragment=""1""><b data-mce-fragment=""1"">« ICONS FRANCE » </b><br></p>
<p data-mce-fragment=""1""><i data-mce-fragment=""1""><span style=""font-weight: 400;"" data-mce-fragment=""1"" data-mce-style=""font-weight: 400;"">T-shirt 100 % Coton, Made in Portugal.<br>Doux<span data-mce-fragment=""1""> </span>et<span data-mce-fragment=""1""> r</span>ésistant, pour un avenir durable et élégant.<br></span></i><span style=""font-weight: 400;"" data-mce-fragment=""1"" data-mce-style=""font-weight: 400;""><br></span>. Fit classique unisexe<br><meta charset=""utf-8""><meta charset=""utf-8"">. Sérigraphie face : « Ping Pang Paris » avec cinq raquettes<br>. Sérigraphie dos : ‘France’ Aux couleurs du drapeau tricolore, on distingue des <meta charset=""UTF-8""><span>silhouettes d'athlètes en action rendant hommage aux villes olympiques marquant les JO (1900, 1924, 2024), avec le nom des athlètes français légendaires <meta charset=""utf-8"">Gatien &amp; Secrétin, symboles du tennis de table français.<br></span><br><meta charset=""utf-8""><em><span style=""font-weight: 400;"" data-mce-fragment=""1"" data-mce-style=""font-weight: 400;"">Cette pièce a été inspirée et soigneusement créée à l’occasion des Jeux Olympiques et Paralympiques de Paris 2024. </span></em><br></p>
<!-- split -->
<!-- Quote 1 -->
<p data-mce-fragment=""1""><i>""Chaque match est une nouvelle opportunité de faire ses preuves.""</i><br>Jean-Philippe Gatien</p>
<!-- split -->
<!-- Title 1 -->
<p data-mce-fragment=""1""></p>","Les traits ressemblent aux vagues sonores rugissantes apportées par la victoire de la médaille d'argent olympique de l'icône Jean-Philippe Gatien à Barcelone en 1992 et les applaudissements retentissants pour l'un des joueurs de tennis de table français les plus récompensés de tous les temps, Jacques Secrétin. Les silhouettes représentent une nouvelle vague d'athlètes français qui s'entraînent sans relâche pour ramener la première médaille d'or olympique de tennis de table à Paris 2024, une ville qui accueille fièrement les Jeux pour la troisième fois depuis 1900 et 1924. « ICONS FRANCE » T-shirt 100 % Coton, Made in Portugal. Doux et r ésistant, pour un avenir durable et élégant. . Fit classique unisexe . Sérigraphie face : « Ping Pang Paris » avec cinq raquettes . Sérigraphie dos : ‘France’ Aux couleurs du drapeau tricolore, on distingue des silhouettes d'athlètes en action rendant hommage aux villes olympiques marquant les JO (1900, 1924, 2024), avec le nom des athlètes français légendaires Gatien & Secrétin, symboles du tennis de table français. Cette pièce a été inspirée et soigneusement créée à l’occasion des Jeux Olympiques et Paralympiques de Paris 2024. ""Chaque match est une nouvelle opportunité de faire ses preuves."" Jean-Philippe Gatien",pingpang.paris,T-shirt,Icons Collection,39.0,39.0,,,EUR,false,6,1,6,6,https://cdn.shopify.com/s/files/1/0045/5291/7085/files/FranceTshirtF-1-_-16.jpg?v=1721376980,https://cdn.shopify.com/s/files/1/0045/5291/7085/files/FranceTshirtF-1-_-16.jpg?v=1721376980 | https://cdn.shopify.com/s/files/1/0045/5291/7085/files/FranceTshirtF-1-_-7.jpg?v=1721340458 | https://cdn.shopify.com/s/files/1/0045/5291/7085/files/FranceTshirtF-1-_-3.jpg?v=1721340458 | https://cdn.shopify.com/s/files/1/0045/5291/7085/files/FranceTshirtH-1-_-5.jpg?v=1721340458 | https://cdn.shopify.com/s/files/1/0045/5291/7085/files/FranceTshirtH-1-_-3.jpg?v=1721340457 | https://cdn.shopify.com/s/files/1/0045/5291/7085/files/FranceMoodboard.jpg?v=1721376733,BLANC CREME,XS | S | M | L | XL | XXL,"[{""id"": 49843060703565, ""sku"": ""TS-ICONS-FR-1"", ""title"": ""BLANC CREME / XS"", ""price"": 39.0, ""compare_at_price"": null, ""available"": false, ""option1"": ""BLANC CREME"", ""option2"": ""XS"", ""option3"": null, ""weight"": 170.0, ""requires_shipping"": true, ""featured_image"": ""https://cdn.shopify.com/s/files/1/0045/5291/7085/files/FranceTshirtF-1-_-16.jpg?v=1721376980""}, {""id"": 49843060736333, ""sku"": ""TS-ICONS-FR-2"", ""title"": ""BLANC CREME / S"", ""price"": 39.0, ""compare_at_price"": null, ""available"": false, ""option1"": ""BLANC CREME"", ""option2"": ""S"", ""option3"": null, ""weight"": 170.0, ""requires_shipping"": true, ""featured_image"": ""https://cdn.shopify.com/s/files/1/0045/5291/7085/files/FranceTshirtF-1-_-16.jpg?v=1721376980""}, {""id"": 49843060769101, ""sku"": ""TS-ICONS-FR-3"", ""title"": ""BLANC CREME / M"", ""price"": 39.0, ""compare_at_price"": null, ""available"": false, ""option1"": ""BLANC CREME"", ""option2"": ""M"", ""option3"": null, ""weight"": 184.0, ""requires_shipping"": true, ""featured_image"": ""https://cdn.shopify.com/s/files/1/0045/5291/7085/files/FranceTshirtF-1-_-16.jpg?v=1721376980""}, {""id"": 49843060801869, ""sku"": ""TS-ICONS-FR-4"", ""title"": ""BLANC CREME / L"", ""price"": 39.0, ""compare_at_price"": null, ""available"": false, ""option1"": ""BLANC CREME"", ""option2"": ""L"", ""option3"": null, ""weight"": 184.0, ""requires_shipping"": true, ""featured_image"": ""https://cdn.shopify.com/s/files/1/0045/5291/7085/files/FranceTshirtF-1-_-16.jpg?v=1721376980""}, {""id"": 49843060834637, ""sku"": ""TS-ICONS-FR-5"", ""title"": ""BLANC CREME / XL"", ""price"": 39.0, ""compare_at_price"": null, ""available"": false, ""option1"": ""BLANC CREME"", ""option2"": ""XL"", ""option3"": null, ""weight"": 205.0, ""requires_shipping"": true, ""featured_image"": ""https://cdn.shopify.com/s/files/1/0045/5291/7085/files/FranceTshirtF-1-_-16.jpg?v=1721376980""}, {""id"": 49843060867405, ""sku"": ""TS-ICONS-FR-6"", ""title"": ""BLANC CREME / XXL"", ""price"": 39.0, ""compare_at_price"": null, ""available"": false, ""option1"": ""BLANC CREME"", ""option2"": ""XXL"", ""option3"": null, ""weight"": 205.0, ""requires_shipping"": true, ""featured_image"": ""https://cdn.shopify.com/s/files/1/0045/5291/7085/files/FranceTshirtF-1-_-16.jpg?v=1721376980""}]",2024-07-18T01:01:00+02:00,2026-05-17T17:37:22+02:00,2024-07-18T01:01:00+02:00,2026-05-17T17:37:32
product,7070842814647,t-shirt-ambition-the-better-you-dress-the-better-you-play,https://pingpang.paris/products/t-shirt-ambition-the-better-you-dress-the-better-you-play,T-shirt I AMBITION,"RÈGLE N°6 : | The better you dress the better you play | Se projeter, rêver, créer. L’ambition n’a pas de limite. À condition qu’elle se développe de manière saine, elle est la source de certaines des plus belles réalisations sportives et artistiques.",http://pingpang.paris/cdn/shop/products/PPP21_185_800x.jpg?v=1678892617,"<meta charset=""utf-8"">
<p data-mce-fragment=""1""><b data-mce-fragment=""1"">« AMBITION » : ""The better you dress, the better you play""</b></p>
<p data-mce-fragment=""1""><i data-mce-fragment=""1""><span style=""font-weight: 400;"" data-mce-fragment=""1"" data-mce-style=""font-weight: 400;"">Tee-shirt 100 % Coton Organique, <meta charset=""utf-8""> <strong data-mce-fragment=""1"">Doux<span data-mce-fragment=""1""> </span></strong>et<strong data-mce-fragment=""1""><span data-mce-fragment=""1""> </span>Résistant.</strong><br> Pour un avenir durable et élégant.</span></i></p>
<p data-mce-fragment=""1""><span style=""font-weight: 400;"" data-mce-fragment=""1"" data-mce-style=""font-weight: 400;"">Cette pièce a été inspirée et soigneusement créée dans le but de vous proposer une expérience à la hauteur du club. <br data-mce-fragment=""1""><br data-mce-fragment=""1""></span>. Fit classique <meta charset=""utf-8""><span data-mce-fragment=""1"">(the model wears L and he is 1.80m)</span><br data-mce-fragment=""1"">. Flocage ""ping pang"" au niveau du coeur <br data-mce-fragment=""1"">. Flocage ""Règle N°6: the better you dress, the better you play"" au niveau du dos<br data-mce-fragment=""1"">. <meta charset=""utf-8""><span data-mce-fragment=""1"">Broderie P3 ton sur ton sous encolure dos</span><br data-mce-fragment=""1"">. <meta charset=""utf-8""><span data-mce-fragment=""1"">Fabriqué au Portugal (avec amour)</span><br data-mce-fragment=""1"">. <meta charset=""utf-8""><span data-mce-fragment=""1"">Certifié GOTS</span><br><br data-mce-fragment=""1""><meta charset=""utf-8""><strong data-mce-fragment=""1"">Nos modèles sont unisexes :</strong><br data-mce-fragment=""1""><em data-mce-fragment=""1""><span data-mce-fragment=""1"">Pour les filles</span><span data-mce-fragment=""1""> </span>: prendre la taille en dessous de votre taille habituelle ou préférez un style oversize en gardant la même.<span data-mce-fragment=""1""> </span><br data-mce-fragment=""1""><span data-mce-fragment=""1"">Pour les garçons</span> : prendre la taille habituelle. </em></p>","« AMBITION » : ""The better you dress, the better you play"" Tee-shirt 100 % Coton Organique, Doux et Résistant. Pour un avenir durable et élégant. Cette pièce a été inspirée et soigneusement créée dans le but de vous proposer une expérience à la hauteur du club. . Fit classique (the model wears L and he is 1.80m) . Flocage ""ping pang"" au niveau du coeur . Flocage ""Règle N°6: the better you dress, the better you play"" au niveau du dos . Broderie P3 ton sur ton sous encolure dos . Fabriqué au Portugal (avec amour) . Certifié GOTS Nos modèles sont unisexes : Pour les filles : prendre la taille en dessous de votre taille habituelle ou préférez un style oversize en gardant la même. Pour les garçons : prendre la taille habituelle.",Ping Pang Paris,T-shirt,Le Club Collection,50.0,50.0,,,EUR,true,12,2,6,19,https://cdn.shopify.com/s/files/1/0045/5291/7085/products/PPP21_185.jpg?v=1678892617,https://cdn.shopify.com/s/files/1/0045/5291/7085/products/PPP21_185.jpg?v=1678892617 | https://cdn.shopify.com/s/files/1/0045/5291/7085/products/PPP21_113.jpg?v=1678892617 | https://cdn.shopify.com/s/files/1/0045/5291/7085/products/PPP21_152b.jpg?v=1678892614 | https://cdn.shopify.com/s/files/1/0045/5291/7085/products/PPP21_209.jpg?v=1678892614 | https://cdn.shopify.com/s/files/1/0045/5291/7085/products/PPP21_114.jpg?v=1678892614 | https://cdn.shopify.com/s/files/1/0045/5291/7085/products/PPP21_135.jpg?v=1678892614 | https://cdn.shopify.com/s/files/1/0045/5291/7085/products/PPP21_115.jpg?v=1639276713 | https://cdn.shopify.com/s/files/1/0045/5291/7085/products/PPP21_117.jpg?v=1639276713 | https://cdn.shopify.com/s/files/1/0045/5291/7085/products/PPP21_150.jpg?v=1639276713 | https://cdn.shopify.com/s/files/1/0045/5291/7085/products/PPP21_152.jpg?v=1639276713 | https://cdn.shopify.com/s/files/1/0045/5291/7085/products/PPP21_155.jpg?v=1639276713 | https://cdn.shopify.com/s/files/1/0045/5291/7085/products/PPP21_153.jpg?v=1639276713 | https://cdn.shopify.com/s/files/1/0045/5291/7085/products/PPP21_180.jpg?v=1639276713 | https://cdn.shopify.com/s/files/1/0045/5291/7085/products/PPP21_181.jpg?v=1639276713 | https://cdn.shopify.com/s/files/1/0045/5291/7085/products/PPP21_182.jpg?v=1639276713 | https://cdn.shopify.com/s/files/1/0045/5291/7085/products/PPP21_184.jpg?v=1639276713 | https://cdn.shopify.com/s/files/1/0045/5291/7085/products/PPP21_204.jpg?v=1639276713 | https://cdn.shopify.com/s/files/1/0045/5291/7085/products/PPP21_205.jpg?v=1639276713 | https://cdn.shopify.com/s/files/1/0045/5291/7085/products/PPP21_207.jpg?v=1639276713,Nude Powder | Anthracite,XS | S | M | L | XL | XXL,"[{""id"": 40980072661175, ""sku"": ""TS-PEC-003-XS"", ""title"": ""Nude Powder / XS"", ""price"": 50.0, ""compare_at_price"": null, ""available"": true, ""option1"": ""Nude Powder"", ""option2"": ""XS"", ""option3"": null, ""weight"": 0.0, ""requires_shipping"": true, ""featured_image"": ""https://cdn.shopify.com/s/files/1/0045/5291/7085/products/PPP21_180.jpg?v=1639276713""}, {""id"": 40980072693943, ""sku"": ""TS-PEC-003-S"", ""title"": ""Nude Powder / S"", ""price"": 50.0, ""compare_at_price"": null, ""available"": true, ""option1"": ""Nude Powder"", ""option2"": ""S"", ""option3"": null, ""weight"": 0.0, ""requires_shipping"": true, ""featured_image"": ""https://cdn.shopify.com/s/files/1/0045/5291/7085/products/PPP21_181.jpg?v=1639276713""}, {""id"": 40980072726711, ""sku"": ""TS-PEC-003-M"", ""title"": ""Nude Powder / M"", ""price"": 50.0, ""compare_at_price"": null, ""available"": true, ""option1"": ""Nude Powder"", ""option2"": ""M"", ""option3"": null, ""weight"": 0.0, ""requires_shipping"": true, ""featured_image"": ""https://cdn.shopify.com/s/files/1/0045/5291/7085/products/PPP21_113.jpg?v=1678892617""}, {""id"": 40980072759479, ""sku"": ""TS-PEC-003-L"", ""title"": ""Nude Powder / L"", ""price"": 50.0, ""compare_at_price"": null, ""available"": true, ""option1"": ""Nude Powder"", ""option2"": ""L"", ""option3"": null, ""weight"": 0.0, ""requires_shipping"": true, ""featured_image"": ""https://cdn.shopify.com/s/files/1/0045/5291/7085/products/PPP21_113.jpg?v=1678892617""}, {""id"": 40980072792247, ""sku"": ""TS-PEC-003-XL"", ""title"": ""Nude Powder / XL"", ""price"": 50.0, ""compare_at_price"": null, ""available"": true, ""option1"": ""Nude Powder"", ""option2"": ""XL"", ""option3"": null, ""weight"": 0.0, ""requires_shipping"": true, ""featured_image"": ""https://cdn.shopify.com/s/files/1/0045/5291/7085/products/PPP21_113.jpg?v=1678892617""}, {""id"": 41010986188983, ""sku"": ""TS-PEC-003-XXL"", ""title"": ""Nude Powder / XXL"", ""price"": 50.0, ""compare_at_price"": null, ""available"": true, ""option1"": ""Nude Powder"", ""option2"": ""XXL"", ""option3"": null, ""weight"": 0.0, ""requires_shipping"": true, ""featured_image"": ""https://cdn.shopify.com/s/files/1/0045/5291/7085/products/PPP21_113.jpg?v=1678892617""}, {""id"": 40980072825015, ""sku"": ""TS-PEC-003-XS"", ""title"": ""Anthracite / XS"", ""price"": 50.0, ""compare_at_price"": null, ""available"": true, ""option1"": ""Anthracite"", ""option2"": ""XS"", ""option3"": null, ""weight"": 0.0, ""requires_shipping"": true, ""featured_image"": ""https://cdn.shopify.com/s/files/1/0045/5291/7085/products/PPP21_150.jpg?v=1639276713""}, {""id"": 40980072857783, ""sku"": ""TS-PEC-003-S"", ""title"": ""Anthracite / S"", ""price"": 50.0, ""compare_at_price"": null, ""available"": true, ""option1"": ""Anthracite"", ""option2"": ""S"", ""option3"": null, ""weight"": 0.0, ""requires_shipping"": true, ""featured_image"": ""https://cdn.shopify.com/s/files/1/0045/5291/7085/products/PPP21_150.jpg?v=1639276713""}, {""id"": 40980072890551, ""sku"": ""TS-PEC-003-M"", ""title"": ""Anthracite / M"", ""price"": 50.0, ""compare_at_price"": null, ""available"": true, ""option1"": ""Anthracite"", ""option2"": ""M"", ""option3"": null, ""weight"": 0.0, ""requires_shipping"": true, ""featured_image"": ""https://cdn.shopify.com/s/files/1/0045/5291/7085/products/PPP21_204.jpg?v=1639276713""}, {""id"": 40980072923319, ""sku"": ""TS-PEC-003-L"", ""title"": ""Anthracite / L"", ""price"": 50.0, ""compare_at_price"": null, ""available"": false, ""option1"": ""Anthracite"", ""option2"": ""L"", ""option3"": null, ""weight"": 0.0, ""requires_shipping"": true, ""featured_image"": ""https://cdn.shopify.com/s/files/1/0045/5291/7085/products/PPP21_204.jpg?v=1639276713""}, {""id"": 40980072956087, ""sku"": ""TS-PEC-003-XL"", ""title"": ""Anthracite / XL"", ""price"": 50.0, ""compare_at_price"": null, ""available"": true, ""option1"": ""Anthracite"", ""option2"": ""XL"", ""option3"": null, ""weight"": 0.0, ""requires_shipping"": true, ""featured_image"": ""https://cdn.shopify.com/s/files/1/0045/5291/7085/products/PPP21_204.jpg?v=1639276713""}, {""id"": 41010986221751, ""sku"": ""TS-PEC-003-XXL"", ""title"": ""Anthracite / XXL"", ""price"": 50.0, ""compare_at_price"": null, ""available"": false, ""option1"": ""Anthracite"", ""option2"": ""XXL"", ""option3"": null, ""weight"": 0.0, ""requires_shipping"": true, ""featured_image"": ""https://cdn.shopify.com/s/files/1/0045/5291/7085/products/PPP21_204.jpg?v=1639276713""}]",2021-12-12T02:22:29+01:00,2026-05-17T17:37:22+02:00,2021-11-23T19:00:28+01:00,2026-05-17T17:37:33
product,8717684375885,hoodie-identite,https://pingpang.paris/products/hoodie-identite,Hoodie | IDENTITÉ,« IDENTITÉ »  SWEAT à capuche 100 % Coton Organique. Pour un avenir durable et élégant. Cette pièce à été inspirée et soigneusement créée dans le but de vous proposer une expérience à la hauteur du club. . Fit classique (the model wears S and she is 1.72m). Broderie 'raquette' sur le coeur . Broderie ‘ping pang paris’,http://pingpang.paris/cdn/shop/files/Capture_d_ecran_2025-12-02_a_17.06.36_800x.png?v=1764691624,"<meta charset=""utf-8"">
<p data-mce-fragment=""1""><b data-mce-fragment=""1"">« IDENTITÉ » </b></p>
<p data-mce-fragment=""1""><i data-mce-fragment=""1""><span data-mce-fragment=""1"">SWEAT à capuche 100 % Coton Organique. Pour un avenir durable et élégant.</span></i></p>
<p data-mce-fragment=""1"">Cette pièce à été inspirée et soigneusement créée dans le but de vous proposer une expérience à la hauteur du club.</p>
<p data-mce-fragment=""1"">. Fit classique <meta charset=""utf-8""><span data-mce-fragment=""1"">(the model wears S and she is 1.72m)</span><br><span data-mce-fragment=""1"">. Broderie 'raquette' sur le coeur </span><br data-mce-fragment=""1"">. Broderie ‘ping pang paris’ sur la poche <br data-mce-fragment=""1"">. Broderie P3 ton sur ton sous encolure dos<br data-mce-fragment=""1"">. Fabriqué au Portugal (avec amour)<br data-mce-fragment=""1"">. Certifié GOTS<br data-mce-fragment=""1""></p>
<p data-mce-fragment=""1""><strong data-mce-fragment=""1"">Nos modèles sont unisexes :</strong><br data-mce-fragment=""1""><em data-mce-fragment=""1""><span data-mce-fragment=""1"">Pour les filles</span><span data-mce-fragment=""1""> </span>: prendre la taille en dessous de votre taille habituelle ou préférez un style oversize en gardant la même.<br data-mce-fragment=""1""><span data-mce-fragment=""1"">Pour les garçons</span> : prendre la taille habituelle. </em></p>",« IDENTITÉ » SWEAT à capuche 100 % Coton Organique. Pour un avenir durable et élégant. Cette pièce à été inspirée et soigneusement créée dans le but de vous proposer une expérience à la hauteur du club. . Fit classique (the model wears S and she is 1.72m) . Broderie 'raquette' sur le coeur . Broderie ‘ping pang paris’ sur la poche . Broderie P3 ton sur ton sous encolure dos . Fabriqué au Portugal (avec amour) . Certifié GOTS Nos modèles sont unisexes : Pour les filles : prendre la taille en dessous de votre taille habituelle ou préférez un style oversize en gardant la même. Pour les garçons : prendre la taille habituelle.,Ping Pang Paris,Hoodie,broderie | coeur | Hoodie | Le Club Collection | raquette,90.0,90.0,,,EUR,true,6,0,6,2,https://cdn.shopify.com/s/files/1/0045/5291/7085/files/Capture_d_ecran_2025-12-02_a_17.06.36.png?v=1764691624,https://cdn.shopify.com/s/files/1/0045/5291/7085/files/Capture_d_ecran_2025-12-02_a_17.06.36.png?v=1764691624 | https://cdn.shopify.com/s/files/1/0045/5291/7085/files/Capture_d_ecran_2025-12-02_a_17.06.25.png?v=1764691624,,XS | S | M | L | XL | XXL,"[{""id"": 47559702610253, ""sku"": """", ""title"": ""XS"", ""price"": 90.0, ""compare_at_price"": null, ""available"": true, ""option1"": ""XS"", ""option2"": null, ""option3"": null, ""weight"": 0.0, ""requires_shipping"": true, ""featured_image"": ""https://cdn.shopify.com/s/files/1/0045/5291/7085/files/Capture_d_ecran_2025-12-02_a_17.06.36.png?v=1764691624""}, {""id"": 47559702643021, ""sku"": """", ""title"": ""S"", ""price"": 90.0, ""compare_at_price"": null, ""available"": true, ""option1"": ""S"", ""option2"": null, ""option3"": null, ""weight"": 0.0, ""requires_shipping"": true, ""featured_image"": ""https://cdn.shopify.com/s/files/1/0045/5291/7085/files/Capture_d_ecran_2025-12-02_a_17.06.36.png?v=1764691624""}, {""id"": 47559702675789, ""sku"": """", ""title"": ""M"", ""price"": 90.0, ""compare_at_price"": null, ""available"": true, ""option1"": ""M"", ""option2"": null, ""option3"": null, ""weight"": 0.0, ""requires_shipping"": true, ""featured_image"": ""https://cdn.shopify.com/s/files/1/0045/5291/7085/files/Capture_d_ecran_2025-12-02_a_17.06.36.png?v=1764691624""}, {""id"": 47559702708557, ""sku"": """", ""title"": ""L"", ""price"": 90.0, ""compare_at_price"": null, ""available"": true, ""option1"": ""L"", ""option2"": null, ""option3"": null, ""weight"": 0.0, ""requires_shipping"": true, ""featured_image"": ""https://cdn.shopify.com/s/files/1/0045/5291/7085/files/Capture_d_ecran_2025-12-02_a_17.06.36.png?v=1764691624""}, {""id"": 47559702741325, ""sku"": """", ""title"": ""XL"", ""price"": 90.0, ""compare_at_price"": null, ""available"": true, ""option1"": ""XL"", ""option2"": null, ""option3"": null, ""weight"": 0.0, ""requires_shipping"": true, ""featured_image"": ""https://cdn.shopify.com/s/files/1/0045/5291/7085/files/Capture_d_ecran_2025-12-02_a_17.06.36.png?v=1764691624""}, {""id"": 47559702774093, ""sku"": """", ""title"": ""XXL"", ""price"": 90.0, ""compare_at_price"": null, ""available"": true, ""option1"": ""XXL"", ""option2"": null, ""option3"": null, ""weight"": 0.0, ""requires_shipping"": true, ""featured_image"": ""https://cdn.shopify.com/s/files/1/0045/5291/7085/files/Capture_d_ecran_2025-12-02_a_17.06.36.png?v=1764691624""}]",2023-11-07T20:53:52+01:00,2026-05-17T17:37:22+02:00,2023-11-07T20:53:52+01:00,2026-05-17T17:37:34
product,9664944439629,t-shirt-korea-ping-pang-paris-icons-collection-paris2024,https://pingpang.paris/products/t-shirt-korea-ping-pang-paris-icons-collection-paris2024,T-shirt ICONS | KOREA 🇰🇷 - Édition Limitée,"« ICONS Korea » : T-shirt 100 % Coton. Pour un avenir durable et élégant. Fit classique avec design en sérigraphie face et dos, Fabriqué au Portugal (avec amour)! Cette pièce a été inspirée et soigneusement créée à l’occasion des Jeux Olympiques et Paralympiques de Paris 2024.",http://pingpang.paris/cdn/shop/files/Koreatshirt-1-_-2_800x.jpg?v=1721347283,"<!-- Inspiration -->
<p data-mce-fragment=""1""><meta charset=""utf-8"">La silhouette représente l'énergie dynamique de la Corée dans le tennis de table, initiée par Yoo Nam-Kyu et sa victoire de la médaille d'or olympique lorsque le tennis de table a fait ses débuts dans le plus grand événement sportif du monde en 1988, au cœur de Séoul, et soutenue par la victoire emblématique de Ryu Seung-min à Athènes en 2004. Le design est complété par des symboles évoquant la paix et la pureté, ainsi que la quête des Coréens pour l'équilibre et l'harmonie, incarnée dans l'esprit d'Une Table, Un Monde.<!-- notionvc: ba575859-99ae-48f7-adea-8bf69775de02 --></p>
<!-- split --><!-- Detail  -->
<p data-mce-fragment=""1""><b data-mce-fragment=""1"">« ICONS KOREA » </b><br></p>
<p data-mce-fragment=""1""><i data-mce-fragment=""1""><span data-mce-fragment=""1"" style=""font-weight: 400;"">T-shirt 100 % Coton, Made in Portugal.<br>Doux<span data-mce-fragment=""1""> </span>et<span data-mce-fragment=""1""> r</span>ésistant, pour un avenir durable et élégant.<br></span></i><span data-mce-fragment=""1"" style=""font-weight: 400;""><br></span>. Fit classique unisexe<br><meta charset=""utf-8""><meta charset=""utf-8"">. Sérigraphie face : « Ping Pang Paris » avec cinq raquettes<br>. Sérigraphie dos : ‘Korea’ <meta charset=""UTF-8""><span>célèbre les Jeux Olympiques de Séoul 1988 et met en avant des éléments emblématiques du sport coréen accompagné <meta charset=""UTF-8"">de motifs traditionnels ajoutant une touche culturelle distinctive. <meta charset=""UTF-8"">Les noms des athlètes coréens Yo Nam-Kyu (1988) et Ryu Seung-min (2004), soulignant leurs performances exceptionnelles.</span><span><br></span><br><meta charset=""utf-8""><em><span data-mce-fragment=""1"" style=""font-weight: 400;"">Cette pièce a été inspirée et soigneusement créée à l’occasion des Jeux Olympiques et Paralympiques de Paris 2024. </span></em><br></p>
<!-- split -->
<p> </p>
<!-- Quote 1 -->
<p data-mce-fragment=""1""><meta charset=""UTF-8""><span><i>""Le secret de mon succès est simple : travail, dévouement, et jamais, jamais abandonner.""</i></span><br><span>Ryu Seung-min</span><br></p>
<!-- split -->
<p> </p>
<!-- Title 1 -->","La silhouette représente l'énergie dynamique de la Corée dans le tennis de table, initiée par Yoo Nam-Kyu et sa victoire de la médaille d'or olympique lorsque le tennis de table a fait ses débuts dans le plus grand événement sportif du monde en 1988, au cœur de Séoul, et soutenue par la victoire emblématique de Ryu Seung-min à Athènes en 2004. Le design est complété par des symboles évoquant la paix et la pureté, ainsi que la quête des Coréens pour l'équilibre et l'harmonie, incarnée dans l'esprit d'Une Table, Un Monde. « ICONS KOREA » T-shirt 100 % Coton, Made in Portugal. Doux et r ésistant, pour un avenir durable et élégant. . Fit classique unisexe . Sérigraphie face : « Ping Pang Paris » avec cinq raquettes . Sérigraphie dos : ‘Korea’ célèbre les Jeux Olympiques de Séoul 1988 et met en avant des éléments emblématiques du sport coréen accompagné de motifs traditionnels ajoutant une touche culturelle distinctive. Les noms des athlètes coréens Yo Nam-Kyu (1988) et Ryu Seung-min (2004), soulignant leurs performances exceptionnelles. Cette pièce a été inspirée et soigneusement créée à l’occasion des Jeux Olympiques et Paralympiques de Paris 2024. ""Le secret de mon succès est simple : travail, dévouement, et jamais, jamais abandonner."" Ryu Seung-min",pingpang.paris,T-shirt,Icons Collection,39.0,39.0,,,EUR,true,6,1,6,6,https://cdn.shopify.com/s/files/1/0045/5291/7085/files/Koreatshirt-1-_-2.jpg?v=1721347283,https://cdn.shopify.com/s/files/1/0045/5291/7085/files/Koreatshirt-1-_-2.jpg?v=1721347283 | https://cdn.shopify.com/s/files/1/0045/5291/7085/files/Koreatshirt-1-_-1.jpg?v=1721347284 | https://cdn.shopify.com/s/files/1/0045/5291/7085/files/Koreatshirt-1-_-5.jpg?v=1721347284 | https://cdn.shopify.com/s/files/1/0045/5291/7085/files/Koreatshirt-1-_-15.jpg?v=1721347283 | https://cdn.shopify.com/s/files/1/0045/5291/7085/files/Koreatshirt-1-_-17.jpg?v=1721347283 | https://cdn.shopify.com/s/files/1/0045/5291/7085/files/KoreaMoodboard.jpg?v=1721376599,BLANC CREME,XS | S | M | L | XL | XXL,"[{""id"": 49848694014285, ""sku"": ""TS-ICONS-KR-1"", ""title"": ""BLANC CREME / XS"", ""price"": 39.0, ""compare_at_price"": null, ""available"": true, ""option1"": ""BLANC CREME"", ""option2"": ""XS"", ""option3"": null, ""weight"": 170.0, ""requires_shipping"": true, ""featured_image"": ""https://cdn.shopify.com/s/files/1/0045/5291/7085/files/Koreatshirt-1-_-2.jpg?v=1721347283""}, {""id"": 49848694047053, ""sku"": ""TS-ICONS-KR-2"", ""title"": ""BLANC CREME / S"", ""price"": 39.0, ""compare_at_price"": null, ""available"": true, ""option1"": ""BLANC CREME"", ""option2"": ""S"", ""option3"": null, ""weight"": 170.0, ""requires_shipping"": true, ""featured_image"": ""https://cdn.shopify.com/s/files/1/0045/5291/7085/files/Koreatshirt-1-_-2.jpg?v=1721347283""}, {""id"": 49848694079821, ""sku"": ""TS-ICONS-KR-3"", ""title"": ""BLANC CREME / M"", ""price"": 39.0, ""compare_at_price"": null, ""available"": false, ""option1"": ""BLANC CREME"", ""option2"": ""M"", ""option3"": null, ""weight"": 184.0, ""requires_shipping"": true, ""featured_image"": ""https://cdn.shopify.com/s/files/1/0045/5291/7085/files/Koreatshirt-1-_-2.jpg?v=1721347283""}, {""id"": 49848694112589, ""sku"": ""TS-ICONS-KR-4"", ""title"": ""BLANC CREME / L"", ""price"": 39.0, ""compare_at_price"": null, ""available"": false, ""option1"": ""BLANC CREME"", ""option2"": ""L"", ""option3"": null, ""weight"": 184.0, ""requires_shipping"": true, ""featured_image"": ""https://cdn.shopify.com/s/files/1/0045/5291/7085/files/Koreatshirt-1-_-2.jpg?v=1721347283""}, {""id"": 49848694145357, ""sku"": ""TS-ICONS-KR-5"", ""title"": ""BLANC CREME / XL"", ""price"": 39.0, ""compare_at_price"": null, ""available"": false, ""option1"": ""BLANC CREME"", ""option2"": ""XL"", ""option3"": null, ""weight"": 205.0, ""requires_shipping"": true, ""featured_image"": ""https://cdn.shopify.com/s/files/1/0045/5291/7085/files/Koreatshirt-1-_-2.jpg?v=1721347283""}, {""id"": 49848694178125, ""sku"": ""TS-ICONS-KR-6"", ""title"": ""BLANC CREME / XXL"", ""price"": 39.0, ""compare_at_price"": null, ""available"": false, ""option1"": ""BLANC CREME"", ""option2"": ""XXL"", ""option3"": null, ""weight"": 205.0, ""requires_shipping"": true, ""featured_image"": ""https://cdn.shopify.com/s/files/1/0045/5291/7085/files/Koreatshirt-1-_-2.jpg?v=1721347283""}]",2024-07-18T19:47:15+02:00,2026-05-17T17:37:22+02:00,2024-07-18T19:47:15+02:00,2026-05-17T17:37:35
product,10416472686925,ping-pang-credit,https://pingpang.paris/products/ping-pang-credit,Ping Pang Credit,"Choisissez le pack de crédits qui correspond le mieux à vos besoins et profitez des offres Ping Pang à moindre coût ! Les crédits peuvent être utilisés pour : Réservations de tables Coaching personnalisé Évènements Cours collectifs Rechargez votre compte quand vous le souhaitez, sans abonnement ni contrainte.",http://pingpang.paris/cdn/shop/files/PPC-basic_800x.png?v=1764954363,"<!-- Detail  -->
<p>Choisissez le pack de crédits qui correspond le mieux à vos besoins et profitez des offres Ping Pang à moindre coût !</p>
<p>Les crédits peuvent être utilisés pour :</p>
<ul>
<li>Réservations de tables</li>
<li>Coaching personnalisé</li>
<li>Évènements</li>
<li>Cours collectifs</li>
</ul>
<p>Rechargez votre compte quand vous le souhaitez, sans abonnement ni contrainte.</p>","Choisissez le pack de crédits qui correspond le mieux à vos besoins et profitez des offres Ping Pang à moindre coût ! Les crédits peuvent être utilisés pour : Réservations de tables Coaching personnalisé Évènements Cours collectifs Rechargez votre compte quand vous le souhaitez, sans abonnement ni contrainte.",Ping Pang Paris,Gift Cards,carte cadeau | Icons Collection | Le Club Collection | Xmas Collection,99.0,999.0,,,EUR,true,4,0,0,4,https://cdn.shopify.com/s/files/1/0045/5291/7085/files/PPC-basic.png?v=1764954363,https://cdn.shopify.com/s/files/1/0045/5291/7085/files/PPC-basic.png?v=1764954363 | https://cdn.shopify.com/s/files/1/0045/5291/7085/files/PPC-1etoile.png?v=1764954363 | https://cdn.shopify.com/s/files/1/0045/5291/7085/files/PPC-2etoiles.png?v=1764954363 | https://cdn.shopify.com/s/files/1/0045/5291/7085/files/PPC-3etoiles.png?v=1764954363,,,"[{""id"": 52915139150157, ""sku"": """", ""title"": ""€110"", ""price"": 99.0, ""compare_at_price"": null, ""available"": true, ""option1"": ""€110"", ""option2"": null, ""option3"": null, ""weight"": 0.0, ""requires_shipping"": false, ""featured_image"": null}, {""id"": 52915139182925, ""sku"": """", ""title"": ""€350"", ""price"": 309.0, ""compare_at_price"": null, ""available"": true, ""option1"": ""€350"", ""option2"": null, ""option3"": null, ""weight"": 0.0, ""requires_shipping"": false, ""featured_image"": null}, {""id"": 52915139215693, ""sku"": """", ""title"": ""€700"", ""price"": 599.0, ""compare_at_price"": null, ""available"": true, ""option1"": ""€700"", ""option2"": null, ""option3"": null, ""weight"": 0.0, ""requires_shipping"": false, ""featured_image"": null}, {""id"": 52915312394573, ""sku"": """", ""title"": ""€1200"", ""price"": 999.0, ""compare_at_price"": null, ""available"": true, ""option1"": ""€1200"", ""option2"": null, ""option3"": null, ""weight"": 0.0, ""requires_shipping"": false, ""featured_image"": null}]",2025-12-05T18:18:12+01:00,2026-05-17T17:37:22+02:00,2025-12-05T17:51:49+01:00,2026-05-17T17:37:36
product,9921045725517,polo-i-anmtt-x-play-better,https://pingpang.paris/products/polo-i-anmtt-x-play-better,Polo I ANMTT x PLAY BETTER,"« ANMTT x Play Better » Un polo au croisement du sport et du lifestyle. Pensé pour les passionnés de ping-pong et de style, ce modèle célèbre le partenariat entre le club ANMTT et Ping Pang Paris. Avec son design épuré et intemporel, il incarne l’élégance sportive. Polo Unisexe 100 % Coton . Fit Standart. Print Logo AN",http://pingpang.paris/cdn/shop/files/AMNTTxPPP-1.1_800x.jpg?v=1737034305,"<!-- Inspiration -->
<p><b>« ANMTT x Play Better »</b></p>
<p>Un polo au croisement du sport et du lifestyle. Pensé pour les passionnés de ping-pong et de style, ce modèle célèbre le partenariat entre le club <strong>ANMTT</strong> et <strong>Ping Pang Paris</strong>. Avec son design épuré et intemporel, il incarne l’élégance sportive.<br><!-- split --></p>
<!-- Detail  -->
<p><i><span style=""font-weight: 400;"">Polo Unisexe 100 % Coton<br></span></i></p>
<p>. Fit Standart<br><meta charset=""utf-8"">. Print Logo ANMTT Club et ""Play Better"" sur le devant<br>. Fabriqué au Portugal (avec amour)<br><br><meta charset=""utf-8""><strong>Nos modèles sont unisexes :</strong><br><em><span>Pour les filles</span><span> </span>: <meta charset=""utf-8"">Optez pour une taille en dessous de votre taille habituelle pour un ajustement parfait, ou choisissez votre taille normale pour un look oversize tendance.<br><span>Pour les garçons</span> : Prendre la taille habituelle. </em></p>
<!-- split -->","« ANMTT x Play Better » Un polo au croisement du sport et du lifestyle. Pensé pour les passionnés de ping-pong et de style, ce modèle célèbre le partenariat entre le club ANMTT et Ping Pang Paris . Avec son design épuré et intemporel, il incarne l’élégance sportive. Polo Unisexe 100 % Coton . Fit Standart . Print Logo ANMTT Club et ""Play Better"" sur le devant . Fabriqué au Portugal (avec amour) Nos modèles sont unisexes : Pour les filles : Optez pour une taille en dessous de votre taille habituelle pour un ajustement parfait, ou choisissez votre taille normale pour un look oversize tendance. Pour les garçons : Prendre la taille habituelle.",Ping Pang Paris,T-shirt,Le Club Collection | Xmas Collection,59.0,59.0,,,EUR,true,12,2,6,4,https://cdn.shopify.com/s/files/1/0045/5291/7085/files/AMNTTxPPP-1.1.jpg?v=1737034305,https://cdn.shopify.com/s/files/1/0045/5291/7085/files/AMNTTxPPP-1.1.jpg?v=1737034305 | https://cdn.shopify.com/s/files/1/0045/5291/7085/files/AMNTTxPPP-1.2.jpg?v=1737034304 | https://cdn.shopify.com/s/files/1/0045/5291/7085/files/AMNTTxPPP-2.1.jpg?v=1737034304 | https://cdn.shopify.com/s/files/1/0045/5291/7085/files/AMNTTxPPP-2.2.jpg?v=1737034304,Blanc Creme | Noir,XS | S | M | L | XL | XXL,"[{""id"": 50860065653069, ""sku"": ""PL-ANMTT-BLANC-XS"", ""title"": ""Blanc Creme / XS"", ""price"": 59.0, ""compare_at_price"": null, ""available"": true, ""option1"": ""Blanc Creme"", ""option2"": ""XS"", ""option3"": null, ""weight"": 0.0, ""requires_shipping"": true, ""featured_image"": ""https://cdn.shopify.com/s/files/1/0045/5291/7085/files/AMNTTxPPP-2.1.jpg?v=1737034304""}, {""id"": 50860065685837, ""sku"": ""PL-ANMTT-BLANC-S"", ""title"": ""Blanc Creme / S"", ""price"": 59.0, ""compare_at_price"": null, ""available"": true, ""option1"": ""Blanc Creme"", ""option2"": ""S"", ""option3"": null, ""weight"": 0.0, ""requires_shipping"": true, ""featured_image"": ""https://cdn.shopify.com/s/files/1/0045/5291/7085/files/AMNTTxPPP-2.1.jpg?v=1737034304""}, {""id"": 50860065718605, ""sku"": ""PL-ANMTT-BLANC-M"", ""title"": ""Blanc Creme / M"", ""price"": 59.0, ""compare_at_price"": null, ""available"": false, ""option1"": ""Blanc Creme"", ""option2"": ""M"", ""option3"": null, ""weight"": 0.0, ""requires_shipping"": true, ""featured_image"": ""https://cdn.shopify.com/s/files/1/0045/5291/7085/files/AMNTTxPPP-2.1.jpg?v=1737034304""}, {""id"": 50860065751373, ""sku"": ""PL-ANMTT-BLANC-L"", ""title"": ""Blanc Creme / L"", ""price"": 59.0, ""compare_at_price"": null, ""available"": false, ""option1"": ""Blanc Creme"", ""option2"": ""L"", ""option3"": null, ""weight"": 0.0, ""requires_shipping"": true, ""featured_image"": ""https://cdn.shopify.com/s/files/1/0045/5291/7085/files/AMNTTxPPP-2.1.jpg?v=1737034304""}, {""id"": 50860065784141, ""sku"": ""PL-ANMTT-BLANC-XL"", ""title"": ""Blanc Creme / XL"", ""price"": 59.0, ""compare_at_price"": null, ""available"": false, ""option1"": ""Blanc Creme"", ""option2"": ""XL"", ""option3"": null, ""weight"": 0.0, ""requires_shipping"": true, ""featured_image"": ""https://cdn.shopify.com/s/files/1/0045/5291/7085/files/AMNTTxPPP-2.1.jpg?v=1737034304""}, {""id"": 50860065816909, ""sku"": ""PL-ANMTT-BLANC-XXL"", ""title"": ""Blanc Creme / XXL"", ""price"": 59.0, ""compare_at_price"": null, ""available"": false, ""option1"": ""Blanc Creme"", ""option2"": ""XXL"", ""option3"": null, ""weight"": 0.0, ""requires_shipping"": true, ""featured_image"": ""https://cdn.shopify.com/s/files/1/0045/5291/7085/files/AMNTTxPPP-2.1.jpg?v=1737034304""}, {""id"": 50860105597261, ""sku"": ""PL-ANMTT-NOIR-XS"", ""title"": ""Noir / XS"", ""price"": 59.0, ""compare_at_price"": null, ""available"": false, ""option1"": ""Noir"", ""option2"": ""XS"", ""option3"": null, ""weight"": 0.0, ""requires_shipping"": true, ""featured_image"": ""https://cdn.shopify.com/s/files/1/0045/5291/7085/files/AMNTTxPPP-1.1.jpg?v=1737034305""}, {""id"": 50860105630029, ""sku"": ""PL-ANMTT-NOIR-S"", ""title"": ""Noir / S"", ""price"": 59.0, ""compare_at_price"": null, ""available"": false, ""option1"": ""Noir"", ""option2"": ""S"", ""option3"": null, ""weight"": 0.0, ""requires_shipping"": true, ""featured_image"": ""https://cdn.shopify.com/s/files/1/0045/5291/7085/files/AMNTTxPPP-1.1.jpg?v=1737034305""}, {""id"": 50860105662797, ""sku"": ""PL-ANMTT-NOIR-M"", ""title"": ""Noir / M"", ""price"": 59.0, ""compare_at_price"": null, ""available"": false, ""option1"": ""Noir"", ""option2"": ""M"", ""option3"": null, ""weight"": 400.0, ""requires_shipping"": true, ""featured_image"": ""https://cdn.shopify.com/s/files/1/0045/5291/7085/files/AMNTTxPPP-1.1.jpg?v=1737034305""}, {""id"": 50860105695565, ""sku"": ""PL-ANMTT-NOIR-L"", ""title"": ""Noir / L"", ""price"": 59.0, ""compare_at_price"": null, ""available"": false, ""option1"": ""Noir"", ""option2"": ""L"", ""option3"": null, ""weight"": 0.0, ""requires_shipping"": true, ""featured_image"": ""https://cdn.shopify.com/s/files/1/0045/5291/7085/files/AMNTTxPPP-1.1.jpg?v=1737034305""}, {""id"": 50860105728333, ""sku"": ""PL-ANMTT-NOIR-XL"", ""title"": ""Noir / XL"", ""price"": 59.0, ""compare_at_price"": null, ""available"": false, ""option1"": ""Noir"", ""option2"": ""XL"", ""option3"": null, ""weight"": 0.0, ""requires_shipping"": true, ""featured_image"": ""https://cdn.shopify.com/s/files/1/0045/5291/7085/files/AMNTTxPPP-1.1.jpg?v=1737034305""}, {""id"": 50860105761101, ""sku"": ""PL-ANMTT-NOIR-XXL"", ""title"": ""Noir / XXL"", ""price"": 59.0, ""compare_at_price"": null, ""available"": false, ""option1"": ""Noir"", ""option2"": ""XXL"", ""option3"": null, ""weight"": 0.0, ""requires_shipping"": true, ""featured_image"": ""https://cdn.shopify.com/s/files/1/0045/5291/7085/files/AMNTTxPPP-1.1.jpg?v=1737034305""}]",2025-01-16T16:19:55+01:00,2026-05-17T17:37:22+02:00,2025-01-16T14:21:10+01:00,2026-05-17T17:37:37
product,9664944308557,t-shirt-china-ping-pang-paris-icons-collection-paris2024,https://pingpang.paris/products/t-shirt-china-ping-pang-paris-icons-collection-paris2024,T-shirt ICONS | CHINA 🇨🇳 - Édition Limitée,"« ICONS China » : T-shirt 100 % Coton. Pour un avenir durable et élégant. Fit classique avec design en sérigraphie face et dos, Fabriqué au Portugal (avec amour)! Cette pièce a été inspirée et soigneusement créée à l’occasion des Jeux Olympiques et Paralympiques de Paris 2024.",http://pingpang.paris/cdn/shop/files/Chinatshirt-1-_-4_800x.jpg?v=1721343163,"<!-- Inspiration -->
<p data-mce-fragment=""1"">Les symboles d'une véritable puissance en tennis de table signifient la force, le pouvoir et l'unité du peuple chinois qui a travaillé ensemble pour perfectionner l'art de jouer au tennis de table. Le design célèbre également les stars, les noms des icônes mondiales qui ont laissé une empreinte indélébile, faisant de la Chine la nation la plus performante à avoir jamais honoré les Jeux Olympiques de tennis de table et leur précieuse contribution au sport sur les relations internationales.</p>
<!-- split --><!-- Detail  -->
<p data-mce-fragment=""1""><b data-mce-fragment=""1"">« ICONS CHINA » </b></p>
<p data-mce-fragment=""1""><i data-mce-fragment=""1""><span data-mce-fragment=""1"" style=""font-weight: 400;"">T-shirt 100 % Coton, Made in Portugal.<br>Doux<span data-mce-fragment=""1""> </span>et<span data-mce-fragment=""1""> r</span>ésistant, pour un avenir durable et élégant.<br></span></i><span data-mce-fragment=""1"" style=""font-weight: 400;""><br></span>. Fit classique unisexe</p>
<p data-mce-fragment=""1"">. Sérigraphie face : « Ping Pang Paris » avec cinq raquettes<br>. Sérigraphie dos : ‘China’ <span>célèbre les Jeux Olympiques de Pékin 2008 et met en avant des éléments emblématiques du sport chinois et de la culture, en incluant des motifs traditionnels chinois et des couleurs nationales. On y trouve les noms des athlètes chinois Deng Yaping, Liu Guoliang, Zhang Yining, Ma Lin, Zhang Jike et Ma Long, soulignant leurs performances exceptionnelles.</span><span></span></p>
<p data-mce-fragment=""1""><em><span data-mce-fragment=""1"" style=""font-weight: 400;"">Cette pièce a été inspirée et soigneusement créée à l’occasion des Jeux Olympiques et Paralympiques de Paris 2024. </span></em></p>
<!-- split --><!-- Quote 1 -->
<p data-mce-fragment=""1"">""<span><i>C'est la discipline quotidienne et l'engagement envers le sport qui font un champion.</i></span>""<br>Ma Long</p>
<!-- split -->
<p> </p>
<!-- Title 1 -->","Les symboles d'une véritable puissance en tennis de table signifient la force, le pouvoir et l'unité du peuple chinois qui a travaillé ensemble pour perfectionner l'art de jouer au tennis de table. Le design célèbre également les stars, les noms des icônes mondiales qui ont laissé une empreinte indélébile, faisant de la Chine la nation la plus performante à avoir jamais honoré les Jeux Olympiques de tennis de table et leur précieuse contribution au sport sur les relations internationales. « ICONS CHINA » T-shirt 100 % Coton, Made in Portugal. Doux et r ésistant, pour un avenir durable et élégant. . Fit classique unisexe . Sérigraphie face : « Ping Pang Paris » avec cinq raquettes . Sérigraphie dos : ‘China’ célèbre les Jeux Olympiques de Pékin 2008 et met en avant des éléments emblématiques du sport chinois et de la culture, en incluant des motifs traditionnels chinois et des couleurs nationales. On y trouve les noms des athlètes chinois Deng Yaping, Liu Guoliang, Zhang Yining, Ma Lin, Zhang Jike et Ma Long, soulignant leurs performances exceptionnelles. Cette pièce a été inspirée et soigneusement créée à l’occasion des Jeux Olympiques et Paralympiques de Paris 2024. "" C'est la discipline quotidienne et l'engagement envers le sport qui font un champion. "" Ma Long",pingpang.paris,T-shirt,Icons Collection,39.0,39.0,,,EUR,true,6,1,6,6,https://cdn.shopify.com/s/files/1/0045/5291/7085/files/Chinatshirt-1-_-4.jpg?v=1721343163,https://cdn.shopify.com/s/files/1/0045/5291/7085/files/Chinatshirt-1-_-4.jpg?v=1721343163 | https://cdn.shopify.com/s/files/1/0045/5291/7085/files/Chinatshirt-1-_-5.jpg?v=1721343162 | https://cdn.shopify.com/s/files/1/0045/5291/7085/files/ChinatshirtF-1-_-4.jpg?v=1721343163 | https://cdn.shopify.com/s/files/1/0045/5291/7085/files/ChinatshirtF-1-_-6.jpg?v=1721343162 | https://cdn.shopify.com/s/files/1/0045/5291/7085/files/ChinatshirtF-1-_-2.jpg?v=1721343164 | https://cdn.shopify.com/s/files/1/0045/5291/7085/files/ChinaMoodboard.jpg?v=1721343174,BLANC CREME,XS | S | M | L | XL | XXL,"[{""id"": 49848693358925, ""sku"": ""TS-ICONS-CN-1"", ""title"": ""BLANC CREME / XS"", ""price"": 39.0, ""compare_at_price"": null, ""available"": false, ""option1"": ""BLANC CREME"", ""option2"": ""XS"", ""option3"": null, ""weight"": 170.0, ""requires_shipping"": true, ""featured_image"": ""https://cdn.shopify.com/s/files/1/0045/5291/7085/files/Chinatshirt-1-_-4.jpg?v=1721343163""}, {""id"": 49848693391693, ""sku"": ""TS-ICONS-CN-2"", ""title"": ""BLANC CREME / S"", ""price"": 39.0, ""compare_at_price"": null, ""available"": true, ""option1"": ""BLANC CREME"", ""option2"": ""S"", ""option3"": null, ""weight"": 170.0, ""requires_shipping"": true, ""featured_image"": ""https://cdn.shopify.com/s/files/1/0045/5291/7085/files/Chinatshirt-1-_-4.jpg?v=1721343163""}, {""id"": 49848693424461, ""sku"": ""TS-ICONS-CN-3"", ""title"": ""BLANC CREME / M"", ""price"": 39.0, ""compare_at_price"": null, ""available"": false, ""option1"": ""BLANC CREME"", ""option2"": ""M"", ""option3"": null, ""weight"": 184.0, ""requires_shipping"": true, ""featured_image"": ""https://cdn.shopify.com/s/files/1/0045/5291/7085/files/Chinatshirt-1-_-4.jpg?v=1721343163""}, {""id"": 49848693457229, ""sku"": ""TS-ICONS-CN-4"", ""title"": ""BLANC CREME / L"", ""price"": 39.0, ""compare_at_price"": null, ""available"": true, ""option1"": ""BLANC CREME"", ""option2"": ""L"", ""option3"": null, ""weight"": 184.0, ""requires_shipping"": true, ""featured_image"": ""https://cdn.shopify.com/s/files/1/0045/5291/7085/files/Chinatshirt-1-_-4.jpg?v=1721343163""}, {""id"": 49848693489997, ""sku"": ""TS-ICONS-CN-5"", ""title"": ""BLANC CREME / XL"", ""price"": 39.0, ""compare_at_price"": null, ""available"": true, ""option1"": ""BLANC CREME"", ""option2"": ""XL"", ""option3"": null, ""weight"": 205.0, ""requires_shipping"": true, ""featured_image"": ""https://cdn.shopify.com/s/files/1/0045/5291/7085/files/Chinatshirt-1-_-4.jpg?v=1721343163""}, {""id"": 49848693522765, ""sku"": ""TS-ICONS-CN-6"", ""title"": ""BLANC CREME / XXL"", ""price"": 39.0, ""compare_at_price"": null, ""available"": false, ""option1"": ""BLANC CREME"", ""option2"": ""XXL"", ""option3"": null, ""weight"": 205.0, ""requires_shipping"": true, ""featured_image"": ""https://cdn.shopify.com/s/files/1/0045/5291/7085/files/Chinatshirt-1-_-4.jpg?v=1721343163""}]",2024-07-18T19:47:12+02:00,2026-05-17T17:37:22+02:00,2024-07-18T19:47:12+02:00,2026-05-17T17:37:38
product,9664944472397,t-shirt-germany-ping-pang-paris-icons-collection-paris2024,https://pingpang.paris/products/t-shirt-germany-ping-pang-paris-icons-collection-paris2024,T-shirt ICONS | GERMANY 🇩🇪 - Édition Limitée,"« ICONS Germany » : T-shirt 100 % Coton. Pour un avenir durable et élégant. Fit classique avec design en sérigraphie face et dos, Fabriqué au Portugal (avec amour)! Cette pièce a été inspirée et soigneusement créée à l’occasion des Jeux Olympiques et Paralympiques de Paris 2024.",http://pingpang.paris/cdn/shop/files/Germanytshirt-1-_-4_800x.jpg?v=1721341068,"<!-- Inspiration -->
<p data-mce-fragment=""1""><meta charset=""utf-8"">Les courbes peignent un décor stellaire pour illustrer le parcours de Timo Boll, qui, malgré les revers et les embûches, continue de revenir plus fort pour s'imposer comme le meilleur joueur de tennis de table allemand de son temps. Les formes rondes représentent la légendaire victoire olympique en argent de Jörg Roßkopf à Barcelone en 1992 et la médaille de bronze olympique à Atlanta en 1996. Les couleurs qui représentent le drapeau allemand sont dédiées à Dimitrij Ovtcharov, l'athlète olympique masculin le plus emblématique et récompensé, qui a apporté gloire à l'Allemagne avec un total inégalé de 6 médailles olympiques.</p>
<!-- split --><!-- Detail  -->
<p data-mce-fragment=""1""><b data-mce-fragment=""1"">« ICONS GERMANY » </b><br></p>
<p data-mce-fragment=""1""><i data-mce-fragment=""1""><span style=""font-weight: 400;"" data-mce-fragment=""1"">T-shirt 100 % Coton, Made in Portugal.<br>Doux<span data-mce-fragment=""1""> </span>et<span data-mce-fragment=""1""> r</span>ésistant, pour un avenir durable et élégant.<br></span></i><span style=""font-weight: 400;"" data-mce-fragment=""1""><br></span>. Fit classique unisexe<br><meta charset=""utf-8""><meta charset=""utf-8"">. Sérigraphie face : <meta charset=""utf-8"">‘Germany’ Aux couleurs du drapeau allemand, on distingue des m<span>otifs géométriques et silhouettes d'athlètes en action, capturant l'essence de la culture allemande <meta charset=""UTF-8"">tout en rendant hommage à l'héritage sportif avec les athlètes suivant : <meta charset=""UTF-8"">Timo Boll, Jörg Roßkopf et Dimitrij Ovtcharov</span><br>. Sérigraphie dos : <meta charset=""utf-8"">« Ping Pang Paris » avec cinq raquettes<span><br></span><br><meta charset=""utf-8""><em><span style=""font-weight: 400;"" data-mce-fragment=""1"">Cette pièce a été inspirée et soigneusement créée à l’occasion des Jeux Olympiques et Paralympiques de Paris 2024. </span></em><br></p>
<!-- split -->
<p> </p>
<!-- Quote 1 -->
<p data-mce-fragment=""1""><em>""<i>La force mentale est aussi importante que les capacités physiques.""</i></em><br>Timo Boll</p>
<!-- split -->
<p> </p>
<!-- Title 1 -->","Les courbes peignent un décor stellaire pour illustrer le parcours de Timo Boll, qui, malgré les revers et les embûches, continue de revenir plus fort pour s'imposer comme le meilleur joueur de tennis de table allemand de son temps. Les formes rondes représentent la légendaire victoire olympique en argent de Jörg Roßkopf à Barcelone en 1992 et la médaille de bronze olympique à Atlanta en 1996. Les couleurs qui représentent le drapeau allemand sont dédiées à Dimitrij Ovtcharov, l'athlète olympique masculin le plus emblématique et récompensé, qui a apporté gloire à l'Allemagne avec un total inégalé de 6 médailles olympiques. « ICONS GERMANY » T-shirt 100 % Coton, Made in Portugal. Doux et r ésistant, pour un avenir durable et élégant. . Fit classique unisexe . Sérigraphie face : ‘Germany’ Aux couleurs du drapeau allemand, on distingue des m otifs géométriques et silhouettes d'athlètes en action, capturant l'essence de la culture allemande tout en rendant hommage à l'héritage sportif avec les athlètes suivant : Timo Boll, Jörg Roßkopf et Dimitrij Ovtcharov . Sérigraphie dos : « Ping Pang Paris » avec cinq raquettes Cette pièce a été inspirée et soigneusement créée à l’occasion des Jeux Olympiques et Paralympiques de Paris 2024. "" La force mentale est aussi importante que les capacités physiques."" Timo Boll",pingpang.paris,T-shirt,Icons Collection,39.0,39.0,,,EUR,true,6,1,6,5,https://cdn.shopify.com/s/files/1/0045/5291/7085/files/Germanytshirt-1-_-4.jpg?v=1721341068,https://cdn.shopify.com/s/files/1/0045/5291/7085/files/Germanytshirt-1-_-4.jpg?v=1721341068 | https://cdn.shopify.com/s/files/1/0045/5291/7085/files/Germanytshirt-1-_-7.jpg?v=1721341069 | https://cdn.shopify.com/s/files/1/0045/5291/7085/files/GermanyTshirth-1-_-6.jpg?v=1721341068 | https://cdn.shopify.com/s/files/1/0045/5291/7085/files/GermanyTshirth-1-_-5.jpg?v=1721341068 | https://cdn.shopify.com/s/files/1/0045/5291/7085/files/GermanyMoodboard.jpg?v=1721341340,BLANC CREME,XS | S | M | L | XL | XXL,"[{""id"": 49848694309197, ""sku"": ""TS-ICONS-GER-1"", ""title"": ""BLANC CREME / XS"", ""price"": 39.0, ""compare_at_price"": null, ""available"": true, ""option1"": ""BLANC CREME"", ""option2"": ""XS"", ""option3"": null, ""weight"": 170.0, ""requires_shipping"": true, ""featured_image"": ""https://cdn.shopify.com/s/files/1/0045/5291/7085/files/Germanytshirt-1-_-4.jpg?v=1721341068""}, {""id"": 49848694374733, ""sku"": ""TS-ICONS-GER-2"", ""title"": ""BLANC CREME / S"", ""price"": 39.0, ""compare_at_price"": null, ""available"": true, ""option1"": ""BLANC CREME"", ""option2"": ""S"", ""option3"": null, ""weight"": 170.0, ""requires_shipping"": true, ""featured_image"": ""https://cdn.shopify.com/s/files/1/0045/5291/7085/files/Germanytshirt-1-_-4.jpg?v=1721341068""}, {""id"": 49848694407501, ""sku"": ""TS-ICONS-GER-3"", ""title"": ""BLANC CREME / M"", ""price"": 39.0, ""compare_at_price"": null, ""available"": true, ""option1"": ""BLANC CREME"", ""option2"": ""M"", ""option3"": null, ""weight"": 184.0, ""requires_shipping"": true, ""featured_image"": ""https://cdn.shopify.com/s/files/1/0045/5291/7085/files/Germanytshirt-1-_-4.jpg?v=1721341068""}, {""id"": 49848694440269, ""sku"": ""TS-ICONS-GER-4"", ""title"": ""BLANC CREME / L"", ""price"": 39.0, ""compare_at_price"": null, ""available"": true, ""option1"": ""BLANC CREME"", ""option2"": ""L"", ""option3"": null, ""weight"": 184.0, ""requires_shipping"": true, ""featured_image"": ""https://cdn.shopify.com/s/files/1/0045/5291/7085/files/Germanytshirt-1-_-4.jpg?v=1721341068""}, {""id"": 49848694473037, ""sku"": ""TS-ICONS-GER-5"", ""title"": ""BLANC CREME / XL"", ""price"": 39.0, ""compare_at_price"": null, ""available"": true, ""option1"": ""BLANC CREME"", ""option2"": ""XL"", ""option3"": null, ""weight"": 205.0, ""requires_shipping"": true, ""featured_image"": ""https://cdn.shopify.com/s/files/1/0045/5291/7085/files/Germanytshirt-1-_-4.jpg?v=1721341068""}, {""id"": 49848694505805, ""sku"": ""TS-ICONS-GER-6"", ""title"": ""BLANC CREME / XXL"", ""price"": 39.0, ""compare_at_price"": null, ""available"": true, ""option1"": ""BLANC CREME"", ""option2"": ""XXL"", ""option3"": null, ""weight"": 205.0, ""requires_shipping"": true, ""featured_image"": ""https://cdn.shopify.com/s/files/1/0045/5291/7085/files/Germanytshirt-1-_-4.jpg?v=1721341068""}]",2024-07-18T19:47:17+02:00,2026-05-17T17:37:22+02:00,2024-07-18T19:47:17+02:00,2026-05-17T17:37:39
product,9664944570701,t-shirt-usa-ping-pang-paris-icons-collection-paris2024,https://pingpang.paris/products/t-shirt-usa-ping-pang-paris-icons-collection-paris2024,T-shirt ICONS | USA 🇺🇸 - Édition Limitée,"« ICONS USA » : T-shirt 100 % Coton. Pour un avenir durable et élégant. Fit classique avec design en sérigraphie face et dos, Fabriqué au Portugal (avec amour)! Cette pièce a été inspirée et soigneusement créée à l’occasion des Jeux Olympiques et Paralympiques de Paris 2024.",http://pingpang.paris/cdn/shop/files/USAtshirtF-1-_-7_800x.jpg?v=1721376466,"<!-- Inspiration -->
<p data-mce-fragment=""1""><meta charset=""utf-8"">Symbole de fierté, de liberté et de gloire, la toile puise son génie créatif dans la passion du peuple américain pour le tennis de table, un sport en pleine expansion qui continue de renforcer et d'autonomiser la prochaine génération d'athlètes et d'icônes à travers les 50 États, ancré dans la diplomatie du Ping Pong, et la poursuite incessante de l'excellence des États-Unis, qui ont accueilli les Jeux Olympiques depuis 1902 jusqu'à la saison très attendue de Los Angeles en 2028.<!-- notionvc: 29eb61ba-7ec0-4e6e-90eb-4330d8f8b6c7 --></p>
<!-- split --><!-- Detail  -->
<p data-mce-fragment=""1""><b data-mce-fragment=""1"">« ICONS USA » </b><br></p>
<p data-mce-fragment=""1""><i data-mce-fragment=""1""><span data-mce-fragment=""1"" style=""font-weight: 400;"">T-shirt 100 % Coton, Made in Portugal.<br>Doux<span data-mce-fragment=""1""> </span>et<span data-mce-fragment=""1""> r</span>ésistant, pour un avenir durable et élégant.<br></span></i><span data-mce-fragment=""1"" style=""font-weight: 400;""><br></span>. Fit classique unisexe<br><meta charset=""utf-8"">. Sérigraphie face : ‘USA’ <meta charset=""UTF-8""><span>mettant en avant la riche histoire olympique des États-Unis. <meta charset=""UTF-8"">Hommage des années et villes olympiques clés : Saint Louis 1902, Los Angeles 1932, Los Angeles 1984, Atlanta 1996, Los Angeles 2028, avec le drapeau américain au centre, entouré de motifs géométriques modernes.</span><br><meta charset=""utf-8""><meta charset=""utf-8"">. Sérigraphie dos : « Ping Pang Paris » avec cinq raquettes<br><br><meta charset=""utf-8""><em><span data-mce-fragment=""1"" style=""font-weight: 400;"">Cette pièce a été inspirée et soigneusement créée à l’occasion des Jeux Olympiques et Paralympiques de Paris 2024. </span></em><br></p>
<!-- split -->
<p> </p>
<!-- Quote 1 -->
<p data-mce-fragment=""1""><meta charset=""utf-8""><em><i>""La clé pour réussir dans n'importe quel sport, c'est la persévérance. Toujours continuer à pousser, même quand c'est difficile.""</i></em><br><meta charset=""utf-8"">Lily Zhang<br></p>
<!-- split -->
<p> </p>
<!-- Title 1 -->
<p data-mce-fragment=""1"">dsaddw</p>","Symbole de fierté, de liberté et de gloire, la toile puise son génie créatif dans la passion du peuple américain pour le tennis de table, un sport en pleine expansion qui continue de renforcer et d'autonomiser la prochaine génération d'athlètes et d'icônes à travers les 50 États, ancré dans la diplomatie du Ping Pong, et la poursuite incessante de l'excellence des États-Unis, qui ont accueilli les Jeux Olympiques depuis 1902 jusqu'à la saison très attendue de Los Angeles en 2028. « ICONS USA » T-shirt 100 % Coton, Made in Portugal. Doux et r ésistant, pour un avenir durable et élégant. . Fit classique unisexe . Sérigraphie face : ‘USA’ mettant en avant la riche histoire olympique des États-Unis. Hommage des années et villes olympiques clés : Saint Louis 1902, Los Angeles 1932, Los Angeles 1984, Atlanta 1996, Los Angeles 2028, avec le drapeau américain au centre, entouré de motifs géométriques modernes. . Sérigraphie dos : « Ping Pang Paris » avec cinq raquettes Cette pièce a été inspirée et soigneusement créée à l’occasion des Jeux Olympiques et Paralympiques de Paris 2024. ""La clé pour réussir dans n'importe quel sport, c'est la persévérance. Toujours continuer à pousser, même quand c'est difficile."" Lily Zhang dsaddw",pingpang.paris,T-shirt,Icons Collection,39.0,39.0,,,EUR,true,6,1,6,6,https://cdn.shopify.com/s/files/1/0045/5291/7085/files/USAtshirtF-1-_-7.jpg?v=1721376466,https://cdn.shopify.com/s/files/1/0045/5291/7085/files/USAtshirtF-1-_-7.jpg?v=1721376466 | https://cdn.shopify.com/s/files/1/0045/5291/7085/files/USAtshirtF-1-_-2.jpg?v=1721376466 | https://cdn.shopify.com/s/files/1/0045/5291/7085/files/USAtshirtF-1-_-12.jpg?v=1721376466 | https://cdn.shopify.com/s/files/1/0045/5291/7085/files/USAtshirtH-1-_-3.jpg?v=1721376466 | https://cdn.shopify.com/s/files/1/0045/5291/7085/files/USAtshirtH-1-_-7.jpg?v=1721376466 | https://cdn.shopify.com/s/files/1/0045/5291/7085/files/USAMoodboard.jpg?v=1721376480,BLANC CREME,XS | S | M | L | XL | XXL,"[{""id"": 49848694899021, ""sku"": ""TS-ICONS-USA-1"", ""title"": ""BLANC CREME / XS"", ""price"": 39.0, ""compare_at_price"": null, ""available"": true, ""option1"": ""BLANC CREME"", ""option2"": ""XS"", ""option3"": null, ""weight"": 170.0, ""requires_shipping"": true, ""featured_image"": ""https://cdn.shopify.com/s/files/1/0045/5291/7085/files/USAtshirtF-1-_-7.jpg?v=1721376466""}, {""id"": 49848694931789, ""sku"": ""TS-ICONS-USA-2"", ""title"": ""BLANC CREME / S"", ""price"": 39.0, ""compare_at_price"": null, ""available"": true, ""option1"": ""BLANC CREME"", ""option2"": ""S"", ""option3"": null, ""weight"": 170.0, ""requires_shipping"": true, ""featured_image"": ""https://cdn.shopify.com/s/files/1/0045/5291/7085/files/USAtshirtF-1-_-7.jpg?v=1721376466""}, {""id"": 49848694964557, ""sku"": ""TS-ICONS-USA-3"", ""title"": ""BLANC CREME / M"", ""price"": 39.0, ""compare_at_price"": null, ""available"": true, ""option1"": ""BLANC CREME"", ""option2"": ""M"", ""option3"": null, ""weight"": 184.0, ""requires_shipping"": true, ""featured_image"": ""https://cdn.shopify.com/s/files/1/0045/5291/7085/files/USAtshirtF-1-_-7.jpg?v=1721376466""}, {""id"": 49848694997325, ""sku"": ""TS-ICONS-USA-4"", ""title"": ""BLANC CREME / L"", ""price"": 39.0, ""compare_at_price"": null, ""available"": true, ""option1"": ""BLANC CREME"", ""option2"": ""L"", ""option3"": null, ""weight"": 184.0, ""requires_shipping"": true, ""featured_image"": ""https://cdn.shopify.com/s/files/1/0045/5291/7085/files/USAtshirtF-1-_-7.jpg?v=1721376466""}, {""id"": 49848695030093, ""sku"": ""TS-ICONS-USA-5"", ""title"": ""BLANC CREME / XL"", ""price"": 39.0, ""compare_at_price"": null, ""available"": true, ""option1"": ""BLANC CREME"", ""option2"": ""XL"", ""option3"": null, ""weight"": 205.0, ""requires_shipping"": true, ""featured_image"": ""https://cdn.shopify.com/s/files/1/0045/5291/7085/files/USAtshirtF-1-_-7.jpg?v=1721376466""}, {""id"": 49848695062861, ""sku"": ""TS-ICONS-USA-6"", ""title"": ""BLANC CREME / XXL"", ""price"": 39.0, ""compare_at_price"": null, ""available"": true, ""option1"": ""BLANC CREME"", ""option2"": ""XXL"", ""option3"": null, ""weight"": 205.0, ""requires_shipping"": true, ""featured_image"": ""https://cdn.shopify.com/s/files/1/0045/5291/7085/files/USAtshirtF-1-_-7.jpg?v=1721376466""}]",2024-07-18T19:47:21+02:00,2026-05-17T17:37:22+02:00,2024-07-18T19:47:21+02:00,2026-05-17T17:37:40
product,9884193816909,t-shirt-i-sunday-breakfast,https://pingpang.paris/products/t-shirt-i-sunday-breakfast,T-shirt I Sunday Breakfast,"« Sunday Breakfast » :  Tee-shirt 100 % Coton Organique, Doux et Résistant Pour un avenir durable et élégant. Cette pièce a été inspirée et soigneusement créée dans le but de vous proposer une expérience à la hauteur du club. . Fit classique . Print ""Sunday Breakfast"" face/dos en vert sapin. Broderie ""raquette"" au nive",http://pingpang.paris/cdn/shop/files/SB-1_800x.jpg?v=1734567383,"<p><b>« Sunday Breakfast » : </b></p>
<p><i><span style=""font-weight: 400;"">Tee-shirt 100 % Coton Organique, <strong>Doux et Résistant</strong> <br>Pour un avenir durable et élégant.</span></i></p>
<p><span style=""font-weight: 400;"">Cette pièce a été inspirée et soigneusement créée dans le but de vous proposer une expérience à la hauteur du club. <br><br></span>. Fit classique <br><meta charset=""utf-8"">. Print ""Sunday Breakfast"" face/dos <meta charset=""utf-8"">en vert sapin<br>. Broderie ""raquette"" au niveau du coeur <br>. Broderie P3 ton sur ton sous encolure dos<br>. Fabriqué au Portugal (avec amour)<br>. Certifié GOTS<br><br><meta charset=""utf-8""><strong>Nos modèles sont unisexes :</strong><br><em><span>Pour les filles</span><span> </span>: prendre la taille en dessous de votre taille habituelle ou préférez un style oversize en gardant la même.<span> </span><br><span>Pour les garçons</span> : prendre la taille habituelle. </em></p>","« Sunday Breakfast » : Tee-shirt 100 % Coton Organique, Doux et Résistant Pour un avenir durable et élégant. Cette pièce a été inspirée et soigneusement créée dans le but de vous proposer une expérience à la hauteur du club. . Fit classique . Print ""Sunday Breakfast"" face/dos en vert sapin . Broderie ""raquette"" au niveau du coeur . Broderie P3 ton sur ton sous encolure dos . Fabriqué au Portugal (avec amour) . Certifié GOTS Nos modèles sont unisexes : Pour les filles : prendre la taille en dessous de votre taille habituelle ou préférez un style oversize en gardant la même. Pour les garçons : prendre la taille habituelle.",Ping Pang Paris,T-shirt,Xmas Collection,50.0,50.0,,,EUR,true,6,1,6,4,https://cdn.shopify.com/s/files/1/0045/5291/7085/files/SB-1.jpg?v=1734567383,https://cdn.shopify.com/s/files/1/0045/5291/7085/files/SB-1.jpg?v=1734567383 | https://cdn.shopify.com/s/files/1/0045/5291/7085/files/SB-2.1.jpg?v=1734567383 | https://cdn.shopify.com/s/files/1/0045/5291/7085/files/SB-3.1.jpg?v=1734564651 | https://cdn.shopify.com/s/files/1/0045/5291/7085/files/SB-4.1.jpg?v=1734564651,Blanc Creme,XS | S | M | L | XL | XXL,"[{""id"": 50729945137485, ""sku"": ""SB-XS-BLANC"", ""title"": ""XS / Blanc Creme"", ""price"": 50.0, ""compare_at_price"": null, ""available"": true, ""option1"": ""XS"", ""option2"": ""Blanc Creme"", ""option3"": null, ""weight"": 0.0, ""requires_shipping"": true, ""featured_image"": ""https://cdn.shopify.com/s/files/1/0045/5291/7085/files/SB-4.1.jpg?v=1734564651""}, {""id"": 50729945170253, ""sku"": ""SB-S-BLANC"", ""title"": ""S / Blanc Creme"", ""price"": 50.0, ""compare_at_price"": null, ""available"": true, ""option1"": ""S"", ""option2"": ""Blanc Creme"", ""option3"": null, ""weight"": 0.0, ""requires_shipping"": true, ""featured_image"": ""https://cdn.shopify.com/s/files/1/0045/5291/7085/files/SB-4.1.jpg?v=1734564651""}, {""id"": 50729945203021, ""sku"": ""SB-M-BLANC"", ""title"": ""M / Blanc Creme"", ""price"": 50.0, ""compare_at_price"": null, ""available"": true, ""option1"": ""M"", ""option2"": ""Blanc Creme"", ""option3"": null, ""weight"": 0.0, ""requires_shipping"": true, ""featured_image"": ""https://cdn.shopify.com/s/files/1/0045/5291/7085/files/SB-4.1.jpg?v=1734564651""}, {""id"": 50729945235789, ""sku"": ""SB-L-BLANC"", ""title"": ""L / Blanc Creme"", ""price"": 50.0, ""compare_at_price"": null, ""available"": true, ""option1"": ""L"", ""option2"": ""Blanc Creme"", ""option3"": null, ""weight"": 0.0, ""requires_shipping"": true, ""featured_image"": ""https://cdn.shopify.com/s/files/1/0045/5291/7085/files/SB-4.1.jpg?v=1734564651""}, {""id"": 50729945268557, ""sku"": ""SB-XL-BLANC"", ""title"": ""XL / Blanc Creme"", ""price"": 50.0, ""compare_at_price"": null, ""available"": false, ""option1"": ""XL"", ""option2"": ""Blanc Creme"", ""option3"": null, ""weight"": 0.0, ""requires_shipping"": true, ""featured_image"": ""https://cdn.shopify.com/s/files/1/0045/5291/7085/files/SB-4.1.jpg?v=1734564651""}, {""id"": 50729945301325, ""sku"": ""SB-XXL-BLANC"", ""title"": ""XXL / Blanc Creme"", ""price"": 50.0, ""compare_at_price"": null, ""available"": true, ""option1"": ""XXL"", ""option2"": ""Blanc Creme"", ""option3"": null, ""weight"": 0.0, ""requires_shipping"": true, ""featured_image"": ""https://cdn.shopify.com/s/files/1/0045/5291/7085/files/SB-4.1.jpg?v=1734564651""}]",2024-12-19T00:50:27+01:00,2026-05-17T17:37:22+02:00,2024-12-19T00:28:05+01:00,2026-05-17T17:37:41
product,7071552962743,t-shirt-creativite-ping-pang-when-sport-meets-art-flocage,https://pingpang.paris/products/t-shirt-creativite-ping-pang-when-sport-meets-art-flocage,T-shirt I CRÉATIVITÉ,"RÈGLE N°8 : | Cultive ta créativité | La créativité relève d’une approche différente, d’un orgueil positif qui nous pousse à penser différemment.",http://pingpang.paris/cdn/shop/products/PPP21_83_800x.jpg?v=1639276443,"<meta charset=""utf-8"">
<p data-mce-fragment=""1""><b data-mce-fragment=""1"">« CRÉATIVITÉ » : when sport meets art </b></p>
<p data-mce-fragment=""1""><i data-mce-fragment=""1""><span style=""font-weight: 400;"" data-mce-fragment=""1"" data-mce-style=""font-weight: 400;"">Tee-shirt 100 % Coton Organique, <strong>﻿<meta charset=""utf-8"">Doux<span data-mce-fragment=""1""> </span>et<span data-mce-fragment=""1""> </span>Résistant<br></strong>Pour un avenir durable et élégant.</span></i></p>
<p data-mce-fragment=""1""><span style=""font-weight: 400;"" data-mce-fragment=""1"" data-mce-style=""font-weight: 400;"">Cette pièce a été inspirée et soigneusement créée dans le but de vous proposer une expérience à la hauteur du club. <br data-mce-fragment=""1""><br data-mce-fragment=""1""></span>. Fit classique <meta charset=""utf-8""><span data-mce-fragment=""1"">(the model wears L and he is 1.80m)</span><br data-mce-fragment=""1"">. Flocage cercle ""ping pang - when sport meets art"" au niveau du coeur <br data-mce-fragment=""1"">. Broderie P3 ton sur ton sous encolure dos<br data-mce-fragment=""1"">. Fabriqué au Portugal (avec amour)<br data-mce-fragment=""1"">. Certifié GOTS<br data-mce-fragment=""1""><br data-mce-fragment=""1""><meta charset=""utf-8""><strong data-mce-fragment=""1"">Nos modèles sont unisexes :</strong><br data-mce-fragment=""1""><em data-mce-fragment=""1""><span data-mce-fragment=""1"">Pour les filles</span><span data-mce-fragment=""1""> </span>: prendre la taille en dessous de votre taille habituelle ou préférez un style oversize en gardant la même.<span data-mce-fragment=""1""> </span><br data-mce-fragment=""1""><span data-mce-fragment=""1"">Pour les garçons</span> : prendre la taille habituelle. </em></p>","« CRÉATIVITÉ » : when sport meets art Tee-shirt 100 % Coton Organique, ﻿ Doux et Résistant Pour un avenir durable et élégant. Cette pièce a été inspirée et soigneusement créée dans le but de vous proposer une expérience à la hauteur du club. . Fit classique (the model wears L and he is 1.80m) . Flocage cercle ""ping pang - when sport meets art"" au niveau du coeur . Broderie P3 ton sur ton sous encolure dos . Fabriqué au Portugal (avec amour) . Certifié GOTS Nos modèles sont unisexes : Pour les filles : prendre la taille en dessous de votre taille habituelle ou préférez un style oversize en gardant la même. Pour les garçons : prendre la taille habituelle.",Ping Pang Paris,T-shirt,Le Club Collection,50.0,50.0,,,EUR,true,18,3,6,19,https://cdn.shopify.com/s/files/1/0045/5291/7085/products/PPP21_83.jpg?v=1639276443,https://cdn.shopify.com/s/files/1/0045/5291/7085/products/PPP21_83.jpg?v=1639276443 | https://cdn.shopify.com/s/files/1/0045/5291/7085/products/PPP21_167.jpg?v=1639276443 | https://cdn.shopify.com/s/files/1/0045/5291/7085/products/PPP21_71.jpg?v=1639276443 | https://cdn.shopify.com/s/files/1/0045/5291/7085/products/PPP21_72.jpg?v=1639276440 | https://cdn.shopify.com/s/files/1/0045/5291/7085/products/PPP21_13.jpg?v=1639276440 | https://cdn.shopify.com/s/files/1/0045/5291/7085/products/PPP21_75.jpg?v=1639276440 | https://cdn.shopify.com/s/files/1/0045/5291/7085/products/PPP21_163.jpg?v=1639276440 | https://cdn.shopify.com/s/files/1/0045/5291/7085/products/PPP21_164.jpg?v=1639276440 | https://cdn.shopify.com/s/files/1/0045/5291/7085/products/PPP21_166.jpg?v=1639276440 | https://cdn.shopify.com/s/files/1/0045/5291/7085/products/PPP21_100.jpg?v=1639276440 | https://cdn.shopify.com/s/files/1/0045/5291/7085/products/PPP21_96.jpg?v=1639276440 | https://cdn.shopify.com/s/files/1/0045/5291/7085/products/PPP21_97.jpg?v=1639276440 | https://cdn.shopify.com/s/files/1/0045/5291/7085/products/PPP21_98.jpg?v=1639276440 | https://cdn.shopify.com/s/files/1/0045/5291/7085/products/PPP21_84.jpg?v=1637774650 | https://cdn.shopify.com/s/files/1/0045/5291/7085/products/PPP21_85.jpg?v=1637774650 | https://cdn.shopify.com/s/files/1/0045/5291/7085/products/PPP21_130.jpg?v=1637774652 | https://cdn.shopify.com/s/files/1/0045/5291/7085/products/PPP21_132.jpg?v=1637774651 | https://cdn.shopify.com/s/files/1/0045/5291/7085/products/PPP21_133.jpg?v=1637774650 | https://cdn.shopify.com/s/files/1/0045/5291/7085/products/PPP21_134.jpg?v=1637774648,Crème | Bleu Glacier | Nude Powder,XS | S | M | L | XL | XXL,"[{""id"": 40982107029687, ""sku"": ""TS-CŒUR-003-XS"", ""title"": ""XS / Crème"", ""price"": 50.0, ""compare_at_price"": null, ""available"": true, ""option1"": ""XS"", ""option2"": ""Crème"", ""option3"": null, ""weight"": 0.0, ""requires_shipping"": true, ""featured_image"": ""https://cdn.shopify.com/s/files/1/0045/5291/7085/products/PPP21_83.jpg?v=1639276443""}, {""id"": 40982107062455, ""sku"": ""TS-CŒUR-003-XS"", ""title"": ""XS / Bleu Glacier"", ""price"": 50.0, ""compare_at_price"": null, ""available"": true, ""option1"": ""XS"", ""option2"": ""Bleu Glacier"", ""option3"": null, ""weight"": 0.0, ""requires_shipping"": true, ""featured_image"": ""https://cdn.shopify.com/s/files/1/0045/5291/7085/products/PPP21_163.jpg?v=1639276440""}, {""id"": 40982107095223, ""sku"": ""TS-CŒUR-003-XS"", ""title"": ""XS / Nude Powder"", ""price"": 50.0, ""compare_at_price"": null, ""available"": true, ""option1"": ""XS"", ""option2"": ""Nude Powder"", ""option3"": null, ""weight"": 0.0, ""requires_shipping"": true, ""featured_image"": ""https://cdn.shopify.com/s/files/1/0045/5291/7085/products/PPP21_13.jpg?v=1639276440""}, {""id"": 40982107127991, ""sku"": ""TS-CŒUR-003-S"", ""title"": ""S / Crème"", ""price"": 50.0, ""compare_at_price"": null, ""available"": true, ""option1"": ""S"", ""option2"": ""Crème"", ""option3"": null, ""weight"": 0.0, ""requires_shipping"": true, ""featured_image"": ""https://cdn.shopify.com/s/files/1/0045/5291/7085/products/PPP21_83.jpg?v=1639276443""}, {""id"": 40982107160759, ""sku"": ""TS-CŒUR-003-S"", ""title"": ""S / Bleu Glacier"", ""price"": 50.0, ""compare_at_price"": null, ""available"": true, ""option1"": ""S"", ""option2"": ""Bleu Glacier"", ""option3"": null, ""weight"": 0.0, ""requires_shipping"": true, ""featured_image"": ""https://cdn.shopify.com/s/files/1/0045/5291/7085/products/PPP21_163.jpg?v=1639276440""}, {""id"": 40982107193527, ""sku"": ""TS-CŒUR-003-S"", ""title"": ""S / Nude Powder"", ""price"": 50.0, ""compare_at_price"": null, ""available"": true, ""option1"": ""S"", ""option2"": ""Nude Powder"", ""option3"": null, ""weight"": 0.0, ""requires_shipping"": true, ""featured_image"": ""https://cdn.shopify.com/s/files/1/0045/5291/7085/products/PPP21_13.jpg?v=1639276440""}, {""id"": 40982107226295, ""sku"": ""TS-CŒUR-003-M"", ""title"": ""M / Crème"", ""price"": 50.0, ""compare_at_price"": null, ""available"": true, ""option1"": ""M"", ""option2"": ""Crème"", ""option3"": null, ""weight"": 0.0, ""requires_shipping"": true, ""featured_image"": ""https://cdn.shopify.com/s/files/1/0045/5291/7085/products/PPP21_83.jpg?v=1639276443""}, {""id"": 40982107259063, ""sku"": ""TS-CŒUR-003-M"", ""title"": ""M / Bleu Glacier"", ""price"": 50.0, ""compare_at_price"": null, ""available"": true, ""option1"": ""M"", ""option2"": ""Bleu Glacier"", ""option3"": null, ""weight"": 0.0, ""requires_shipping"": true, ""featured_image"": ""https://cdn.shopify.com/s/files/1/0045/5291/7085/products/PPP21_96.jpg?v=1639276440""}, {""id"": 40982107291831, ""sku"": ""TS-CŒUR-003-M"", ""title"": ""M / Nude Powder"", ""price"": 50.0, ""compare_at_price"": null, ""available"": true, ""option1"": ""M"", ""option2"": ""Nude Powder"", ""option3"": null, ""weight"": 0.0, ""requires_shipping"": true, ""featured_image"": ""https://cdn.shopify.com/s/files/1/0045/5291/7085/products/PPP21_13.jpg?v=1639276440""}, {""id"": 40982107324599, ""sku"": ""TS-CŒUR-003-L"", ""title"": ""L / Crème"", ""price"": 50.0, ""compare_at_price"": null, ""available"": false, ""option1"": ""L"", ""option2"": ""Crème"", ""option3"": null, ""weight"": 0.0, ""requires_shipping"": true, ""featured_image"": ""https://cdn.shopify.com/s/files/1/0045/5291/7085/products/PPP21_83.jpg?v=1639276443""}, {""id"": 40982107357367, ""sku"": ""TS-CŒUR-003-L"", ""title"": ""L / Bleu Glacier"", ""price"": 50.0, ""compare_at_price"": null, ""available"": true, ""option1"": ""L"", ""option2"": ""Bleu Glacier"", ""option3"": null, ""weight"": 0.0, ""requires_shipping"": true, ""featured_image"": ""https://cdn.shopify.com/s/files/1/0045/5291/7085/products/PPP21_96.jpg?v=1639276440""}, {""id"": 40982107390135, ""sku"": ""TS-CŒUR-003-L"", ""title"": ""L / Nude Powder"", ""price"": 50.0, ""compare_at_price"": null, ""available"": true, ""option1"": ""L"", ""option2"": ""Nude Powder"", ""option3"": null, ""weight"": 0.0, ""requires_shipping"": true, ""featured_image"": ""https://cdn.shopify.com/s/files/1/0045/5291/7085/products/PPP21_13.jpg?v=1639276440""}, {""id"": 40982111518903, ""sku"": ""TS-CŒUR-003-XL"", ""title"": ""XL / Crème"", ""price"": 50.0, ""compare_at_price"": null, ""available"": false, ""option1"": ""XL"", ""option2"": ""Crème"", ""option3"": null, ""weight"": 0.0, ""requires_shipping"": true, ""featured_image"": ""https://cdn.shopify.com/s/files/1/0045/5291/7085/products/PPP21_83.jpg?v=1639276443""}, {""id"": 40982111551671, ""sku"": ""TS-CŒUR-003-XL"", ""title"": ""XL / Bleu Glacier"", ""price"": 50.0, ""compare_at_price"": null, ""available"": false, ""option1"": ""XL"", ""option2"": ""Bleu Glacier"", ""option3"": null, ""weight"": 0.0, ""requires_shipping"": true, ""featured_image"": ""https://cdn.shopify.com/s/files/1/0045/5291/7085/products/PPP21_96.jpg?v=1639276440""}, {""id"": 40982111584439, ""sku"": ""TS-CŒUR-003-XL"", ""title"": ""XL / Nude Powder"", ""price"": 50.0, ""compare_at_price"": null, ""available"": true, ""option1"": ""XL"", ""option2"": ""Nude Powder"", ""option3"": null, ""weight"": 0.0, ""requires_shipping"": true, ""featured_image"": ""https://cdn.shopify.com/s/files/1/0045/5291/7085/products/PPP21_13.jpg?v=1639276440""}, {""id"": 41010987237559, ""sku"": ""TS-CŒUR-003-XXL"", ""title"": ""XXL / Crème"", ""price"": 50.0, ""compare_at_price"": null, ""available"": true, ""option1"": ""XXL"", ""option2"": ""Crème"", ""option3"": null, ""weight"": 0.0, ""requires_shipping"": true, ""featured_image"": ""https://cdn.shopify.com/s/files/1/0045/5291/7085/products/PPP21_83.jpg?v=1639276443""}, {""id"": 41010987270327, ""sku"": ""TS-CŒUR-003-XXL"", ""title"": ""XXL / Bleu Glacier"", ""price"": 50.0, ""compare_at_price"": null, ""available"": true, ""option1"": ""XXL"", ""option2"": ""Bleu Glacier"", ""option3"": null, ""weight"": 0.0, ""requires_shipping"": true, ""featured_image"": ""https://cdn.shopify.com/s/files/1/0045/5291/7085/products/PPP21_96.jpg?v=1639276440""}, {""id"": 41010987303095, ""sku"": ""TS-CŒUR-003-XXL"", ""title"": ""XXL / Nude Powder"", ""price"": 50.0, ""compare_at_price"": null, ""available"": true, ""option1"": ""XXL"", ""option2"": ""Nude Powder"", ""option3"": null, ""weight"": 0.0, ""requires_shipping"": true, ""featured_image"": ""https://cdn.shopify.com/s/files/1/0045/5291/7085/products/PPP21_13.jpg?v=1639276440""}]",2021-12-12T02:22:31+01:00,2026-05-17T17:37:22+02:00,2021-11-24T18:24:04+01:00,2026-05-17T17:37:42
product,9884200501581,t-shirt-i-ping-pang-effect,https://pingpang.paris/products/t-shirt-i-ping-pang-effect,T-shirt I Ping Pang Effect,"« Ping Pang Effect » :  Tee-shirt 100 % Coton Organique, Doux et Résistant Pour un avenir durable et élégant. Cette pièce a été inspirée et soigneusement créée dans le but de vous proposer une expérience à la hauteur du club. . Fit classique. Print ""Ping Pang Effect""dos. Broderie ""Raquette"" au niveau du coeur. Broderie",http://pingpang.paris/cdn/shop/files/PPE-1_800x.jpg?v=1734567406,"<p><b>« Ping Pang Effect » : </b></p>
<p><i><span style=""font-weight: 400;"">Tee-shirt 100 % Coton Organique, <strong>Doux et Résistant</strong> <br>Pour un avenir durable et élégant.</span></i></p>
<p><span style=""font-weight: 400;"">Cette pièce a été inspirée et soigneusement créée dans le but de vous proposer une expérience à la hauteur du club. <br><br></span>. Fit classique<br><meta charset=""utf-8"">. Print ""Ping Pang Effect""dos<br>. Broderie ""Raquette"" au niveau du coeur<br>. Broderie P3 ton sur ton sous encolure dos<br>. Fabriqué au Portugal (avec amour)<br>. Certifié GOTS<br><br><meta charset=""utf-8""><strong>Nos modèles sont unisexes :</strong><br><em><span>Pour les filles</span><span> </span>: prendre la taille en dessous de votre taille habituelle ou préférez un style oversize en gardant la même.<span> </span><br><span>Pour les garçons</span> : prendre la taille habituelle. </em></p>","« Ping Pang Effect » : Tee-shirt 100 % Coton Organique, Doux et Résistant Pour un avenir durable et élégant. Cette pièce a été inspirée et soigneusement créée dans le but de vous proposer une expérience à la hauteur du club. . Fit classique . Print ""Ping Pang Effect""dos . Broderie ""Raquette"" au niveau du coeur . Broderie P3 ton sur ton sous encolure dos . Fabriqué au Portugal (avec amour) . Certifié GOTS Nos modèles sont unisexes : Pour les filles : prendre la taille en dessous de votre taille habituelle ou préférez un style oversize en gardant la même. Pour les garçons : prendre la taille habituelle.",Ping Pang Paris,T-shirt,Xmas Collection,50.0,50.0,,,EUR,true,6,1,6,4,https://cdn.shopify.com/s/files/1/0045/5291/7085/files/PPE-1.jpg?v=1734567406,https://cdn.shopify.com/s/files/1/0045/5291/7085/files/PPE-1.jpg?v=1734567406 | https://cdn.shopify.com/s/files/1/0045/5291/7085/files/PPE-2.jpg?v=1734567406 | https://cdn.shopify.com/s/files/1/0045/5291/7085/files/PPE-4.jpg?v=1734566186 | https://cdn.shopify.com/s/files/1/0045/5291/7085/files/PPE-3.jpg?v=1734566186,Noir,XS | S | M | L | XL | XXL,"[{""id"": 50730019062093, ""sku"": ""PPE-XS-NOIR"", ""title"": ""XS / Noir"", ""price"": 50.0, ""compare_at_price"": null, ""available"": true, ""option1"": ""XS"", ""option2"": ""Noir"", ""option3"": null, ""weight"": 0.0, ""requires_shipping"": true, ""featured_image"": ""https://cdn.shopify.com/s/files/1/0045/5291/7085/files/PPE-1.jpg?v=1734567406""}, {""id"": 50730019094861, ""sku"": ""PPE-S-NOIR"", ""title"": ""S / Noir"", ""price"": 50.0, ""compare_at_price"": null, ""available"": false, ""option1"": ""S"", ""option2"": ""Noir"", ""option3"": null, ""weight"": 0.0, ""requires_shipping"": true, ""featured_image"": ""https://cdn.shopify.com/s/files/1/0045/5291/7085/files/PPE-1.jpg?v=1734567406""}, {""id"": 50730019127629, ""sku"": ""PPE-M-NOIR"", ""title"": ""M / Noir"", ""price"": 50.0, ""compare_at_price"": null, ""available"": true, ""option1"": ""M"", ""option2"": ""Noir"", ""option3"": null, ""weight"": 0.0, ""requires_shipping"": true, ""featured_image"": ""https://cdn.shopify.com/s/files/1/0045/5291/7085/files/PPE-1.jpg?v=1734567406""}, {""id"": 50730019160397, ""sku"": ""PPE-L-NOIR"", ""title"": ""L / Noir"", ""price"": 50.0, ""compare_at_price"": null, ""available"": false, ""option1"": ""L"", ""option2"": ""Noir"", ""option3"": null, ""weight"": 0.0, ""requires_shipping"": true, ""featured_image"": ""https://cdn.shopify.com/s/files/1/0045/5291/7085/files/PPE-1.jpg?v=1734567406""}, {""id"": 50730019193165, ""sku"": ""PPE-XL-NOIR"", ""title"": ""XL / Noir"", ""price"": 50.0, ""compare_at_price"": null, ""available"": false, ""option1"": ""XL"", ""option2"": ""Noir"", ""option3"": null, ""weight"": 0.0, ""requires_shipping"": true, ""featured_image"": ""https://cdn.shopify.com/s/files/1/0045/5291/7085/files/PPE-1.jpg?v=1734567406""}, {""id"": 50730019225933, ""sku"": ""PPE-XXL-NOIR"", ""title"": ""XXL / Noir"", ""price"": 50.0, ""compare_at_price"": null, ""available"": true, ""option1"": ""XXL"", ""option2"": ""Noir"", ""option3"": null, ""weight"": 0.0, ""requires_shipping"": true, ""featured_image"": ""https://cdn.shopify.com/s/files/1/0045/5291/7085/files/PPE-1.jpg?v=1734567406""}]",2024-12-19T00:58:30+01:00,2026-05-17T17:37:22+02:00,2024-12-19T00:55:43+01:00,2026-05-17T17:37:43
product,9884923167053,kids-t-shirt-i-choose-your-weapon,https://pingpang.paris/products/kids-t-shirt-i-choose-your-weapon,Kids T-shirt I Choose Your Weapon,"« Choose Your Weapon » :  Tee-shirt 100 % Coton, Doux et Résistant Cette pièce a été inspirée et soigneusement créée dans le but de vous proposer une expérience à la hauteur du club. . Fit Classique. Print face logo PPP avec 5 raquettes en vert sapin. Print dos ""Choose your Weapon"" en vert sapin. Fabriqué au Portugal (",http://pingpang.paris/cdn/shop/files/CYW-5_e7cd65c1-888b-4c72-90de-cf2aaae354d1_800x.jpg?v=1734627615,"<p><b>« Choose Your Weapon » : </b></p>
<p><i><span style=""font-weight: 400;"">Tee-shirt 100 % Coton, <strong>Doux et Résistant</strong><br></span></i></p>
<p><span style=""font-weight: 400;"">Cette pièce a été inspirée et soigneusement créée dans le but de vous proposer une expérience à la hauteur du club. <br><br></span>. Fit Classique<br><meta charset=""utf-8"">. <meta charset=""utf-8"">Print face logo PPP avec 5 raquettes en vert sapin<br><meta charset=""utf-8"">. Print dos ""Choose your Weapon"" <meta charset=""utf-8"">en vert sapin<br>. Fabriqué au Portugal (avec amour)<br></p>","« Choose Your Weapon » : Tee-shirt 100 % Coton, Doux et Résistant Cette pièce a été inspirée et soigneusement créée dans le but de vous proposer une expérience à la hauteur du club. . Fit Classique . Print face logo PPP avec 5 raquettes en vert sapin . Print dos ""Choose your Weapon"" en vert sapin . Fabriqué au Portugal (avec amour)",Ping Pang Paris,T-shirt,Xmas Collection,35.0,35.0,,,EUR,true,4,1,4,4,https://cdn.shopify.com/s/files/1/0045/5291/7085/files/CYW-5_e7cd65c1-888b-4c72-90de-cf2aaae354d1.jpg?v=1734627615,https://cdn.shopify.com/s/files/1/0045/5291/7085/files/CYW-5_e7cd65c1-888b-4c72-90de-cf2aaae354d1.jpg?v=1734627615 | https://cdn.shopify.com/s/files/1/0045/5291/7085/files/PPWT-8.jpg?v=1734628265 | https://cdn.shopify.com/s/files/1/0045/5291/7085/files/PPWT-9.jpg?v=1734628265 | https://cdn.shopify.com/s/files/1/0045/5291/7085/files/CYW-6_c56d92f3-21ec-4abd-ac34-90de4e85d07e.jpg?v=1734627647,Blanc Creme,T 6ans | T 8ans | T 10ans | T 12ans,"[{""id"": 50733507084621, ""sku"": ""CYW-T6-BLANC"", ""title"": ""T 6ans / Blanc Creme"", ""price"": 35.0, ""compare_at_price"": null, ""available"": true, ""option1"": ""T 6ans"", ""option2"": ""Blanc Creme"", ""option3"": null, ""weight"": 0.0, ""requires_shipping"": true, ""featured_image"": ""https://cdn.shopify.com/s/files/1/0045/5291/7085/files/CYW-6_c56d92f3-21ec-4abd-ac34-90de4e85d07e.jpg?v=1734627647""}, {""id"": 50733584974157, ""sku"": ""CYW-T8-BLANC"", ""title"": ""T 8ans / Blanc Creme"", ""price"": 35.0, ""compare_at_price"": null, ""available"": true, ""option1"": ""T 8ans"", ""option2"": ""Blanc Creme"", ""option3"": null, ""weight"": 0.0, ""requires_shipping"": true, ""featured_image"": ""https://cdn.shopify.com/s/files/1/0045/5291/7085/files/CYW-6_c56d92f3-21ec-4abd-ac34-90de4e85d07e.jpg?v=1734627647""}, {""id"": 50733585006925, ""sku"": ""CYW-T10-BLANC"", ""title"": ""T 10ans / Blanc Creme"", ""price"": 35.0, ""compare_at_price"": null, ""available"": false, ""option1"": ""T 10ans"", ""option2"": ""Blanc Creme"", ""option3"": null, ""weight"": 0.0, ""requires_shipping"": true, ""featured_image"": ""https://cdn.shopify.com/s/files/1/0045/5291/7085/files/CYW-6_c56d92f3-21ec-4abd-ac34-90de4e85d07e.jpg?v=1734627647""}, {""id"": 50733585039693, ""sku"": ""CYW-T12-BLANC"", ""title"": ""T 12ans / Blanc Creme"", ""price"": 35.0, ""compare_at_price"": null, ""available"": false, ""option1"": ""T 12ans"", ""option2"": ""Blanc Creme"", ""option3"": null, ""weight"": 0.0, ""requires_shipping"": true, ""featured_image"": ""https://cdn.shopify.com/s/files/1/0045/5291/7085/files/CYW-6_c56d92f3-21ec-4abd-ac34-90de4e85d07e.jpg?v=1734627647""}]",2024-12-19T18:12:32+01:00,2026-05-17T17:37:22+02:00,2024-12-19T17:57:17+01:00,2026-05-17T17:37:44
product,9664944669005,t-shirt-uk-ping-pang-paris-icons-collection-paris2024,https://pingpang.paris/products/t-shirt-uk-ping-pang-paris-icons-collection-paris2024,T-shirt ICONS | GREAT BRITAIN 🇬🇧 - Édition Limitée,"« ICONS GREAT BRITIAN » : T-shirt 100 % Coton. Pour un avenir durable et élégant. Fit classique avec design en sérigraphie face et dos, Fabriqué au Portugal (avec amour)! Cette pièce a été inspirée et soigneusement créée à l’occasion des Jeux Olympiques et Paralympiques de Paris 2024.",http://pingpang.paris/cdn/shop/files/UKtshirtH-1-_-4_800x.jpg?v=1721346405,"<!-- Inspiration -->
<p data-mce-fragment=""1""><meta charset=""utf-8"">Les couleurs d'honnêteté, de bravoure et de persévérance reflètent les grandes icônes que le Royaume-Uni a partagées avec la scène mondiale du tennis de table, imprimées avec les noms des héros qui ont laissé une empreinte remarquable sur ce sport aujourd'hui : des règles, aux balles, et même aux premières compétitions. La toile ponctue également les mouvements et moments emblématiques de l'histoire du tennis de table qui ont donné naissance à d'autres icônes à travers les Jeux Olympiques et les Championnats du Monde menés par la Grande-Bretagne pendant des décennies.</p>
<!-- split -->
<p> </p>
<!-- Detail  -->
<p data-mce-fragment=""1""><b data-mce-fragment=""1"">« ICONS GREAT BRITAIN » </b><br></p>
<p data-mce-fragment=""1""><i data-mce-fragment=""1""><span data-mce-fragment=""1"" style=""font-weight: 400;"">T-shirt 100 % Coton, Made in Portugal.<br>Doux<span data-mce-fragment=""1""> </span>et<span data-mce-fragment=""1""> r</span>ésistant, pour un avenir durable et élégant.<br></span></i><span data-mce-fragment=""1"" style=""font-weight: 400;""><br></span>. Fit classique unisexe<br><span><meta charset=""utf-8"">. Sérigraphie face : <meta charset=""utf-8"">‘Great Britian’ met en avant l'héritage olympique de la Grande-Bretagne, illustration rétro avec des silhouettes d'athlètes en action devant un Union Jack stylisé et rendant hommage aux athlètes Britanniques tels que</span> E.C. Gould, David Weatherill, et James Gibb.<br><span>. Sérigraphie dos : <meta charset=""utf-8"">« Ping Pang Paris » avec cinq raquettes</span></p>
<p data-mce-fragment=""1""><br><meta charset=""utf-8""><em><span data-mce-fragment=""1"" style=""font-weight: 400;"">Cette pièce a été inspirée et soigneusement créée à l’occasion des Jeux Olympiques et Paralympiques de Paris 2024. </span></em><br></p>
<!-- split -->
<p> </p>
<!-- Quote 1 -->
<p data-mce-fragment=""1""><meta charset=""utf-8""> <i>""Le chemin vers le sommet n'est jamais facile, mais chaque revers est une opportunité de revenir plus fort et plus intelligent.""</i><br>Liam Pitchford</p>
<!-- split -->
<p> </p>
<!-- Title 1 -->","Les couleurs d'honnêteté, de bravoure et de persévérance reflètent les grandes icônes que le Royaume-Uni a partagées avec la scène mondiale du tennis de table, imprimées avec les noms des héros qui ont laissé une empreinte remarquable sur ce sport aujourd'hui : des règles, aux balles, et même aux premières compétitions. La toile ponctue également les mouvements et moments emblématiques de l'histoire du tennis de table qui ont donné naissance à d'autres icônes à travers les Jeux Olympiques et les Championnats du Monde menés par la Grande-Bretagne pendant des décennies. « ICONS GREAT BRITAIN » T-shirt 100 % Coton, Made in Portugal. Doux et r ésistant, pour un avenir durable et élégant. . Fit classique unisexe . Sérigraphie face : ‘Great Britian’ met en avant l'héritage olympique de la Grande-Bretagne, illustration rétro avec des silhouettes d'athlètes en action devant un Union Jack stylisé et rendant hommage aux athlètes Britanniques tels que E.C. Gould, David Weatherill, et James Gibb. . Sérigraphie dos : « Ping Pang Paris » avec cinq raquettes Cette pièce a été inspirée et soigneusement créée à l’occasion des Jeux Olympiques et Paralympiques de Paris 2024. ""Le chemin vers le sommet n'est jamais facile, mais chaque revers est une opportunité de revenir plus fort et plus intelligent."" Liam Pitchford",pingpang.paris,T-shirt,Icons Collection,39.0,39.0,,,EUR,true,6,1,6,5,https://cdn.shopify.com/s/files/1/0045/5291/7085/files/UKtshirtH-1-_-4.jpg?v=1721346405,https://cdn.shopify.com/s/files/1/0045/5291/7085/files/UKtshirtH-1-_-4.jpg?v=1721346405 | https://cdn.shopify.com/s/files/1/0045/5291/7085/files/UKtshirtH-1-_-5.jpg?v=1721346405 | https://cdn.shopify.com/s/files/1/0045/5291/7085/files/UKtshirt-1-_-10.jpg?v=1721346405 | https://cdn.shopify.com/s/files/1/0045/5291/7085/files/UKtshirt-1-_-9.jpg?v=1721346405 | https://cdn.shopify.com/s/files/1/0045/5291/7085/files/GreatBritainMoodboard.jpg?v=1721376617,BLANC CREME,XS | S | M | L | XL | XXL,"[{""id"": 49848695357773, ""sku"": ""TS-ICONS-UK-1"", ""title"": ""BLANC CREME / XS"", ""price"": 39.0, ""compare_at_price"": null, ""available"": true, ""option1"": ""BLANC CREME"", ""option2"": ""XS"", ""option3"": null, ""weight"": 170.0, ""requires_shipping"": true, ""featured_image"": ""https://cdn.shopify.com/s/files/1/0045/5291/7085/files/UKtshirtH-1-_-4.jpg?v=1721346405""}, {""id"": 49848695390541, ""sku"": ""TS-ICONS-UK-2"", ""title"": ""BLANC CREME / S"", ""price"": 39.0, ""compare_at_price"": null, ""available"": true, ""option1"": ""BLANC CREME"", ""option2"": ""S"", ""option3"": null, ""weight"": 170.0, ""requires_shipping"": true, ""featured_image"": ""https://cdn.shopify.com/s/files/1/0045/5291/7085/files/UKtshirtH-1-_-4.jpg?v=1721346405""}, {""id"": 49848695423309, ""sku"": ""TS-ICONS-UK-3"", ""title"": ""BLANC CREME / M"", ""price"": 39.0, ""compare_at_price"": null, ""available"": true, ""option1"": ""BLANC CREME"", ""option2"": ""M"", ""option3"": null, ""weight"": 184.0, ""requires_shipping"": true, ""featured_image"": ""https://cdn.shopify.com/s/files/1/0045/5291/7085/files/UKtshirtH-1-_-4.jpg?v=1721346405""}, {""id"": 49848695456077, ""sku"": ""TS-ICONS-UK-4"", ""title"": ""BLANC CREME / L"", ""price"": 39.0, ""compare_at_price"": null, ""available"": true, ""option1"": ""BLANC CREME"", ""option2"": ""L"", ""option3"": null, ""weight"": 184.0, ""requires_shipping"": true, ""featured_image"": ""https://cdn.shopify.com/s/files/1/0045/5291/7085/files/UKtshirtH-1-_-4.jpg?v=1721346405""}, {""id"": 49848695488845, ""sku"": ""TS-ICONS-UK-5"", ""title"": ""BLANC CREME / XL"", ""price"": 39.0, ""compare_at_price"": null, ""available"": true, ""option1"": ""BLANC CREME"", ""option2"": ""XL"", ""option3"": null, ""weight"": 205.0, ""requires_shipping"": true, ""featured_image"": ""https://cdn.shopify.com/s/files/1/0045/5291/7085/files/UKtshirtH-1-_-4.jpg?v=1721346405""}, {""id"": 49848695521613, ""sku"": ""TS-ICONS-UK-6"", ""title"": ""BLANC CREME / XXL"", ""price"": 39.0, ""compare_at_price"": null, ""available"": true, ""option1"": ""BLANC CREME"", ""option2"": ""XXL"", ""option3"": null, ""weight"": 205.0, ""requires_shipping"": true, ""featured_image"": ""https://cdn.shopify.com/s/files/1/0045/5291/7085/files/UKtshirtH-1-_-4.jpg?v=1721346405""}]",2024-07-18T19:47:23+02:00,2026-05-17T17:37:22+02:00,2024-07-18T19:47:23+02:00,2026-05-17T17:37:45
product,9884197814605,t-shirt-i-choose-your-weapon,https://pingpang.paris/products/t-shirt-i-choose-your-weapon,T-shirt I Choose Your Weapon,"« Choose Your Weapon » :  Tee-shirt 100 % Coton Organique, Doux et Résistant Pour un avenir durable et élégant. Cette pièce a été inspirée et soigneusement créée dans le but de vous proposer une expérience à la hauteur du club. . Fit oversize. Print ""Choose your Weapon"" dos en vert sapin. Broderie ""乒乓巴黎"" signifiant ""Pi",http://pingpang.paris/cdn/shop/files/CYW-1_800x.jpg?v=1734567425,"<p><b>« Choose Your Weapon » : </b></p>
<p><i><span style=""font-weight: 400;"">Tee-shirt 100 % Coton Organique, <strong>Doux et Résistant</strong> <br>Pour un avenir durable et élégant.</span></i></p>
<p><span style=""font-weight: 400;"">Cette pièce a été inspirée et soigneusement créée dans le but de vous proposer une expérience à la hauteur du club. <br><br></span>. Fit oversize<br><meta charset=""utf-8"">. Print ""Choose your Weapon"" dos <meta charset=""utf-8"">en vert sapin<br>. Broderie ""乒乓巴黎"" signifiant ""Ping Pang Paris"" au niveau du torse<br>. Broderie P3 ton sur ton sous encolure dos<br>. Fabriqué au Portugal (avec amour)<br>. Certifié GOTS<br><br><meta charset=""utf-8""><strong>Nos modèles sont unisexes :</strong><br><em><span>Pour les filles</span><span> </span>: prendre la taille en dessous de votre taille habituelle ou préférez un style oversize en gardant la même.<span> </span><br><span>Pour les garçons</span> : prendre la taille habituelle. </em></p>","« Choose Your Weapon » : Tee-shirt 100 % Coton Organique, Doux et Résistant Pour un avenir durable et élégant. Cette pièce a été inspirée et soigneusement créée dans le but de vous proposer une expérience à la hauteur du club. . Fit oversize . Print ""Choose your Weapon"" dos en vert sapin . Broderie ""乒乓巴黎"" signifiant ""Ping Pang Paris"" au niveau du torse . Broderie P3 ton sur ton sous encolure dos . Fabriqué au Portugal (avec amour) . Certifié GOTS Nos modèles sont unisexes : Pour les filles : prendre la taille en dessous de votre taille habituelle ou préférez un style oversize en gardant la même. Pour les garçons : prendre la taille habituelle.",Ping Pang Paris,T-shirt,Xmas Collection,50.0,50.0,,,EUR,true,6,1,6,4,https://cdn.shopify.com/s/files/1/0045/5291/7085/files/CYW-1.jpg?v=1734567425,https://cdn.shopify.com/s/files/1/0045/5291/7085/files/CYW-1.jpg?v=1734567425 | https://cdn.shopify.com/s/files/1/0045/5291/7085/files/CYW-3.jpg?v=1734567425 | https://cdn.shopify.com/s/files/1/0045/5291/7085/files/CYW-4.jpg?v=1734565526 | https://cdn.shopify.com/s/files/1/0045/5291/7085/files/CYW-2.jpg?v=1734565526,Blanc Creme,XS | S | M | L | XL | XXL,"[{""id"": 50729996878157, ""sku"": ""CYW-XS-BLANC"", ""title"": ""XS / Blanc Creme"", ""price"": 50.0, ""compare_at_price"": null, ""available"": false, ""option1"": ""XS"", ""option2"": ""Blanc Creme"", ""option3"": null, ""weight"": 0.0, ""requires_shipping"": true, ""featured_image"": ""https://cdn.shopify.com/s/files/1/0045/5291/7085/files/CYW-2.jpg?v=1734565526""}, {""id"": 50729996910925, ""sku"": ""CYW-S-BLANC"", ""title"": ""S / Blanc Creme"", ""price"": 50.0, ""compare_at_price"": null, ""available"": false, ""option1"": ""S"", ""option2"": ""Blanc Creme"", ""option3"": null, ""weight"": 0.0, ""requires_shipping"": true, ""featured_image"": ""https://cdn.shopify.com/s/files/1/0045/5291/7085/files/CYW-2.jpg?v=1734565526""}, {""id"": 50729996943693, ""sku"": ""CYW-M-BLANC"", ""title"": ""M / Blanc Creme"", ""price"": 50.0, ""compare_at_price"": null, ""available"": false, ""option1"": ""M"", ""option2"": ""Blanc Creme"", ""option3"": null, ""weight"": 0.0, ""requires_shipping"": true, ""featured_image"": ""https://cdn.shopify.com/s/files/1/0045/5291/7085/files/CYW-2.jpg?v=1734565526""}, {""id"": 50729996976461, ""sku"": ""CYW-L-BLANC"", ""title"": ""L / Blanc Creme"", ""price"": 50.0, ""compare_at_price"": null, ""available"": true, ""option1"": ""L"", ""option2"": ""Blanc Creme"", ""option3"": null, ""weight"": 0.0, ""requires_shipping"": true, ""featured_image"": ""https://cdn.shopify.com/s/files/1/0045/5291/7085/files/CYW-2.jpg?v=1734565526""}, {""id"": 50729997009229, ""sku"": ""CYW-XL-BLANC"", ""title"": ""XL / Blanc Creme"", ""price"": 50.0, ""compare_at_price"": null, ""available"": false, ""option1"": ""XL"", ""option2"": ""Blanc Creme"", ""option3"": null, ""weight"": 0.0, ""requires_shipping"": true, ""featured_image"": ""https://cdn.shopify.com/s/files/1/0045/5291/7085/files/CYW-2.jpg?v=1734565526""}, {""id"": 50729997041997, ""sku"": ""CYW-XXL-BLANC"", ""title"": ""XXL / Blanc Creme"", ""price"": 50.0, ""compare_at_price"": null, ""available"": false, ""option1"": ""XXL"", ""option2"": ""Blanc Creme"", ""option3"": null, ""weight"": 0.0, ""requires_shipping"": true, ""featured_image"": ""https://cdn.shopify.com/s/files/1/0045/5291/7085/files/CYW-2.jpg?v=1734565526""}]",2024-12-19T00:50:03+01:00,2026-05-17T17:37:22+02:00,2024-12-19T00:44:13+01:00,2026-05-17T17:37:46
product,9884951413069,kids-t-shirt-i-ping-pang-effect,https://pingpang.paris/products/kids-t-shirt-i-ping-pang-effect,Kids T-shirt I Ping Pang Effect,"« Ping Pang Effect » :  Tee-shirt 100 % Coton, Doux et Résistant Cette pièce a été inspirée et soigneusement créée dans le but de vous proposer une expérience à la hauteur du club. . Fit Classique. Print face logo PPP avec 5 raquettes en vert sapin. Print dos ""Balles et les différents effets associés"" en vert sapin. Fa",http://pingpang.paris/cdn/shop/files/PPE-6_800x.jpg?v=1734628090,"<p><b>« Ping Pang Effect » : </b></p>
<p><i><span style=""font-weight: 400;"">Tee-shirt 100 % Coton, <strong>Doux et Résistant</strong><br></span></i></p>
<p><span style=""font-weight: 400;"">Cette pièce a été inspirée et soigneusement créée dans le but de vous proposer une expérience à la hauteur du club. <br><br></span>. Fit Classique<br><meta charset=""utf-8"">. <meta charset=""utf-8"">Print face logo PPP avec 5 raquettes en vert sapin<br><meta charset=""utf-8"">. Print dos ""Balles et les différents effets associés"" <meta charset=""utf-8"">en vert sapin<br>. Fabriqué au Portugal (avec amour)<br></p>","« Ping Pang Effect » : Tee-shirt 100 % Coton, Doux et Résistant Cette pièce a été inspirée et soigneusement créée dans le but de vous proposer une expérience à la hauteur du club. . Fit Classique . Print face logo PPP avec 5 raquettes en vert sapin . Print dos ""Balles et les différents effets associés"" en vert sapin . Fabriqué au Portugal (avec amour)",Ping Pang Paris,T-shirt,Xmas Collection,35.0,35.0,,,EUR,true,4,1,4,4,https://cdn.shopify.com/s/files/1/0045/5291/7085/files/PPE-6.jpg?v=1734628090,https://cdn.shopify.com/s/files/1/0045/5291/7085/files/PPE-6.jpg?v=1734628090 | https://cdn.shopify.com/s/files/1/0045/5291/7085/files/PPWT-8.jpg?v=1734628265 | https://cdn.shopify.com/s/files/1/0045/5291/7085/files/PPWT-9.jpg?v=1734628265 | https://cdn.shopify.com/s/files/1/0045/5291/7085/files/PPE-7.jpg?v=1734628088,Blanc Creme,T 6ans | T 8ans | T 10ans | T 12ans,"[{""id"": 50733605126477, ""sku"": ""PPE-T6-BLANC"", ""title"": ""T 6ans / Blanc Creme"", ""price"": 35.0, ""compare_at_price"": null, ""available"": true, ""option1"": ""T 6ans"", ""option2"": ""Blanc Creme"", ""option3"": null, ""weight"": 0.0, ""requires_shipping"": true, ""featured_image"": ""https://cdn.shopify.com/s/files/1/0045/5291/7085/files/PPE-7.jpg?v=1734628088""}, {""id"": 50733605159245, ""sku"": ""PPE-T8-BLANC"", ""title"": ""T 8ans / Blanc Creme"", ""price"": 35.0, ""compare_at_price"": null, ""available"": true, ""option1"": ""T 8ans"", ""option2"": ""Blanc Creme"", ""option3"": null, ""weight"": 0.0, ""requires_shipping"": true, ""featured_image"": ""https://cdn.shopify.com/s/files/1/0045/5291/7085/files/PPE-7.jpg?v=1734628088""}, {""id"": 50733605192013, ""sku"": ""PPE-T10-BLANC"", ""title"": ""T 10ans / Blanc Creme"", ""price"": 35.0, ""compare_at_price"": null, ""available"": false, ""option1"": ""T 10ans"", ""option2"": ""Blanc Creme"", ""option3"": null, ""weight"": 0.0, ""requires_shipping"": true, ""featured_image"": ""https://cdn.shopify.com/s/files/1/0045/5291/7085/files/PPE-7.jpg?v=1734628088""}, {""id"": 50733605224781, ""sku"": ""PPE-T12-BLANC"", ""title"": ""T 12ans / Blanc Creme"", ""price"": 35.0, ""compare_at_price"": null, ""available"": false, ""option1"": ""T 12ans"", ""option2"": ""Blanc Creme"", ""option3"": null, ""weight"": 0.0, ""requires_shipping"": true, ""featured_image"": ""https://cdn.shopify.com/s/files/1/0045/5291/7085/files/PPE-7.jpg?v=1734628088""}]",2024-12-19T18:12:25+01:00,2026-05-17T17:37:22+02:00,2024-12-19T18:07:04+01:00,2026-05-17T17:37:47
product,10411950833997,raquette-debutant-ping-pang-x-tibhar,https://pingpang.paris/products/raquette-debutant-ping-pang-x-tibhar,Raquette débutant - Ping Pang x Tibhar,"Raquette débutant - Ping Pang x Tibhar Cette raquette est pensée pour les joueurs en progression qui veulent adopter un jeu moderne, dynamique et tourné vers l’attaque. Elle est équipée des revêtements Volcano, homologués ITTF, avec une mousse de 2,0 mm offrant un excellent compromis entre vitesse, contrôle et sensatio",http://pingpang.paris/cdn/shop/files/raquettenback_Back_800x.jpg?v=1764693150,"<p>Raquette débutant - Ping Pang x Tibhar</p>
<p class=""p3"">Cette raquette est pensée pour les joueurs en progression qui veulent adopter un jeu moderne, dynamique et tourné vers l’attaque.</p>
<p class=""p3"">Elle est équipée des revêtements <span class=""s2""><b>Volcano</b></span>, homologués ITTF, avec une mousse de <span class=""s2""><b>2,0 mm</b></span> offrant un excellent compromis entre vitesse, contrôle et sensations. Grâce à leur <span class=""s2""><b>adhérence renforcée</b></span>, ces revêtements permettent de générer facilement beaucoup de rotation — idéal pour apprendre à toper, varier les effets et prendre l’avantage dans l’échange.</p>
<p class=""p1"">Une valeur sûre pour les débutants ambitieux et les joueurs intermédiaires qui veulent monter en niveau avec un matériel fiable et performant.</p>
<p>Bois : Ping Pang Paris</p>
<p>Revêtements : Volcano</p>","Raquette débutant - Ping Pang x Tibhar Cette raquette est pensée pour les joueurs en progression qui veulent adopter un jeu moderne, dynamique et tourné vers l’attaque. Elle est équipée des revêtements Volcano , homologués ITTF, avec une mousse de 2,0 mm offrant un excellent compromis entre vitesse, contrôle et sensations. Grâce à leur adhérence renforcée , ces revêtements permettent de générer facilement beaucoup de rotation — idéal pour apprendre à toper, varier les effets et prendre l’avantage dans l’échange. Une valeur sûre pour les débutants ambitieux et les joueurs intermédiaires qui veulent monter en niveau avec un matériel fiable et performant. Bois : Ping Pang Paris Revêtements : Volcano",Ping Pang Paris,,Le Club Collection,50.0,50.0,,,EUR,true,1,0,0,2,https://cdn.shopify.com/s/files/1/0045/5291/7085/files/raquettenback_Back.jpg?v=1764693150,https://cdn.shopify.com/s/files/1/0045/5291/7085/files/raquettenback_Back.jpg?v=1764693150 | https://cdn.shopify.com/s/files/1/0045/5291/7085/files/raquette_Front_8e059729-71cc-45bf-9903-22d63af057be.jpg?v=1764693149,,,"[{""id"": 52893661888845, ""sku"": """", ""title"": ""Default Title"", ""price"": 50.0, ""compare_at_price"": null, ""available"": true, ""option1"": ""Default Title"", ""option2"": null, ""option3"": null, ""weight"": 1000.0, ""requires_shipping"": true, ""featured_image"": null}]",2025-12-02T17:39:25+01:00,2026-05-17T17:37:22+02:00,2025-12-02T17:39:24+01:00,2026-05-17T17:37:48
product,10411952472397,serre-poignet-ping-pang-paris,https://pingpang.paris/products/serre-poignet-ping-pang-paris,Serre-poignet | Ping Pang Paris,Les serre-poignets sont fabriqués avec un matériau absorbant extensible pour évacuer la transpiration pendant que vous jouez.,http://pingpang.paris/cdn/shop/files/band_Front_d4c350bf-fca0-420c-bbac-68472c544efd_800x.jpg?v=1764693650,"<p><meta charset=""utf-8""><span>Les serre-poignets sont fabriqués avec un matériau absorbant extensible pour évacuer la transpiration pendant que vous jouez.</span></p>",Les serre-poignets sont fabriqués avec un matériau absorbant extensible pour évacuer la transpiration pendant que vous jouez.,Ping Pang Paris,,Le Club Collection,15.0,15.0,,,EUR,true,1,0,0,2,https://cdn.shopify.com/s/files/1/0045/5291/7085/files/band_Front_d4c350bf-fca0-420c-bbac-68472c544efd.jpg?v=1764693650,https://cdn.shopify.com/s/files/1/0045/5291/7085/files/band_Front_d4c350bf-fca0-420c-bbac-68472c544efd.jpg?v=1764693650 | https://cdn.shopify.com/s/files/1/0045/5291/7085/files/band_Back.jpg?v=1764693650,,,"[{""id"": 52893672210765, ""sku"": """", ""title"": ""Default Title"", ""price"": 15.0, ""compare_at_price"": null, ""available"": true, ""option1"": ""Default Title"", ""option2"": null, ""option3"": null, ""weight"": 0.0, ""requires_shipping"": true, ""featured_image"": null}]",2025-12-02T17:43:01+01:00,2026-05-17T17:37:22+02:00,2025-12-02T17:42:59+01:00,2026-05-17T17:37:49
product,10411946869069,tapis-de-yoga-i-ocean,https://pingpang.paris/products/tapis-de-yoga-i-ocean,Tapis de Yoga I Ping Pang Paris,"Équilibre, confort, élégance. Conçu pour t’accompagner dans chaque mouvement, le tapis de yoga Ping Pang Paris offre une adhérence optimale, un confort supérieur et un design épuré qui élève instantanément ta pratique. Fabriqué avec des matériaux durables, il assure une stabilité parfaite, une douceur agréable sous les",http://pingpang.paris/cdn/shop/files/yogafull_Front_800x.jpg?v=1764692439,"<p class=""p1"">Équilibre, confort, élégance.</p>
<p class=""p1"">Conçu pour t’accompagner dans chaque mouvement, le tapis de yoga Ping Pang Paris offre une <span class=""s1""><b>adhérence optimale</b></span>, un <span class=""s1""><b>confort supérieur</b></span> et un <span class=""s1""><b>design épuré</b></span> qui élève instantanément ta pratique.</p>
<p class=""p1"">Fabriqué avec des matériaux durables, il assure une stabilité parfaite, une douceur agréable sous les mains et une protection idéale pour les articulations. Léger et facile à transporter, il t’accompagne aussi bien au studio qu’à la maison.</p>","Équilibre, confort, élégance. Conçu pour t’accompagner dans chaque mouvement, le tapis de yoga Ping Pang Paris offre une adhérence optimale , un confort supérieur et un design épuré qui élève instantanément ta pratique. Fabriqué avec des matériaux durables, il assure une stabilité parfaite, une douceur agréable sous les mains et une protection idéale pour les articulations. Léger et facile à transporter, il t’accompagne aussi bien au studio qu’à la maison.",Ping Pang Paris,,Le Club Collection,50.0,50.0,,,EUR,true,1,0,0,2,https://cdn.shopify.com/s/files/1/0045/5291/7085/files/yogafull_Front.jpg?v=1764692439,https://cdn.shopify.com/s/files/1/0045/5291/7085/files/yogafull_Front.jpg?v=1764692439 | https://cdn.shopify.com/s/files/1/0045/5291/7085/files/yogamat_Front.jpg?v=1764692438,,,"[{""id"": 52893617258829, ""sku"": """", ""title"": ""Default Title"", ""price"": 50.0, ""compare_at_price"": null, ""available"": true, ""option1"": ""Default Title"", ""option2"": null, ""option3"": null, ""weight"": 3000.0, ""requires_shipping"": true, ""featured_image"": null}]",2025-12-02T17:26:43+01:00,2026-05-17T17:37:22+02:00,2025-12-02T17:26:42+01:00,2026-05-17T17:37:50
product,9884199387469,t-shirt-i-choose-your-weapon-copy,https://pingpang.paris/products/t-shirt-i-choose-your-weapon-copy,T-shirt I Ping Pang World Tour,"« Ping Pang World Tour » :  Tee-shirt 100 % Coton Organique, Doux et Résistant Pour un avenir durable et élégant. Cette pièce a été inspirée et soigneusement créée dans le but de vous proposer une expérience à la hauteur du club. . Fit classique. Print ""Ping Pang World Tour"" face/dos. Broderie ""Ping Pang Paris"" au nive",http://pingpang.paris/cdn/shop/files/PPWT-1_800x.jpg?v=1734567414,"<p><b>« Ping Pang World Tour » : </b></p>
<p><i><span style=""font-weight: 400;"">Tee-shirt 100 % Coton Organique, <strong>Doux et Résistant</strong> <br>Pour un avenir durable et élégant.</span></i></p>
<p><span style=""font-weight: 400;"">Cette pièce a été inspirée et soigneusement créée dans le but de vous proposer une expérience à la hauteur du club. <br><br></span>. Fit classique<br><meta charset=""utf-8"">. Print ""Ping Pang World Tour"" face/dos<br>. Broderie ""Ping Pang Paris"" au niveau du torse<br>. Broderie P3 ton sur ton sous encolure dos<br>. Fabriqué au Portugal (avec amour)<br>. Certifié GOTS<br><br><meta charset=""utf-8""><strong>Nos modèles sont unisexes :</strong><br><em><span>Pour les filles</span><span> </span>: prendre la taille en dessous de votre taille habituelle ou préférez un style oversize en gardant la même.<span> </span><br><span>Pour les garçons</span> : prendre la taille habituelle. </em></p>","« Ping Pang World Tour » : Tee-shirt 100 % Coton Organique, Doux et Résistant Pour un avenir durable et élégant. Cette pièce a été inspirée et soigneusement créée dans le but de vous proposer une expérience à la hauteur du club. . Fit classique . Print ""Ping Pang World Tour"" face/dos . Broderie ""Ping Pang Paris"" au niveau du torse . Broderie P3 ton sur ton sous encolure dos . Fabriqué au Portugal (avec amour) . Certifié GOTS Nos modèles sont unisexes : Pour les filles : prendre la taille en dessous de votre taille habituelle ou préférez un style oversize en gardant la même. Pour les garçons : prendre la taille habituelle.",Ping Pang Paris,T-shirt,Xmas Collection,50.0,50.0,,,EUR,true,6,1,6,4,https://cdn.shopify.com/s/files/1/0045/5291/7085/files/PPWT-1.jpg?v=1734567414,https://cdn.shopify.com/s/files/1/0045/5291/7085/files/PPWT-1.jpg?v=1734567414 | https://cdn.shopify.com/s/files/1/0045/5291/7085/files/PPWT-2.jpg?v=1734567414 | https://cdn.shopify.com/s/files/1/0045/5291/7085/files/PPWT-4.jpg?v=1734566057 | https://cdn.shopify.com/s/files/1/0045/5291/7085/files/PPWT-3.jpg?v=1734566057,Noir,XS | S | M | L | XL | XXL,"[{""id"": 50730007757133, ""sku"": ""PPWT-XS-NOIR"", ""title"": ""XS / Noir"", ""price"": 50.0, ""compare_at_price"": null, ""available"": true, ""option1"": ""XS"", ""option2"": ""Noir"", ""option3"": null, ""weight"": 0.0, ""requires_shipping"": true, ""featured_image"": ""https://cdn.shopify.com/s/files/1/0045/5291/7085/files/PPWT-4.jpg?v=1734566057""}, {""id"": 50730007789901, ""sku"": ""PPWT-S-NOIR"", ""title"": ""S / Noir"", ""price"": 50.0, ""compare_at_price"": null, ""available"": true, ""option1"": ""S"", ""option2"": ""Noir"", ""option3"": null, ""weight"": 0.0, ""requires_shipping"": true, ""featured_image"": ""https://cdn.shopify.com/s/files/1/0045/5291/7085/files/PPWT-4.jpg?v=1734566057""}, {""id"": 50730007822669, ""sku"": ""PPWT-M-NOIR"", ""title"": ""M / Noir"", ""price"": 50.0, ""compare_at_price"": null, ""available"": true, ""option1"": ""M"", ""option2"": ""Noir"", ""option3"": null, ""weight"": 0.0, ""requires_shipping"": true, ""featured_image"": ""https://cdn.shopify.com/s/files/1/0045/5291/7085/files/PPWT-4.jpg?v=1734566057""}, {""id"": 50730007855437, ""sku"": ""PPWT-L-NOIR"", ""title"": ""L / Noir"", ""price"": 50.0, ""compare_at_price"": null, ""available"": true, ""option1"": ""L"", ""option2"": ""Noir"", ""option3"": null, ""weight"": 0.0, ""requires_shipping"": true, ""featured_image"": ""https://cdn.shopify.com/s/files/1/0045/5291/7085/files/PPWT-4.jpg?v=1734566057""}, {""id"": 50730007888205, ""sku"": ""PPWT-XL-NOIR"", ""title"": ""XL / Noir"", ""price"": 50.0, ""compare_at_price"": null, ""available"": false, ""option1"": ""XL"", ""option2"": ""Noir"", ""option3"": null, ""weight"": 0.0, ""requires_shipping"": true, ""featured_image"": ""https://cdn.shopify.com/s/files/1/0045/5291/7085/files/PPWT-4.jpg?v=1734566057""}, {""id"": 50730007920973, ""sku"": ""PPWT-XXL-NOIR"", ""title"": ""XXL / Noir"", ""price"": 50.0, ""compare_at_price"": null, ""available"": false, ""option1"": ""XXL"", ""option2"": ""Noir"", ""option3"": null, ""weight"": 0.0, ""requires_shipping"": true, ""featured_image"": ""https://cdn.shopify.com/s/files/1/0045/5291/7085/files/PPWT-4.jpg?v=1734566057""}]",2024-12-19T00:54:27+01:00,2026-05-17T17:37:22+02:00,2024-12-19T00:51:12+01:00,2026-05-17T17:37:51
product,7071561711799,t-shirt-minimalisme-ping-pang-paris-etiquette,https://pingpang.paris/products/t-shirt-minimalisme-ping-pang-paris-etiquette,T-shirt I MINIMALISME,"RÈGLE N°9 : | Concentre toi sur ce qui est important | Consommer moins pour créer plus. Le minimalisme est une forme d’humilité, une quête de vivre plus simplement dans un monde toujours plus complexe.",http://pingpang.paris/cdn/shop/products/PPP21_222_800x.jpg?v=1639276015,"<meta charset=""utf-8"">
<p data-mce-fragment=""1""><b data-mce-fragment=""1"">« MINIMALISME » : </b></p>
<p data-mce-fragment=""1""><i data-mce-fragment=""1""><span data-mce-fragment=""1"" style=""font-weight: 400;"" data-mce-style=""font-weight: 400;"">Tee-shirt 100 % Coton Organique, <strong data-mce-fragment=""1"">Doux<span data-mce-fragment=""1""> </span></strong>et<strong data-mce-fragment=""1""><span data-mce-fragment=""1""> </span>Résistant.</strong><br> Pour un avenir durable et élégant.</span></i></p>
<p data-mce-fragment=""1""><span data-mce-fragment=""1"" style=""font-weight: 400;"" data-mce-style=""font-weight: 400;"">Cette pièce a été inspirée et soigneusement créée dans le but de vous proposer une expérience à la hauteur du club. <br data-mce-fragment=""1""><br data-mce-fragment=""1""></span>. Fit classique <meta charset=""utf-8""><span data-mce-fragment=""1"">(the model wears S and she is 1.75m)</span><br data-mce-fragment=""1"">. Etiquette ""PING PANG Paris"" au niveau de la hanche droite <br data-mce-fragment=""1"">. Broderie P3 ton sur ton sous encolure dos<br data-mce-fragment=""1"">. Fabriqué au Portugal (avec amour)<br data-mce-fragment=""1"">. Certifié GOTS<br data-mce-fragment=""1""><br data-mce-fragment=""1""><meta charset=""utf-8""><strong data-mce-fragment=""1"">Nos modèles sont unisexes :</strong><br data-mce-fragment=""1""><em data-mce-fragment=""1""><span data-mce-fragment=""1"">Pour les filles</span><span data-mce-fragment=""1""> </span>: prendre la taille en dessous de votre taille habituelle ou préférez un style oversize en gardant la même.<span data-mce-fragment=""1""> </span><br data-mce-fragment=""1""><span data-mce-fragment=""1"">Pour les garçons</span> : prendre la taille habituelle. </em></p>","« MINIMALISME » : Tee-shirt 100 % Coton Organique, Doux et Résistant. Pour un avenir durable et élégant. Cette pièce a été inspirée et soigneusement créée dans le but de vous proposer une expérience à la hauteur du club. . Fit classique (the model wears S and she is 1.75m) . Etiquette ""PING PANG Paris"" au niveau de la hanche droite . Broderie P3 ton sur ton sous encolure dos . Fabriqué au Portugal (avec amour) . Certifié GOTS Nos modèles sont unisexes : Pour les filles : prendre la taille en dessous de votre taille habituelle ou préférez un style oversize en gardant la même. Pour les garçons : prendre la taille habituelle.",Ping Pang Paris,T-shirt,Le Club Collection,50.0,50.0,,,EUR,true,12,2,6,11,https://cdn.shopify.com/s/files/1/0045/5291/7085/products/PPP21_222.jpg?v=1639276015,https://cdn.shopify.com/s/files/1/0045/5291/7085/products/PPP21_222.jpg?v=1639276015 | https://cdn.shopify.com/s/files/1/0045/5291/7085/products/PPP21_226.jpg?v=1639276015 | https://cdn.shopify.com/s/files/1/0045/5291/7085/products/PPP21_237.jpg?v=1639276015 | https://cdn.shopify.com/s/files/1/0045/5291/7085/products/PPP21_238.jpg?v=1639276015 | https://cdn.shopify.com/s/files/1/0045/5291/7085/products/PPP21_239.jpg?v=1639276015 | https://cdn.shopify.com/s/files/1/0045/5291/7085/products/PPP21_240.jpg?v=1639276015 | https://cdn.shopify.com/s/files/1/0045/5291/7085/products/PPP21_221.jpg?v=1639276015 | https://cdn.shopify.com/s/files/1/0045/5291/7085/products/PPP21_223.jpg?v=1639276015 | https://cdn.shopify.com/s/files/1/0045/5291/7085/products/PPP21_225.jpg?v=1639276015 | https://cdn.shopify.com/s/files/1/0045/5291/7085/products/PPP21_228.jpg?v=1637775510 | https://cdn.shopify.com/s/files/1/0045/5291/7085/products/PPP21_230.jpg?v=1637775510,Nude Powder | Bleu Glacier,XS | S | M | L | XL | XXL,"[{""id"": 40982134849719, ""sku"": ""TS-BASIC-001-XS"", ""title"": ""XS / Nude Powder"", ""price"": 50.0, ""compare_at_price"": null, ""available"": true, ""option1"": ""XS"", ""option2"": ""Nude Powder"", ""option3"": null, ""weight"": 0.0, ""requires_shipping"": true, ""featured_image"": ""https://cdn.shopify.com/s/files/1/0045/5291/7085/products/PPP21_221.jpg?v=1639276015""}, {""id"": 40982134882487, ""sku"": ""TS-BASIC-001-XS"", ""title"": ""XS / Bleu Glacier"", ""price"": 50.0, ""compare_at_price"": null, ""available"": true, ""option1"": ""XS"", ""option2"": ""Bleu Glacier"", ""option3"": null, ""weight"": 0.0, ""requires_shipping"": true, ""featured_image"": ""https://cdn.shopify.com/s/files/1/0045/5291/7085/products/PPP21_226.jpg?v=1639276015""}, {""id"": 40982134915255, ""sku"": ""TS-BASIC-001-S"", ""title"": ""S / Nude Powder"", ""price"": 50.0, ""compare_at_price"": null, ""available"": true, ""option1"": ""S"", ""option2"": ""Nude Powder"", ""option3"": null, ""weight"": 0.0, ""requires_shipping"": true, ""featured_image"": ""https://cdn.shopify.com/s/files/1/0045/5291/7085/products/PPP21_221.jpg?v=1639276015""}, {""id"": 40982134948023, ""sku"": ""TS-BASIC-001-S"", ""title"": ""S / Bleu Glacier"", ""price"": 50.0, ""compare_at_price"": null, ""available"": true, ""option1"": ""S"", ""option2"": ""Bleu Glacier"", ""option3"": null, ""weight"": 0.0, ""requires_shipping"": true, ""featured_image"": ""https://cdn.shopify.com/s/files/1/0045/5291/7085/products/PPP21_226.jpg?v=1639276015""}, {""id"": 40982134980791, ""sku"": ""TS-BASIC-001-M"", ""title"": ""M / Nude Powder"", ""price"": 50.0, ""compare_at_price"": null, ""available"": true, ""option1"": ""M"", ""option2"": ""Nude Powder"", ""option3"": null, ""weight"": 0.0, ""requires_shipping"": true, ""featured_image"": ""https://cdn.shopify.com/s/files/1/0045/5291/7085/products/PPP21_237.jpg?v=1639276015""}, {""id"": 40982135013559, ""sku"": ""TS-BASIC-001-M"", ""title"": ""M / Bleu Glacier"", ""price"": 50.0, ""compare_at_price"": null, ""available"": true, ""option1"": ""M"", ""option2"": ""Bleu Glacier"", ""option3"": null, ""weight"": 0.0, ""requires_shipping"": true, ""featured_image"": ""https://cdn.shopify.com/s/files/1/0045/5291/7085/products/PPP21_226.jpg?v=1639276015""}, {""id"": 40982135046327, ""sku"": ""TS-BASIC-001-L"", ""title"": ""L / Nude Powder"", ""price"": 50.0, ""compare_at_price"": null, ""available"": true, ""option1"": ""L"", ""option2"": ""Nude Powder"", ""option3"": null, ""weight"": 0.0, ""requires_shipping"": true, ""featured_image"": ""https://cdn.shopify.com/s/files/1/0045/5291/7085/products/PPP21_221.jpg?v=1639276015""}, {""id"": 40982135079095, ""sku"": ""TS-BASIC-001-L"", ""title"": ""L / Bleu Glacier"", ""price"": 50.0, ""compare_at_price"": null, ""available"": false, ""option1"": ""L"", ""option2"": ""Bleu Glacier"", ""option3"": null, ""weight"": 0.0, ""requires_shipping"": true, ""featured_image"": ""https://cdn.shopify.com/s/files/1/0045/5291/7085/products/PPP21_226.jpg?v=1639276015""}, {""id"": 40982135111863, ""sku"": ""TS-BASIC-001-XL"", ""title"": ""XL / Nude Powder"", ""price"": 50.0, ""compare_at_price"": null, ""available"": true, ""option1"": ""XL"", ""option2"": ""Nude Powder"", ""option3"": null, ""weight"": 0.0, ""requires_shipping"": true, ""featured_image"": ""https://cdn.shopify.com/s/files/1/0045/5291/7085/products/PPP21_237.jpg?v=1639276015""}, {""id"": 40982135144631, ""sku"": ""TS-BASIC-001-XL"", ""title"": ""XL / Bleu Glacier"", ""price"": 50.0, ""compare_at_price"": null, ""available"": false, ""option1"": ""XL"", ""option2"": ""Bleu Glacier"", ""option3"": null, ""weight"": 0.0, ""requires_shipping"": true, ""featured_image"": ""https://cdn.shopify.com/s/files/1/0045/5291/7085/products/PPP21_226.jpg?v=1639276015""}, {""id"": 41010992677047, ""sku"": ""TS-BASIC-001-XXL"", ""title"": ""XXL / Nude Powder"", ""price"": 50.0, ""compare_at_price"": null, ""available"": true, ""option1"": ""XXL"", ""option2"": ""Nude Powder"", ""option3"": null, ""weight"": 0.0, ""requires_shipping"": true, ""featured_image"": ""https://cdn.shopify.com/s/files/1/0045/5291/7085/products/PPP21_237.jpg?v=1639276015""}, {""id"": 41010992709815, ""sku"": ""TS-BASIC-001-XXL"", ""title"": ""XXL / Bleu Glacier"", ""price"": 50.0, ""compare_at_price"": null, ""available"": true, ""option1"": ""XXL"", ""option2"": ""Bleu Glacier"", ""option3"": null, ""weight"": 0.0, ""requires_shipping"": true, ""featured_image"": ""https://cdn.shopify.com/s/files/1/0045/5291/7085/products/PPP21_226.jpg?v=1639276015""}]",2021-12-12T02:22:32+01:00,2026-05-17T17:37:22+02:00,2021-11-24T18:38:24+01:00,2026-05-17T17:37:52
product,7227163672759,t-shirt-i-when-sports-meets-art,https://pingpang.paris/products/t-shirt-i-when-sports-meets-art,T-shirt I MAUVAIS ÉLÈVE,"RÈGLE N°8 : | Cultive ta créativité | La créativité relève d’une approche différente, d’un orgueil positif qui nous pousse à penser différemment.",http://pingpang.paris/cdn/shop/products/PingPang221416_800x.jpg?v=1666537303,"<meta charset=""utf-8"">
<p data-mce-fragment=""1""><b data-mce-fragment=""1""> When sport meets art :</b></p>
<p data-mce-fragment=""1""><i data-mce-fragment=""1""><span style=""font-weight: 400;"" data-mce-fragment=""1"" data-mce-style=""font-weight: 400;"">Tee-shirt 100 % Coton Organique, <meta charset=""utf-8""> <strong data-mce-fragment=""1"">Doux<span data-mce-fragment=""1""> </span></strong>et<strong data-mce-fragment=""1""><span data-mce-fragment=""1""> </span>Résistant.</strong><br> Pour un avenir durable et élégant.</span></i></p>
<p data-mce-fragment=""1""><span style=""font-weight: 400;"" data-mce-fragment=""1"" data-mce-style=""font-weight: 400;"">Cette pièce a été inspirée et soigneusement créée dans le but de vous proposer une expérience à la hauteur du club. <br data-mce-fragment=""1""><br data-mce-fragment=""1""></span>. Fit Oversize (the model wears L and he is 1.87m)<br data-mce-fragment=""1"">. Flocage cercle ""ping pang - when sport meets art"" au niveau du coeur <br data-mce-fragment=""1"">. Broderie P3 ton sur ton sous encolure dos<br data-mce-fragment=""1"">. Fabriqué au Portugal (avec amour)<br data-mce-fragment=""1"">. Certifié GOTS<br data-mce-fragment=""1""><br data-mce-fragment=""1""><meta charset=""utf-8""><strong data-mce-fragment=""1"">Nos modèles sont unisexes :</strong><br data-mce-fragment=""1""><em data-mce-fragment=""1""><span data-mce-fragment=""1"">Pour les filles</span><span data-mce-fragment=""1""> </span>: prendre la taille en dessous de votre taille habituelle ou préférez un style oversize en gardant la même.<span data-mce-fragment=""1""> </span><br data-mce-fragment=""1""><span data-mce-fragment=""1"">Pour les garçons</span> : prendre la taille habituelle. </em></p>","When sport meets art : Tee-shirt 100 % Coton Organique, Doux et Résistant. Pour un avenir durable et élégant. Cette pièce a été inspirée et soigneusement créée dans le but de vous proposer une expérience à la hauteur du club. . Fit Oversize (the model wears L and he is 1.87m) . Flocage cercle ""ping pang - when sport meets art"" au niveau du coeur . Broderie P3 ton sur ton sous encolure dos . Fabriqué au Portugal (avec amour) . Certifié GOTS Nos modèles sont unisexes : Pour les filles : prendre la taille en dessous de votre taille habituelle ou préférez un style oversize en gardant la même. Pour les garçons : prendre la taille habituelle.",Ping Pang Paris,T-shirt,Le Club Collection,50.0,50.0,,,EUR,true,18,3,6,9,https://cdn.shopify.com/s/files/1/0045/5291/7085/products/PingPang221416.jpg?v=1666537303,https://cdn.shopify.com/s/files/1/0045/5291/7085/products/PingPang221416.jpg?v=1666537303 | https://cdn.shopify.com/s/files/1/0045/5291/7085/products/PingPang221235.jpg?v=1666537303 | https://cdn.shopify.com/s/files/1/0045/5291/7085/products/PingPang221513.jpg?v=1666537303 | https://cdn.shopify.com/s/files/1/0045/5291/7085/products/PingPang222000.jpg?v=1666537303 | https://cdn.shopify.com/s/files/1/0045/5291/7085/products/PingPang220835.jpg?v=1666537303 | https://cdn.shopify.com/s/files/1/0045/5291/7085/products/PingPang221246.jpg?v=1666537198 | https://cdn.shopify.com/s/files/1/0045/5291/7085/products/PingPang221454.jpg?v=1666537187 | https://cdn.shopify.com/s/files/1/0045/5291/7085/products/PingPang222014.jpg?v=1666537274 | https://cdn.shopify.com/s/files/1/0045/5291/7085/products/PingPang221818.jpg?v=1666537293,Crème | Bleu Glacier | Gris,XS | S | M | L | XL | XXL,"[{""id"": 41528690475191, ""sku"": """", ""title"": ""XS / Crème"", ""price"": 50.0, ""compare_at_price"": null, ""available"": true, ""option1"": ""XS"", ""option2"": ""Crème"", ""option3"": null, ""weight"": 0.0, ""requires_shipping"": true, ""featured_image"": ""https://cdn.shopify.com/s/files/1/0045/5291/7085/products/PingPang221818.jpg?v=1666537293""}, {""id"": 41528690507959, ""sku"": """", ""title"": ""XS / Bleu Glacier"", ""price"": 50.0, ""compare_at_price"": null, ""available"": true, ""option1"": ""XS"", ""option2"": ""Bleu Glacier"", ""option3"": null, ""weight"": 0.0, ""requires_shipping"": true, ""featured_image"": ""https://cdn.shopify.com/s/files/1/0045/5291/7085/products/PingPang222000.jpg?v=1666537303""}, {""id"": 41528690540727, ""sku"": """", ""title"": ""XS / Gris"", ""price"": 50.0, ""compare_at_price"": null, ""available"": true, ""option1"": ""XS"", ""option2"": ""Gris"", ""option3"": null, ""weight"": 0.0, ""requires_shipping"": true, ""featured_image"": ""https://cdn.shopify.com/s/files/1/0045/5291/7085/products/PingPang220835.jpg?v=1666537303""}, {""id"": 41528690573495, ""sku"": """", ""title"": ""S / Crème"", ""price"": 50.0, ""compare_at_price"": null, ""available"": true, ""option1"": ""S"", ""option2"": ""Crème"", ""option3"": null, ""weight"": 0.0, ""requires_shipping"": true, ""featured_image"": ""https://cdn.shopify.com/s/files/1/0045/5291/7085/products/PingPang221454.jpg?v=1666537187""}, {""id"": 41528690606263, ""sku"": """", ""title"": ""S / Bleu Glacier"", ""price"": 50.0, ""compare_at_price"": null, ""available"": true, ""option1"": ""S"", ""option2"": ""Bleu Glacier"", ""option3"": null, ""weight"": 0.0, ""requires_shipping"": true, ""featured_image"": ""https://cdn.shopify.com/s/files/1/0045/5291/7085/products/PingPang222000.jpg?v=1666537303""}, {""id"": 41528690639031, ""sku"": """", ""title"": ""S / Gris"", ""price"": 50.0, ""compare_at_price"": null, ""available"": true, ""option1"": ""S"", ""option2"": ""Gris"", ""option3"": null, ""weight"": 0.0, ""requires_shipping"": true, ""featured_image"": ""https://cdn.shopify.com/s/files/1/0045/5291/7085/products/PingPang221235.jpg?v=1666537303""}, {""id"": 41528690671799, ""sku"": """", ""title"": ""M / Crème"", ""price"": 50.0, ""compare_at_price"": null, ""available"": true, ""option1"": ""M"", ""option2"": ""Crème"", ""option3"": null, ""weight"": 0.0, ""requires_shipping"": true, ""featured_image"": ""https://cdn.shopify.com/s/files/1/0045/5291/7085/products/PingPang221454.jpg?v=1666537187""}, {""id"": 41528690704567, ""sku"": """", ""title"": ""M / Bleu Glacier"", ""price"": 50.0, ""compare_at_price"": null, ""available"": true, ""option1"": ""M"", ""option2"": ""Bleu Glacier"", ""option3"": null, ""weight"": 0.0, ""requires_shipping"": true, ""featured_image"": ""https://cdn.shopify.com/s/files/1/0045/5291/7085/products/PingPang222014.jpg?v=1666537274""}, {""id"": 41528690737335, ""sku"": """", ""title"": ""M / Gris"", ""price"": 50.0, ""compare_at_price"": null, ""available"": true, ""option1"": ""M"", ""option2"": ""Gris"", ""option3"": null, ""weight"": 0.0, ""requires_shipping"": true, ""featured_image"": ""https://cdn.shopify.com/s/files/1/0045/5291/7085/products/PingPang221235.jpg?v=1666537303""}, {""id"": 41528690770103, ""sku"": """", ""title"": ""L / Crème"", ""price"": 50.0, ""compare_at_price"": null, ""available"": true, ""option1"": ""L"", ""option2"": ""Crème"", ""option3"": null, ""weight"": 0.0, ""requires_shipping"": true, ""featured_image"": ""https://cdn.shopify.com/s/files/1/0045/5291/7085/products/PingPang221416.jpg?v=1666537303""}, {""id"": 41528690802871, ""sku"": """", ""title"": ""L / Bleu Glacier"", ""price"": 50.0, ""compare_at_price"": null, ""available"": true, ""option1"": ""L"", ""option2"": ""Bleu Glacier"", ""option3"": null, ""weight"": 0.0, ""requires_shipping"": true, ""featured_image"": ""https://cdn.shopify.com/s/files/1/0045/5291/7085/products/PingPang220835.jpg?v=1666537303""}, {""id"": 41528690835639, ""sku"": """", ""title"": ""L / Gris"", ""price"": 50.0, ""compare_at_price"": null, ""available"": true, ""option1"": ""L"", ""option2"": ""Gris"", ""option3"": null, ""weight"": 0.0, ""requires_shipping"": true, ""featured_image"": ""https://cdn.shopify.com/s/files/1/0045/5291/7085/products/PingPang220835.jpg?v=1666537303""}, {""id"": 41528690868407, ""sku"": """", ""title"": ""XL / Crème"", ""price"": 50.0, ""compare_at_price"": null, ""available"": true, ""option1"": ""XL"", ""option2"": ""Crème"", ""option3"": null, ""weight"": 0.0, ""requires_shipping"": true, ""featured_image"": ""https://cdn.shopify.com/s/files/1/0045/5291/7085/products/PingPang221454.jpg?v=1666537187""}, {""id"": 41528690901175, ""sku"": """", ""title"": ""XL / Bleu Glacier"", ""price"": 50.0, ""compare_at_price"": null, ""available"": true, ""option1"": ""XL"", ""option2"": ""Bleu Glacier"", ""option3"": null, ""weight"": 0.0, ""requires_shipping"": true, ""featured_image"": ""https://cdn.shopify.com/s/files/1/0045/5291/7085/products/PingPang220835.jpg?v=1666537303""}, {""id"": 41528690933943, ""sku"": """", ""title"": ""XL / Gris"", ""price"": 50.0, ""compare_at_price"": null, ""available"": true, ""option1"": ""XL"", ""option2"": ""Gris"", ""option3"": null, ""weight"": 0.0, ""requires_shipping"": true, ""featured_image"": ""https://cdn.shopify.com/s/files/1/0045/5291/7085/products/PingPang221246.jpg?v=1666537198""}, {""id"": 41528690966711, ""sku"": """", ""title"": ""XXL / Crème"", ""price"": 50.0, ""compare_at_price"": null, ""available"": true, ""option1"": ""XXL"", ""option2"": ""Crème"", ""option3"": null, ""weight"": 0.0, ""requires_shipping"": true, ""featured_image"": ""https://cdn.shopify.com/s/files/1/0045/5291/7085/products/PingPang220835.jpg?v=1666537303""}, {""id"": 41528690999479, ""sku"": """", ""title"": ""XXL / Bleu Glacier"", ""price"": 50.0, ""compare_at_price"": null, ""available"": true, ""option1"": ""XXL"", ""option2"": ""Bleu Glacier"", ""option3"": null, ""weight"": 0.0, ""requires_shipping"": true, ""featured_image"": ""https://cdn.shopify.com/s/files/1/0045/5291/7085/products/PingPang220835.jpg?v=1666537303""}, {""id"": 41528691032247, ""sku"": """", ""title"": ""XXL / Gris"", ""price"": 50.0, ""compare_at_price"": null, ""available"": true, ""option1"": ""XXL"", ""option2"": ""Gris"", ""option3"": null, ""weight"": 0.0, ""requires_shipping"": true, ""featured_image"": ""https://cdn.shopify.com/s/files/1/0045/5291/7085/products/PingPang220835.jpg?v=1666537303""}]",2022-10-29T18:22:38+02:00,2026-05-17T17:37:22+02:00,2022-10-23T16:54:53+02:00,2026-05-17T17:37:53
product,7227155972279,t-shirt-i-courage,https://pingpang.paris/products/t-shirt-i-courage,T-shirt I COURAGE,"RÈGLE N°8 : | Cultive ta créativité | La créativité relève d’une approche différente, d’un orgueil positif qui nous pousse à penser différemment.",http://pingpang.paris/cdn/shop/products/PingPang221627_800x.jpg?v=1678892728,"<p> </p>
<p data-mce-fragment=""1""><b data-mce-fragment=""1"">« COURAGE »  </b></p>
<p data-mce-fragment=""1""><i data-mce-fragment=""1""><span style=""font-weight: 400;"" data-mce-fragment=""1"">Tee-shirt 100 % Coton Organique, <strong>Doux </strong>et<strong> Résistant</strong>.<br>Pour un avenir durable et élégant.</span></i></p>
<p data-mce-fragment=""1""><span style=""font-weight: 400;"" data-mce-fragment=""1"">Cette pièce a été inspirée et soigneusement créée dans le but de vous proposer une expérience à la hauteur du club. <br data-mce-fragment=""1""><br data-mce-fragment=""1""></span>. Fit <strong>oversize </strong><span data-mce-fragment=""1"">(the model wears M and he is 1.80m)</span><br data-mce-fragment=""1"">. Etiquette ""Ping Pang Paris"" niveau hanche gauche  <br data-mce-fragment=""1"">. Broderie P3 ton sur ton sous encolure dos<br data-mce-fragment=""1"">. Fabriqué au Portugal (avec amour)<br data-mce-fragment=""1"">. Certifié GOTS<br data-mce-fragment=""1""><br data-mce-fragment=""1""><meta charset=""utf-8""><strong data-mce-fragment=""1"">Nos modèles sont unisexes :</strong><br data-mce-fragment=""1""><em data-mce-fragment=""1""><span data-mce-fragment=""1"">Pour les filles</span><span data-mce-fragment=""1""> </span>: prendre la taille en dessous de votre taille habituelle ou préférez un style oversize en gardant la même.<span data-mce-fragment=""1""> </span><br data-mce-fragment=""1""><span data-mce-fragment=""1"">Pour les garçons</span> : prendre la taille habituelle. </em></p>","« COURAGE » Tee-shirt 100 % Coton Organique, Doux et Résistant . Pour un avenir durable et élégant. Cette pièce a été inspirée et soigneusement créée dans le but de vous proposer une expérience à la hauteur du club. . Fit oversize (the model wears M and he is 1.80m) . Etiquette ""Ping Pang Paris"" niveau hanche gauche . Broderie P3 ton sur ton sous encolure dos . Fabriqué au Portugal (avec amour) . Certifié GOTS Nos modèles sont unisexes : Pour les filles : prendre la taille en dessous de votre taille habituelle ou préférez un style oversize en gardant la même. Pour les garçons : prendre la taille habituelle.",Ping Pang Paris,T-shirt,Le Club Collection,50.0,50.0,,,EUR,true,12,2,6,7,https://cdn.shopify.com/s/files/1/0045/5291/7085/products/PingPang221627.jpg?v=1678892728,https://cdn.shopify.com/s/files/1/0045/5291/7085/products/PingPang221627.jpg?v=1678892728 | https://cdn.shopify.com/s/files/1/0045/5291/7085/products/PingPang222051.jpg?v=1678892728 | https://cdn.shopify.com/s/files/1/0045/5291/7085/products/PingPang220188.jpg?v=1678892728 | https://cdn.shopify.com/s/files/1/0045/5291/7085/products/PingPang220359.jpg?v=1666535815 | https://cdn.shopify.com/s/files/1/0045/5291/7085/products/PingPang220369.jpg?v=1666535815 | https://cdn.shopify.com/s/files/1/0045/5291/7085/products/PingPang220228.jpg?v=1666535815 | https://cdn.shopify.com/s/files/1/0045/5291/7085/products/PingPang220842.jpg?v=1666535743,Crème | Gris,XS | S | M | L | XL | XXL,"[{""id"": 41528667144375, ""sku"": """", ""title"": ""XS / Crème"", ""price"": 50.0, ""compare_at_price"": null, ""available"": true, ""option1"": ""XS"", ""option2"": ""Crème"", ""option3"": null, ""weight"": 0.0, ""requires_shipping"": true, ""featured_image"": ""https://cdn.shopify.com/s/files/1/0045/5291/7085/products/PingPang221627.jpg?v=1678892728""}, {""id"": 41528667177143, ""sku"": """", ""title"": ""XS / Gris"", ""price"": 50.0, ""compare_at_price"": null, ""available"": true, ""option1"": ""XS"", ""option2"": ""Gris"", ""option3"": null, ""weight"": 0.0, ""requires_shipping"": true, ""featured_image"": ""https://cdn.shopify.com/s/files/1/0045/5291/7085/products/PingPang220359.jpg?v=1666535815""}, {""id"": 41528667242679, ""sku"": """", ""title"": ""S / Crème"", ""price"": 50.0, ""compare_at_price"": null, ""available"": true, ""option1"": ""S"", ""option2"": ""Crème"", ""option3"": null, ""weight"": 0.0, ""requires_shipping"": true, ""featured_image"": ""https://cdn.shopify.com/s/files/1/0045/5291/7085/products/PingPang220228.jpg?v=1666535815""}, {""id"": 41528667275447, ""sku"": """", ""title"": ""S / Gris"", ""price"": 50.0, ""compare_at_price"": null, ""available"": true, ""option1"": ""S"", ""option2"": ""Gris"", ""option3"": null, ""weight"": 0.0, ""requires_shipping"": true, ""featured_image"": ""https://cdn.shopify.com/s/files/1/0045/5291/7085/products/PingPang220359.jpg?v=1666535815""}, {""id"": 41528667340983, ""sku"": """", ""title"": ""M / Crème"", ""price"": 50.0, ""compare_at_price"": null, ""available"": true, ""option1"": ""M"", ""option2"": ""Crème"", ""option3"": null, ""weight"": 0.0, ""requires_shipping"": true, ""featured_image"": ""https://cdn.shopify.com/s/files/1/0045/5291/7085/products/PingPang221627.jpg?v=1678892728""}, {""id"": 41528667373751, ""sku"": """", ""title"": ""M / Gris"", ""price"": 50.0, ""compare_at_price"": null, ""available"": true, ""option1"": ""M"", ""option2"": ""Gris"", ""option3"": null, ""weight"": 0.0, ""requires_shipping"": true, ""featured_image"": ""https://cdn.shopify.com/s/files/1/0045/5291/7085/products/PingPang222051.jpg?v=1678892728""}, {""id"": 41528667439287, ""sku"": """", ""title"": ""L / Crème"", ""price"": 50.0, ""compare_at_price"": null, ""available"": false, ""option1"": ""L"", ""option2"": ""Crème"", ""option3"": null, ""weight"": 0.0, ""requires_shipping"": true, ""featured_image"": ""https://cdn.shopify.com/s/files/1/0045/5291/7085/products/PingPang221627.jpg?v=1678892728""}, {""id"": 41528667472055, ""sku"": """", ""title"": ""L / Gris"", ""price"": 50.0, ""compare_at_price"": null, ""available"": true, ""option1"": ""L"", ""option2"": ""Gris"", ""option3"": null, ""weight"": 0.0, ""requires_shipping"": true, ""featured_image"": ""https://cdn.shopify.com/s/files/1/0045/5291/7085/products/PingPang222051.jpg?v=1678892728""}, {""id"": 41528667537591, ""sku"": """", ""title"": ""XL / Crème"", ""price"": 50.0, ""compare_at_price"": null, ""available"": false, ""option1"": ""XL"", ""option2"": ""Crème"", ""option3"": null, ""weight"": 0.0, ""requires_shipping"": true, ""featured_image"": ""https://cdn.shopify.com/s/files/1/0045/5291/7085/products/PingPang221627.jpg?v=1678892728""}, {""id"": 41528667570359, ""sku"": """", ""title"": ""XL / Gris"", ""price"": 50.0, ""compare_at_price"": null, ""available"": true, ""option1"": ""XL"", ""option2"": ""Gris"", ""option3"": null, ""weight"": 0.0, ""requires_shipping"": true, ""featured_image"": ""https://cdn.shopify.com/s/files/1/0045/5291/7085/products/PingPang222051.jpg?v=1678892728""}, {""id"": 41528667635895, ""sku"": """", ""title"": ""XXL / Crème"", ""price"": 50.0, ""compare_at_price"": null, ""available"": true, ""option1"": ""XXL"", ""option2"": ""Crème"", ""option3"": null, ""weight"": 0.0, ""requires_shipping"": true, ""featured_image"": ""https://cdn.shopify.com/s/files/1/0045/5291/7085/products/PingPang221627.jpg?v=1678892728""}, {""id"": 41528667668663, ""sku"": """", ""title"": ""XXL / Gris"", ""price"": 50.0, ""compare_at_price"": null, ""available"": true, ""option1"": ""XXL"", ""option2"": ""Gris"", ""option3"": null, ""weight"": 0.0, ""requires_shipping"": true, ""featured_image"": ""https://cdn.shopify.com/s/files/1/0045/5291/7085/products/PingPang222051.jpg?v=1678892728""}]",2022-10-29T18:23:02+02:00,2026-05-17T17:37:22+02:00,2022-10-23T16:26:50+02:00,2026-05-17T17:37:54
product,9884953837901,kids-t-shirt-i-ping-pang-world-tour,https://pingpang.paris/products/kids-t-shirt-i-ping-pang-world-tour,Kids T-shirt I Ping Pang World Tour,"« Ping Pang World Tour » :  Tee-shirt 100 % Coton, Doux et Résistant Cette pièce a été inspirée et soigneusement créée dans le but de vous proposer une expérience à la hauteur du club. . Fit Classique. Print face logo PPP avec 5 raquettes en vert sapin. Print dos ""Liste des différents tournois PPWT 2025"" en vert sapin.",http://pingpang.paris/cdn/shop/files/PPWT-6_800x.jpg?v=1734628265,"<p><b>« Ping Pang World Tour » : </b></p>
<p><i><span style=""font-weight: 400;"">Tee-shirt 100 % Coton, <strong>Doux et Résistant</strong><br></span></i></p>
<p><span style=""font-weight: 400;"">Cette pièce a été inspirée et soigneusement créée dans le but de vous proposer une expérience à la hauteur du club. <br><br></span>. Fit Classique<br><meta charset=""utf-8"">. <meta charset=""utf-8"">Print face logo PPP avec 5 raquettes en vert sapin<br><meta charset=""utf-8"">. Print dos ""Liste des différents tournois PPWT 2025"" <meta charset=""utf-8"">en vert sapin<br>. Fabriqué au Portugal (avec amour)<br></p>","« Ping Pang World Tour » : Tee-shirt 100 % Coton, Doux et Résistant Cette pièce a été inspirée et soigneusement créée dans le but de vous proposer une expérience à la hauteur du club. . Fit Classique . Print face logo PPP avec 5 raquettes en vert sapin . Print dos ""Liste des différents tournois PPWT 2025"" en vert sapin . Fabriqué au Portugal (avec amour)",Ping Pang Paris,T-shirt,Xmas Collection,35.0,35.0,,,EUR,true,4,1,4,4,https://cdn.shopify.com/s/files/1/0045/5291/7085/files/PPWT-6.jpg?v=1734628265,https://cdn.shopify.com/s/files/1/0045/5291/7085/files/PPWT-6.jpg?v=1734628265 | https://cdn.shopify.com/s/files/1/0045/5291/7085/files/PPWT-8.jpg?v=1734628265 | https://cdn.shopify.com/s/files/1/0045/5291/7085/files/PPWT-7.jpg?v=1734628265 | https://cdn.shopify.com/s/files/1/0045/5291/7085/files/PPWT-9.jpg?v=1734628265,Blanc Creme,T 6ans | T 8ans | T 10ans | T 12ans,"[{""id"": 50733617381709, ""sku"": ""PPWT-T6-BLANC"", ""title"": ""T 6ans / Blanc Creme"", ""price"": 35.0, ""compare_at_price"": null, ""available"": true, ""option1"": ""T 6ans"", ""option2"": ""Blanc Creme"", ""option3"": null, ""weight"": 0.0, ""requires_shipping"": true, ""featured_image"": ""https://cdn.shopify.com/s/files/1/0045/5291/7085/files/PPWT-7.jpg?v=1734628265""}, {""id"": 50733617414477, ""sku"": ""PPWT-T8-BLANC"", ""title"": ""T 8ans / Blanc Creme"", ""price"": 35.0, ""compare_at_price"": null, ""available"": true, ""option1"": ""T 8ans"", ""option2"": ""Blanc Creme"", ""option3"": null, ""weight"": 0.0, ""requires_shipping"": true, ""featured_image"": ""https://cdn.shopify.com/s/files/1/0045/5291/7085/files/PPWT-7.jpg?v=1734628265""}, {""id"": 50733617447245, ""sku"": ""PPWT-T10-BLANC"", ""title"": ""T 10ans / Blanc Creme"", ""price"": 35.0, ""compare_at_price"": null, ""available"": true, ""option1"": ""T 10ans"", ""option2"": ""Blanc Creme"", ""option3"": null, ""weight"": 0.0, ""requires_shipping"": true, ""featured_image"": ""https://cdn.shopify.com/s/files/1/0045/5291/7085/files/PPWT-7.jpg?v=1734628265""}, {""id"": 50733617480013, ""sku"": ""PPWT-T12-BLANC"", ""title"": ""T 12ans / Blanc Creme"", ""price"": 35.0, ""compare_at_price"": null, ""available"": true, ""option1"": ""T 12ans"", ""option2"": ""Blanc Creme"", ""option3"": null, ""weight"": 0.0, ""requires_shipping"": true, ""featured_image"": ""https://cdn.shopify.com/s/files/1/0045/5291/7085/files/PPWT-7.jpg?v=1734628265""}]",2024-12-19T18:12:45+01:00,2026-05-17T17:37:22+02:00,2024-12-19T18:09:55+01:00,2026-05-17T17:37:55
